BirminghamAL,LittleRockAR,MesaAZ,PhoenixAZ,ScottsdaleAZ,TempeAZ,TucsonAZ,AlamedaCA,BerkeleyCA,BeverlyHillsCA,FresnoCA,IrvineCA,LosAngelesCA,OaklandCA,PiedmontCA,SacramentoCA,SanDiegoCA,SanFranciscoCA,SanJoseCA,SantaClaraCA,SunnyvaleCA,WestHollywoodCA,ColoradoSpringsCO,DenverCO,WashingtonDC,GainesvilleFL,HialeahFL,JacksonvilleFL,MiamiFL,OrlandoFL,PompanoBeachFL,TallahasseeFL,TampaFL,AtlantaGA,NorcrossGA,RoswellGA,SmyrnaGA,DesMoinesIA,BoiseID,ChicagoIL,HarwoodHeightsIL,IndianapolisIN,WichitaKS,LexingtonKY,LouisvilleKY,BatonRougeLA,NewOrleansLA,BostonMA,SomervilleMA,BaltimoreMD,TakomaParkMD,GrandRapidsMI,MinneapolisMN,StPaulMN,KansasCityMO,SpringfieldMO,StLouisMO,JacksonMS,CaryNC,CharlotteNC,DurhamNC,GreensboroNC,RaleighNC,LincolnNE,OmahaNE,NewarkNJ,AlbuquerqueNM,LasVegasNV,RenoNV,AlbanyNY,BuffaloNY,NewYorkNY,RochesterNY,SyracuseNY,CincinnatiOH,ClevelandOH,ColumbusOH,DaytonOH,OklahomaCityOK,TulsaOK,BeavertonOR,EugeneOR,PortlandOR,PhiladelphiaPA,PittsburghPA,StateCollegePA,ProvidenceRI,ColumbiaSC,GreenvilleSC,KnoxvilleTN,MemphisTN,NashvilleTN,AddisonTX,AustinTX,DallasTX,FtWorthTX,HoustonTX,IrvingTX,LubbockTX,McNeilTX,PlanoTX,SanAntonioTX,MidvaleUT,SaltLakeCityUT,ArlingtonVA,AshburnVA,HerndonVA,NorfolkVA,RestonVA,RichmondVA,BellevueWA,SeattleWA,SpokaneWA,MadisonWI,MilwaukeeWI
0.0051761398,0.0042669443,0.0040954661,0.0041230627,0.0041127078,0.0041823814,0.0042452168,0.0060841375,0.0060841375,0.0065337993,0.005388499,0.0065747121,0.0065337993,0.005494891,0.005494891,0.0053738587,0.0062810535,0.006237383,0.0053243125,0.0054967799,0.0053085608,0.0061895632,0.0022472818,0.0022892908,0.0035520384,0.0091827033,0.0127373345,0.0094884925,0.0128309304,0.0102645571,0.0128033828,0.0077127047,0.010601354,0.0050603932,0.0050122352,0.0049428217,0.0050406866,0.0022744786,0.00312688,0.0025320467,0.0025279693,0.0031403241,0.0030245168,0.0034934422,0.0034887807,0.0066282148,0.0076280439,0.0029842957,0.0029307276,0.0034525665,0.0035943238,0.0025004446,0.0016303359,0.001640995,0.0029822689,0.0034708116,0.0032198918,0.0054463547,0.0046167335,0.0045402943,0.0045753682,0.0041089533,0.0046215623,0.0023966505,0.0023623668,0.0033411682,0.0029112113,0.0033862399,0.0031695424,0.002585447,0.0026187085,0.0029417118,0.0026589491,0.0026219321,0.0032729057,0.0029820613,0.0031759033,0.0031504175,0.0037339346,0.003704772,0.0046286313,0.0051821285,0.0046329118,0.0033936234,0.0030106849,0.0029205186,0.0031372793,0.0054026894,0.0047681651,0.0044272866,0.0042167905,0.0040833516,0.0048867512,0.0059497089,0.0050044533,0.0048518734,0.0070243682,0.0049806175,0.0032669797,0.0057858668,0.004865954,0.0061061526,0.003152613,0.0031980846,0.0035520384,0.0034919658,0.0034936529,0.0048619707,0.0034800328,0.0038989422,0.0044354437,0.0044547986,0.003095424,0.0020919918,0.0023717227
0.0053742773,0.0046876269,0.0041058955,0.0040969542,0.0040995396,0.0041856535,0.0042005833,0.0062045639,0.0062045639,0.0064734,0.0052289066,0.0065281042,0.0064734,0.0055945941,0.0055945941,0.0053155486,0.0062247517,0.0063744854,0.0054777333,0.0056682153,0.0054756503,0.0061342306,0.0023411816,0.0024068437,0.003578822,0.0082331894,0.0123658526,0.0085520648,0.0124879533,0.0092577342,0.0124890346,0.007106021,0.0097129387,0.0051138505,0.0050460439,0.0049797616,0.0051051092,0.0021988186,0.0032075344,0.0026099922,0.0025987616,0.0033432717,0.003032871,0.0038656748,0.0038501151,0.0068811103,0.0076721898,0.0026776207,0.0026384457,0.0035015741,0.0036290346,0.0025787672,0.0015879648,0.0016055616,0.0029631134,0.0037046679,0.003430987,0.0058024658,0.0046188075,0.0046716141,0.0045588898,0.0042034908,0.0046101245,0.0022270175,0.0021800998,0.0032661186,0.0028409882,0.0033844875,0.0031473545,0.0024047314,0.0026351245,0.0032977759,0.0025837571,0.0025176241,0.0036683814,0.0031896536,0.0035341071,0.0034630818,0.0038562766,0.0038945853,0.0046302403,0.0054009285,0.0046248931,0.0033294613,0.0032461078,0.0030125196,0.0028859839,0.0053134304,0.0046970248,0.0047425307,0.0046129137,0.0044710179,0.0048443082,0.0056869172,0.0049431259,0.0047545964,0.0067723182,0.0049101078,0.0033471325,0.0055263856,0.0048349266,0.0057650662,0.003000651,0.0030317944,0.003578822,0.0035055807,0.0035081818,0.005222672,0.0034930894,0.0039369634,0.0045094382,0.0045334476,0.0031364087,0.002100096,0.0023914321
0.0047895233,0.0040501646,0.004285528,0.0043054748,0.0042966526,0.004378745,0.0043404495,0.0065281585,0.0065281585,0.0066264078,0.0053570623,0.0066143266,0.0066264078,0.0059178582,0.0059178582,0.0054751252,0.0063257384,0.0066839814,0.0057897245,0.0060014589,0.0058048943,0.0063270932,0.0025350085,0.0024703075,0.0036431347,0.0073184271,0.0117647576,0.007606324,0.0118937545,0.0084427441,0.0118360788,0.0063053823,0.0091980795,0.0047958906,0.004747074,0.0046855361,0.0047721149,0.0020918198,0.0033473533,0.0025950069,0.0025805604,0.0030982632,0.002636517,0.0036250115,0.0035113552,0.0057973708,0.0064643489,0.0026841003,0.0026438771,0.0035688434,0.0036977121,0.0025902879,0.0015684448,0.0015718292,0.0024901941,0.0032450472,0.0031800469,0.0048843896,0.0045482361,0.0045957851,0.0045145938,0.0041523208,0.0045483191,0.0021391764,0.0020861913,0.0032661479,0.0030069609,0.0038442297,0.0034225467,0.0024283913,0.0026127212,0.0031917259,0.0025581313,0.0025601302,0.0033909719,0.0031741323,0.0034161094,0.0032415795,0.0032562312,0.003291584,0.0047433911,0.0054517068,0.0047356853,0.0033827188,0.0032792563,0.0030711163,0.0029761622,0.005041158,0.0044797118,0.0044618274,0.0040384844,0.0040723469,0.0041793535,0.0050762542,0.0042667604,0.0041603392,0.0062184188,0.0042580021,0.0032480708,0.0049233497,0.0041711816,0.0052302118,0.0032140953,0.0032378842,0.0036431347,0.0035620972,0.003577492,0.0050833403,0.0035558076,0.0039873035,0.0045913203,0.0046139495,0.0031530005,0.0019906569,0.0023247736
0.0043248377,0.0038983668,0.0044759135,0.0045039365,0.0044785448,0.0045746927,0.0045230215,0.0063330911,0.0063330911,0.0069145776,0.0054626095,0.0070278766,0.0069145776,0.0057367644,0.0057367644,0.0054028797,0.0070684884,0.0064826203,0.0056002155,0.0057998769,0.0056160523,0.0066644057,0.0026348285,0.0025629306,0.0032214811,0.0066424943,0.0110014606,0.0070302096,0.0111373672,0.0078429411,0.011174053,0.0057006175,0.0083064422,0.0041872391,0.0041334734,0.0040874707,0.004170195,0.0022070071,0.0032949823,0.0024490561,0.0024523106,0.0027635564,0.0029242363,0.0031051592,0.0031009943,0.0062738759,0.0071107377,0.0026536415,0.0026054002,0.0031398762,0.0032630273,0.0025341707,0.0016385377,0.0016392266,0.0026773342,0.003161729,0.0028524457,0.0048974231,0.0038951325,0.004042203,0.0038860974,0.0036658745,0.0038903391,0.0023574974,0.0023189446,0.0030388436,0.0033401583,0.0041904859,0.0033499241,0.0023324078,0.0025656804,0.0031787417,0.0025535339,0.0024931717,0.0029517714,0.0027533901,0.0028688189,0.0028268533,0.0034586102,0.0034343425,0.004732813,0.0054311439,0.0047238839,0.0030374002,0.0028087839,0.0027039408,0.0029142182,0.0044092498,0.0039691814,0.0038750203,0.0037688481,0.0036049665,0.0044102568,0.005674912,0.0045103248,0.004399903,0.0069577585,0.0044994571,0.0033435568,0.0054883932,0.0043943641,0.0059536162,0.0034267378,0.0034651917,0.0032214811,0.0031592088,0.0031621863,0.0044399349,0.0031480474,0.0035100311,0.0044537196,0.004463113,0.0030543509,0.0019326467,0.0022645196
0.0053088111,0.0047700691,0.0044995396,0.004505484,0.0044902181,0.0045881812,0.0045934149,0.0062568733,0.0062568733,0.0066281132,0.0051293493,0.0067197358,0.0066281132,0.0056316563,0.0056316563,0.005126283,0.006603042,0.0064426326,0.0054967302,0.0057076358,0.0055305462,0.0063236576,0.0025326899,0.002483284,0.0032351014,0.0076613705,0.0119344847,0.0080866594,0.0120693989,0.0087611746,0.0120626705,0.0067191642,0.0092465195,0.0046855156,0.0046127753,0.0045420448,0.0046670833,0.0021965604,0.0030686455,0.0025841069,0.0025770017,0.0030596066,0.0028296969,0.0035008094,0.0035391899,0.0078264892,0.0087793097,0.0026076503,0.0025624781,0.0031552104,0.0032877979,0.0025851743,0.0016168736,0.0016291983,0.0027031674,0.0034784792,0.0031535986,0.0063567108,0.0040944667,0.0042012802,0.004061842,0.003729658,0.0040959392,0.0022959049,0.0022521816,0.0030683667,0.0033814622,0.0037091528,0.0031823323,0.0023932635,0.0026567813,0.0029837953,0.0026262205,0.0025219691,0.0032805521,0.0028480757,0.0031639618,0.0031369969,0.0034894604,0.0035422219,0.0044929917,0.005138875,0.0044871222,0.0030048597,0.0027953792,0.0026612882,0.0028557646,0.0047030215,0.0042741007,0.004309733,0.0045780757,0.0042268729,0.0050059434,0.0065360087,0.0051482448,0.004941067,0.0082602747,0.0051031757,0.0033241181,0.0063163368,0.0049979243,0.0068141986,0.0031471785,0.0031816368,0.0032351014,0.0031536882,0.003157266,0.0046319531,0.0031402788,0.0034940264,0.0043240261,0.004338392,0.0029519559,0.0020501233,0.0023562969
0.0057307946,0.0040909012,0.0042515484,0.0042707523,0.0042599064,0.0043398009,0.0043693547,0.0065600045,0.0065600045,0.0066742969,0.0052784177,0.0067056205,0.0066742969,0.0059823472,0.0059823472,0.0054110562,0.0065560243,0.0066843736,0.0058967427,0.0061032917,0.005901858,0.0063826122,0.0023824654,0.0023203023,0.0035057566,0.00867845,0.0125743983,0.0087939063,0.0127071229,0.0095946719,0.0126478729,0.0077033243,0.0102401743,0.0056252743,0.0055588997,0.0054568885,0.0056001573,0.0018006155,0.0031926936,0.0021978547,0.0021990644,0.0026831538,0.00243037,0.0034062184,0.0033464736,0.007399571,0.008370953,0.0028795819,0.0028400628,0.0034809219,0.0035660101,0.0022753396,0.0013509568,0.0013585064,0.0023548918,0.0028431644,0.002656878,0.0060711432,0.0048311615,0.004938351,0.0047791201,0.0043362132,0.004831676,0.0020013214,0.0019620043,0.0033472663,0.003193053,0.0036887177,0.003276408,0.0025219316,0.0025243819,0.0030082542,0.002528409,0.0025180587,0.0031230885,0.0027853462,0.0031137514,0.0029817809,0.0029747432,0.0029890276,0.0047304285,0.0053704719,0.0047339903,0.0033630378,0.002989651,0.0029471924,0.0031544639,0.005655725,0.0051287094,0.0047670858,0.004051103,0.0040545849,0.0041599221,0.0055745745,0.004284995,0.0041220943,0.0071681668,0.0042496141,0.00294982,0.0053665019,0.0041624162,0.0058610044,0.0031466255,0.0031826686,0.0035057566,0.0034213378,0.0034318361,0.0052517674,0.0034132462,0.004037583,0.0044861851,0.004513267,0.003198024,0.0017080411,0.0020203061
0.0045959715,0.0037155802,0.0042678568,0.004284878,0.0042738745,0.0043560346,0.0043642554,0.0067268425,0.0067268425,0.0067918339,0.0054411856,0.0068710922,0.0067918339,0.0061580689,0.0061580689,0.0056003259,0.0067486099,0.0068337613,0.0060094387,0.0062072599,0.0059920811,0.0065097783,0.002380029,0.002411871,0.0031241016,0.0079425912,0.0124466064,0.008256813,0.0125779818,0.0092683849,0.0125100557,0.0067455082,0.0098460016,0.0045915189,0.004537147,0.0044624957,0.0045592248,0.0019496726,0.0034239047,0.0020351733,0.0020299101,0.0023862731,0.0026278441,0.0029604856,0.0029558901,0.0062101399,0.0072158354,0.0024322839,0.0023935106,0.0030634516,0.0031891967,0.0020444856,0.0014962024,0.0014997646,0.0024974205,0.0028649507,0.0025005344,0.0048898319,0.0041824418,0.0043241394,0.0041490338,0.0038346977,0.0041855311,0.0020995635,0.0020410691,0.0029023734,0.0031580043,0.0037406616,0.0032541509,0.0022196752,0.0021596589,0.0032740271,0.0021885783,0.0021528946,0.0027262752,0.0023681175,0.002682505,0.0025620495,0.0031644128,0.0030896302,0.0049358995,0.0056067061,0.0049437578,0.002963204,0.0026778193,0.0026079682,0.0026678516,0.0049808405,0.0043308203,0.0040695228,0.0036665875,0.0034925302,0.0039966951,0.0050191493,0.0041031837,0.0039835906,0.0064020604,0.0040833097,0.0031616854,0.0048617687,0.0039948413,0.0052401337,0.0033400175,0.0033795116,0.0031241016,0.0030231696,0.0030335019,0.0046078175,0.0030182196,0.0036792849,0.0045111436,0.0045199745,0.0032563661,0.0017070281,0.0019468295
0.0046464328,0.0038557571,0.0042986941,0.0043023639,0.004301634,0.0043879295,0.0042576142,0.0067178229,0.0067178229,0.0067647111,0.0057510965,0.0068765083,0.0067647111,0.0061388028,0.0061388028,0.0056753799,0.006644025,0.0068310194,0.0059483597,0.0061299215,0.0059087205,0.0064890906,0.0023937573,0.0024452042,0.0029669762,0.0074603613,0.0120221613,0.0078128287,0.0121618602,0.0086251641,0.0121663779,0.006346154,0.0092060772,0.004343213,0.0042959679,0.0042351967,0.0043359616,0.0020843786,0.003564074,0.002217863,0.0022187439,0.0025705266,0.0027153675,0.0030469193,0.0030687453,0.0064594352,0.0074763693,0.0024070943,0.002373537,0.0028873804,0.0030321807,0.0022456276,0.0015275273,0.0015363231,0.0025966071,0.0030574846,0.0027443887,0.0052551589,0.0037411484,0.0038858391,0.0037079637,0.0034418068,0.0037403345,0.0021642693,0.0021092932,0.002857612,0.0029910149,0.0039312708,0.0034197573,0.0022650259,0.0022597186,0.0028365922,0.0023040384,0.002259463,0.0027586804,0.0024939158,0.0027091932,0.0026374439,0.0033211783,0.0032333352,0.0051318708,0.0056634886,0.005142709,0.0028231946,0.002566146,0.0024766717,0.0026706047,0.004415729,0.00397973,0.0039818575,0.0038465408,0.0035351436,0.0043733141,0.0054815384,0.0044966186,0.0043938259,0.0069326498,0.004484078,0.0031650852,0.0053103467,0.0043553846,0.0056017648,0.0034650059,0.0035031139,0.0029669762,0.002862072,0.0028678481,0.0043836387,0.0028563335,0.0032881033,0.004700475,0.0046998417,0.003348074,0.0018813943,0.0021276505
0.0046457689,0.0040858564,0.0043545304,0.0043605918,0.0043611686,0.0044476488,0.0043343856,0.006503286,0.006503286,0.0069105179,0.0057357991,0.0068910519,0.0069105179,0.0059167453,0.0059167453,0.0055082207,0.0064943099,0.006632395,0.0056435658,0.0058274634,0.0056227616,0.0065855012,0.002527737,0.0024677248,0.0030064281,0.0076411327,0.0117852774,0.0079512806,0.0119174483,0.0085850715,0.0118896709,0.0064965889,0.0092315094,0.0042663396,0.0042275476,0.0041615552,0.0042530524,0.0020740283,0.0035515929,0.0022651245,0.002271046,0.0025694632,0.0027696186,0.0031735219,0.0030553354,0.0063601231,0.0074136245,0.0024250295,0.0023950292,0.0029099076,0.0030655778,0.0022949795,0.0016011224,0.0016102349,0.0025707568,0.0030024568,0.0026951644,0.0052614821,0.0037735927,0.0038294681,0.0037356931,0.0034624125,0.0037732319,0.0021714342,0.0021498776,0.002830934,0.0031346304,0.0040616644,0.00336792,0.0022339674,0.0023590708,0.0028027793,0.0023603267,0.0023047774,0.0027995108,0.0025755736,0.0027463774,0.0026684049,0.0033065863,0.0032274457,0.0050704158,0.0056014106,0.0050713616,0.0028163059,0.0026274618,0.0024836313,0.0026030955,0.0043648535,0.0039771813,0.0039158104,0.0039891193,0.0037183391,0.0042482661,0.0055391616,0.0043548561,0.0041815127,0.00683973,0.0043156658,0.003023421,0.0053336387,0.004245403,0.0058037023,0.0036091717,0.0036463658,0.0030064281,0.002909249,0.0029130594,0.0044394535,0.0029023462,0.0033046406,0.0047251175,0.0047251446,0.003341262,0.0019512332,0.0021931748
0.0045959424,0.0041482306,0.0045304151,0.0045594998,0.0045484509,0.0046289957,0.0044710898,0.0064271378,0.0064271378,0.0069349934,0.0055055754,0.0069309212,0.0069349934,0.0058095705,0.0058095705,0.0054017757,0.0065544427,0.0065874479,0.0056211257,0.0058294462,0.0056519319,0.0066208747,0.0024963773,0.0025560036,0.0029115326,0.0071659643,0.0112538892,0.0073496663,0.0113886795,0.0081017576,0.011309383,0.0062167646,0.0087429493,0.0041986451,0.0041264844,0.0040753837,0.0041861372,0.0020884049,0.0036154825,0.0022815837,0.0022793872,0.0026428774,0.002687049,0.003182966,0.0031651788,0.0064808226,0.0073783775,0.0024095559,0.0023849479,0.002827801,0.0029772451,0.0023753493,0.0016379847,0.0016528399,0.0025481615,0.0031195615,0.0028482962,0.0054287278,0.003732299,0.0037378625,0.0036970299,0.0033835281,0.0037367663,0.0021681962,0.0021581413,0.0028230948,0.0032506307,0.0039400698,0.0033706691,0.0021753069,0.0023619517,0.0027681802,0.0023813205,0.0022738642,0.0028523663,0.0025908903,0.0026966507,0.0026330826,0.0032329597,0.0032599198,0.0048712174,0.005448683,0.004877241,0.0027631688,0.0025692788,0.0024272924,0.0026170031,0.0043216003,0.0038023,0.0039067576,0.0040536149,0.0037168587,0.0043817104,0.0055134122,0.0044852024,0.004329483,0.0067818889,0.0044552215,0.0029761684,0.0053227549,0.004385241,0.0057152528,0.0034926505,0.0035255238,0.0029115326,0.0028024788,0.0028113177,0.0044162747,0.0027996128,0.0032115469,0.004698074,0.0047161083,0.0032553646,0.0019894799,0.0022191146
0.0046231953,0.0043934016,0.004520409,0.004545884,0.0045372208,0.0046169667,0.0045044,0.0063612542,0.0063612542,0.0067538639,0.0056438115,0.0067694528,0.0067538639,0.0057511434,0.0057511434,0.0054567542,0.0064761059,0.006518417,0.0057398615,0.0058931736,0.0056612941,0.0064816163,0.0023460816,0.0023216215,0.0030083781,0.007250509,0.0113802781,0.0075987549,0.0115137854,0.0082452101,0.0114978743,0.0063152688,0.0087383219,0.0042185601,0.0041844823,0.0041500531,0.0042105854,0.0021021884,0.0034300312,0.0023683009,0.0023671241,0.0028413531,0.0027760762,0.0034954792,0.003529166,0.0064413911,0.0075301981,0.0024554504,0.0024294049,0.0029515,0.0030723281,0.0024510774,0.0016999245,0.0017182686,0.0026358654,0.0032901186,0.0030900929,0.0053306606,0.0038803875,0.0040208476,0.0038494774,0.003606059,0.0038819979,0.0021762061,0.0021318866,0.0029568163,0.0032232299,0.003898009,0.0033196201,0.002226883,0.0024259368,0.0027620299,0.0024423646,0.0023717781,0.003208466,0.0027456337,0.0030371601,0.0028320847,0.0032929977,0.0033035193,0.0047449729,0.0052253319,0.0047482865,0.002895659,0.002769251,0.002576226,0.0026603427,0.0044943899,0.0039948604,0.0041044556,0.0043120679,0.0040427661,0.0046309314,0.0057330141,0.0047555957,0.0045606269,0.0068507005,0.0047101814,0.0030096943,0.0055603488,0.0046309359,0.0058345911,0.0032984767,0.0033390684,0.0030083781,0.0029073149,0.0029092101,0.0045940403,0.0029023417,0.0034008823,0.004594626,0.0046256729,0.0032605361,0.0020602616,0.0023220165
0.0047733562,0.0041303038,0.0043670085,0.004393622,0.0043852901,0.0044605526,0.0043390432,0.0063692201,0.0063692201,0.0067748274,0.0057072271,0.0068155115,0.0067748274,0.0057719465,0.0057719465,0.0055457139,0.0065915101,0.006516551,0.0056578632,0.0058519052,0.0056583854,0.0064415549,0.0023188839,0.0022904172,0.0032988972,0.0072195944,0.0113089858,0.007682076,0.0114556052,0.0080977128,0.0114068177,0.0063021882,0.0087146726,0.004454616,0.0044169434,0.004360575,0.0044417188,0.0020398097,0.0034989224,0.0023322486,0.0023291913,0.0027369823,0.0025485191,0.0034107368,0.0033553698,0.0062908031,0.007308891,0.0027029625,0.0026673514,0.0032194878,0.0033555986,0.0024064705,0.0016808566,0.0016865462,0.0023526313,0.0029226267,0.0028144122,0.0052663063,0.0041489781,0.0042271705,0.004104275,0.0037954712,0.0041537132,0.0021004306,0.002052976,0.0031240795,0.0030855286,0.0038969917,0.0033093316,0.0023265736,0.0024171854,0.0028752069,0.0024113191,0.0023492198,0.0031520146,0.0028318486,0.0030390882,0.0028460285,0.0030248247,0.002987767,0.0047925385,0.005297851,0.0048051257,0.0031142264,0.0028788313,0.0027040319,0.0028910538,0.0047232795,0.0041584437,0.0042192771,0.0041508562,0.0039111726,0.0038219823,0.0048799451,0.0039238583,0.0037981285,0.0061783667,0.0039002118,0.0029177333,0.0047086524,0.0038242615,0.0050735753,0.0033590505,0.0034020526,0.0032988972,0.0032110594,0.0032136573,0.0048242826,0.0032043049,0.0036692347,0.0046121729,0.0046172087,0.0033790101,0.0019547021,0.0022711087
0.0046758698,0.0038959771,0.0044640724,0.004491972,0.0044764366,0.0045605981,0.0043161422,0.0063724099,0.0063724099,0.0069710415,0.0055054318,0.0070655019,0.0069710415,0.0057578849,0.0057578849,0.0055225755,0.0068791505,0.0065372339,0.0056658415,0.0058886276,0.0057098679,0.0066578102,0.0023263731,0.0023532148,0.0031771745,0.0071772252,0.0115794272,0.0075911141,0.0117007023,0.0083042023,0.0116406415,0.0059519096,0.0086740498,0.0042843696,0.0042317078,0.0041955137,0.0042853738,0.0020735413,0.0036371488,0.0023816726,0.0023796392,0.0027367786,0.0027352535,0.0032812148,0.0032626224,0.0060674052,0.0068718556,0.0025046957,0.0024720977,0.0031364571,0.0032317529,0.0024422932,0.0016349344,0.0016388951,0.0025211406,0.0029649858,0.002721874,0.0051826403,0.0039854637,0.0039889512,0.0039549679,0.0036515446,0.0039888175,0.0022654861,0.002189592,0.0030139245,0.0030015335,0.0038021405,0.003280553,0.0022394488,0.0024735158,0.0030460184,0.0025319995,0.0023790554,0.0030480585,0.0028201457,0.0029437644,0.002775813,0.003178849,0.003110858,0.0049162314,0.0054620974,0.0049075088,0.0030151589,0.0027840418,0.0027633366,0.0027405106,0.0044017238,0.0040045109,0.0040778016,0.0039340229,0.0037594295,0.0039879052,0.0049356288,0.00408065,0.0039251958,0.006127907,0.0040508948,0.0028970629,0.0047640503,0.0039859146,0.0051224382,0.0034539425,0.003484154,0.0031771745,0.0030974842,0.0030929085,0.0044507255,0.003081088,0.0034871991,0.0046615655,0.0046762675,0.003560404,0.002021684,0.002319425
0.0045708656,0.0040518917,0.004454593,0.0044821066,0.0044690052,0.0045500694,0.0043477444,0.006578324,0.006578324,0.0071210768,0.0055957861,0.0072443813,0.0071210768,0.0059877156,0.0059877156,0.0055379042,0.0071739594,0.0067125691,0.0061860656,0.0063717587,0.0061365003,0.0068788194,0.0023015212,0.0023682035,0.0032906484,0.0072514648,0.0114298155,0.0075548092,0.0115448054,0.0082727634,0.0114745377,0.0061194675,0.0088132651,0.0043112286,0.0042449029,0.0041900773,0.0042936206,0.0019878635,0.0035739028,0.0023699899,0.0023703514,0.0027608891,0.002956283,0.0033227384,0.0033073877,0.0061833882,0.0072520948,0.0027086582,0.0026852981,0.0032065759,0.0033254356,0.0023399071,0.0015032632,0.001527149,0.0027969354,0.0032895969,0.0029018476,0.005111849,0.0040316616,0.0040370234,0.0039790734,0.0036908432,0.0040313227,0.0022120358,0.0021148128,0.003125063,0.0030816684,0.0039475958,0.0035306976,0.0023264759,0.0024749668,0.002956737,0.0025940352,0.0024400043,0.0030559839,0.0027594172,0.0029421797,0.0028644595,0.0036375368,0.0035786302,0.0047406799,0.0051237038,0.0047424597,0.003124763,0.0028147623,0.0028295842,0.0029579835,0.004541854,0.0040062057,0.0040641516,0.0038995375,0.0036952049,0.0046010264,0.0055516375,0.0047089038,0.004571133,0.0066218649,0.0046875212,0.0032351024,0.0053852198,0.0045836122,0.0056992306,0.0034849205,0.0035174219,0.0032906484,0.0032398016,0.0032377998,0.0045270439,0.0032261491,0.0035831759,0.004479075,0.0045047816,0.0032149715,0.001959066,0.0022099576
0.0045701163,0.0046721889,0.0044962434,0.0045242017,0.004507207,0.0045890816,0.0045426271,0.0064047986,0.0064047986,0.0068855368,0.0057345542,0.0070343292,0.0068855368,0.0058178146,0.0058178146,0.0055473406,0.0070465285,0.0065471174,0.0058197333,0.0059794962,0.0057613882,0.0067086309,0.0024790312,0.0024952708,0.0031778328,0.0072956214,0.011685762,0.0077058662,0.0117957988,0.0085338478,0.0117619481,0.0060630849,0.008888587,0.0042976728,0.0042462443,0.0042013925,0.0042861252,0.0022326979,0.003439851,0.0025126396,0.0024951729,0.0028898134,0.0031512441,0.0032382825,0.0032690915,0.0066138556,0.007529325,0.0026127929,0.002593655,0.0031387495,0.0032407214,0.002417605,0.0017033788,0.0017161767,0.0030458958,0.0037818951,0.003228449,0.0053853236,0.0039391054,0.0040282991,0.0039038995,0.0036654859,0.0039367912,0.0023082371,0.0022647958,0.0030083457,0.0032212844,0.0041361306,0.0034545059,0.0022992543,0.0024064984,0.0030864391,0.0024487547,0.0023705307,0.0030267144,0.0026487523,0.0028675866,0.0027841648,0.0041479965,0.0040235066,0.004815242,0.0052823458,0.0048115524,0.0030684748,0.0027067898,0.0026522779,0.002850095,0.0045058207,0.0040222787,0.0039638779,0.0042671642,0.003741116,0.005503241,0.0069571312,0.0056501524,0.0054824243,0.0079269413,0.0056184299,0.0034650076,0.0067581354,0.0054744847,0.0070648976,0.0034056049,0.0034449681,0.0031778328,0.0030842158,0.003088654,0.0044414634,0.0030756839,0.0034673707,0.0045409764,0.0045641167,0.0032903184,0.0021224705,0.0023186969
0.0053393955,0.0052562535,0.004519905,0.0045551338,0.0045387224,0.0046160248,0.0045489179,0.0064128135,0.0064128135,0.0066373698,0.0056630997,0.0067228097,0.0066373698,0.0058548743,0.0058548743,0.0055513517,0.0066871063,0.0065247615,0.0058329719,0.005991,0.0057709028,0.0063840267,0.0025708634,0.0025095915,0.002984691,0.0078064406,0.0115279531,0.0081279833,0.0116356993,0.0087024757,0.0116560535,0.0068966215,0.0091941576,0.004707292,0.0046450983,0.0045827212,0.0047030243,0.002163326,0.0033893116,0.0025814358,0.0025669014,0.0031363069,0.0030163017,0.0035281,0.0035377569,0.0075384337,0.0083837778,0.0026206681,0.0025955083,0.0029252559,0.0030383872,0.0026048882,0.0016736778,0.0016853372,0.0028516955,0.0037574528,0.0034055215,0.006350125,0.0038255535,0.0039487753,0.0037767167,0.0035438899,0.0037982917,0.0022311896,0.0021738201,0.0029411285,0.0032745116,0.0041148347,0.0034467111,0.0023415611,0.0025825854,0.0029629578,0.0025989566,0.0024463042,0.0032392788,0.0028986073,0.0030748017,0.0030054476,0.0038738264,0.0038541403,0.0046660677,0.0050907656,0.0046717264,0.0029078309,0.0028061146,0.0026277549,0.0028916337,0.0045057316,0.0042018257,0.0041435017,0.0049051517,0.0043180938,0.0054298309,0.006893125,0.0055560733,0.0053789059,0.0083211972,0.0055236858,0.0033723403,0.0066747313,0.0054181594,0.0072385469,0.0034744887,0.0035137203,0.002984691,0.0029030997,0.0029008243,0.0042227007,0.002890508,0.0032495667,0.004413775,0.0044353465,0.003223791,0.0020942795,0.0023403597
0.0058639974,0.0047973991,0.0040540234,0.0040762227,0.0040689599,0.0041384304,0.0040131655,0.0064160059,0.0064160059,0.0066721618,0.0056309253,0.0067303844,0.0066721618,0.0058534323,0.0058534323,0.0054917948,0.0065721875,0.006534174,0.0056803455,0.0058792101,0.0056980489,0.0064303469,0.0026742116,0.002656405,0.0033145832,0.0081612779,0.0120083964,0.008415795,0.0121489193,0.0090348925,0.0121448648,0.0076538467,0.0096126446,0.0054022012,0.0052921147,0.0052283606,0.0054033012,0.001982654,0.0034050186,0.0022999238,0.0022898012,0.00291463,0.0027144589,0.0034394759,0.0034482592,0.0079587096,0.0090364748,0.0026791974,0.0026424818,0.0032459332,0.0033599241,0.0024508432,0.0014768536,0.0014881207,0.0024881137,0.0031718102,0.0029473238,0.0069062054,0.0044379575,0.0044572193,0.0043576554,0.0039783786,0.0044136057,0.0022331585,0.0021713616,0.0030374349,0.0032314804,0.0039538733,0.0034050889,0.0024701453,0.0025752224,0.0029012573,0.0026822998,0.0025654092,0.0030400002,0.0027677273,0.0029484759,0.0028797835,0.0034695648,0.0033966606,0.0048193743,0.0052703073,0.0048248465,0.0030810373,0.0028021835,0.002778996,0.002862203,0.0050905627,0.0046065641,0.0044041825,0.0045994766,0.0042410832,0.0051474912,0.0065871238,0.005295653,0.0051755339,0.0079834113,0.0052802596,0.0035233325,0.0063771342,0.0051241172,0.0069109613,0.0034988915,0.0035471745,0.0033145832,0.0032375349,0.0032439575,0.0047771727,0.0032310276,0.0037508089,0.0046194156,0.0046490663,0.0032528184,0.0019037266,0.0021252564
0.0052139627,0.0043163464,0.0038582497,0.0038853278,0.0038726306,0.0039411528,0.0038126462,0.0062474198,0.0062474198,0.006700941,0.0053126819,0.0068195198,0.006700941,0.0056839493,0.0056839493,0.0053584691,0.0068145382,0.0063758542,0.0054059208,0.0056529563,0.0054993448,0.0064561531,0.0025657993,0.0025637285,0.0030349905,0.0082197075,0.0125187728,0.0084998793,0.012653904,0.0094443203,0.0126145683,0.0071689175,0.009969854,0.0050409064,0.0049013873,0.0048604741,0.0050210283,0.0021800623,0.0034252094,0.0022111957,0.002207528,0.0026403391,0.0029566846,0.0031189512,0.0031426741,0.0072045293,0.0080814818,0.0025873849,0.0025455932,0.0030017148,0.0030759981,0.0021828429,0.0016279932,0.001630055,0.0028144412,0.0032502498,0.0028964415,0.0060951293,0.0041377339,0.004317288,0.0040942373,0.0037976748,0.004134338,0.002398538,0.0023088845,0.0028818793,0.0030723056,0.0037264674,0.0031438306,0.0024113227,0.0023754932,0.0029864957,0.0025326516,0.0024954471,0.0028179009,0.0025497186,0.0027192759,0.0026539293,0.0035883363,0.0035874255,0.0047109135,0.0052296899,0.0047150465,0.0028951821,0.0026760964,0.0026325613,0.0027945696,0.0051046703,0.0044085679,0.0041427717,0.0041879415,0.0038227991,0.0049282714,0.0062801752,0.0050587172,0.0049385696,0.0074877471,0.005042329,0.0032681269,0.0060940526,0.0049135023,0.0063942481,0.0033010142,0.0033402906,0.0030349905,0.0029794554,0.0029913967,0.0043944036,0.0029707453,0.003532953,0.0045739698,0.0046159542,0.0032110208,0.0019191533,0.0020756311
0.0049211557,0.0042843821,0.0039779318,0.004006605,0.0039898686,0.0040625571,0.004079172,0.0061303981,0.0061303981,0.0064272106,0.0052214918,0.0065145162,0.0064272106,0.005562805,0.005562805,0.0053364491,0.006524937,0.0062681703,0.0053667023,0.0055761606,0.005409013,0.0061841266,0.0022810894,0.0022496488,0.0029993545,0.0076728882,0.0125645278,0.0078089115,0.0126711587,0.0090325962,0.012583868,0.0064041642,0.0096583486,0.0044629139,0.0044109528,0.0043696226,0.0044476094,0.0021180655,0.0033934033,0.0022573179,0.0022548491,0.0027542149,0.0027277297,0.0032491587,0.0032576528,0.0066998217,0.0074693561,0.0025451587,0.0025149358,0.0029534351,0.0030555111,0.0022206997,0.0015174568,0.0015276457,0.0025682502,0.0030843936,0.0027603259,0.005599895,0.003875524,0.0040257181,0.0038185528,0.0035712059,0.0038683354,0.0022553898,0.002173879,0.0028772528,0.0029982689,0.0035178773,0.0031578335,0.0023504757,0.0023798792,0.0028468606,0.0024630965,0.0024006066,0.0029508264,0.0026941226,0.0028695503,0.0027934132,0.0033086273,0.0033696859,0.0047198338,0.0051307363,0.0047261134,0.0028983719,0.0027931528,0.0026046208,0.0027306392,0.0046993719,0.0039976785,0.0040819389,0.0041563248,0.0039382234,0.0046121332,0.0058730418,0.0047430884,0.0046006762,0.0068719915,0.00471652,0.0030665405,0.0057084224,0.0045939047,0.0059952696,0.0031253748,0.0031682783,0.0029993545,0.0029194903,0.0029215361,0.0042760017,0.0029059128,0.0032967344,0.0046441839,0.0046824602,0.0033668346,0.0018990877,0.002103371
0.0045610689,0.0043640422,0.0039921634,0.0040120023,0.0040033582,0.0040751252,0.0040168679,0.0062331495,0.0062331495,0.0066639321,0.0052145203,0.0067634578,0.0066639321,0.0056621363,0.0056621363,0.0054338109,0.0067929273,0.0063675234,0.0055595672,0.0057693498,0.0055802818,0.0063978613,0.0022820238,0.0022845241,0.0028558476,0.0071837135,0.0117345538,0.0075289365,0.0118541306,0.008364274,0.0118316955,0.006080683,0.008819468,0.0043143531,0.0042766656,0.0042224781,0.0042991761,0.002316171,0.0033367536,0.0024349179,0.0024323755,0.0027856115,0.0027755224,0.0030919854,0.0032348111,0.0062330609,0.0069405953,0.0023562066,0.0023280101,0.0027759931,0.0029245847,0.0023487427,0.0018306391,0.0018489526,0.0027422023,0.0033928998,0.0030047002,0.0052427311,0.0039061365,0.0040497938,0.0038471722,0.0035080184,0.0038998222,0.0023406342,0.0023063203,0.0027031962,0.0029265946,0.003429604,0.0031145717,0.0021658743,0.0021364913,0.002824291,0.002203776,0.0021236389,0.0028766212,0.0024591274,0.0027073715,0.0027358927,0.0033629634,0.003464878,0.0047671582,0.0052342505,0.0047749554,0.002707575,0.0025305292,0.0023486951,0.0024861587,0.0046324007,0.0039440222,0.0039686844,0.004088229,0.0037718946,0.0045932877,0.0057321658,0.0047053213,0.0045468731,0.0067341155,0.0046753804,0.0032474613,0.0055560346,0.0045907523,0.0059451488,0.003076803,0.0031095943,0.0028558476,0.0027397955,0.0027580299,0.0043637073,0.0027492708,0.0033164691,0.0046872186,0.0047100561,0.0033781102,0.0021971026,0.0023421252
0.004979968,0.0045901837,0.0038423043,0.0038567241,0.0038479703,0.0039204894,0.0039077564,0.0063926969,0.0063926969,0.0067685378,0.0051920042,0.0068842024,0.0067685378,0.0057931399,0.0057931399,0.0055600879,0.0068311156,0.0065430795,0.0056344535,0.0058408174,0.0056502385,0.0064728497,0.0020920123,0.0021232964,0.0029791049,0.0072012031,0.0115411208,0.0075861819,0.0116399799,0.0083356396,0.0115867816,0.0061592312,0.0088609583,0.0044315545,0.0043703038,0.0043212896,0.0044291636,0.0024326233,0.0032631161,0.0026506302,0.0026447351,0.0031040924,0.0030648813,0.003401666,0.003580951,0.0070234462,0.0077335611,0.0024268365,0.0024083986,0.0029119292,0.0030087392,0.0027056125,0.0018675406,0.0018901389,0.0030333271,0.0036350733,0.0033723076,0.0057686417,0.0039274583,0.0040057757,0.0038789681,0.0035558302,0.0039300674,0.0024997875,0.0024710927,0.0028072705,0.0028439623,0.0033892566,0.0031533083,0.0022984076,0.0024938347,0.0026489292,0.0025191257,0.0023710618,0.0031760576,0.0028296233,0.0029967892,0.0029994299,0.0036778663,0.003690441,0.0049144396,0.0052872302,0.0049230611,0.0027846819,0.0027364844,0.0025389531,0.0025976233,0.0044652347,0.0040353201,0.0040631722,0.0044036847,0.0040987431,0.0047671979,0.0059418632,0.0048876163,0.004725217,0.0071742524,0.0048555507,0.0031182976,0.0057592833,0.0047628965,0.0060794691,0.002923595,0.0029569707,0.0029791049,0.0029483073,0.0029427955,0.0044282809,0.0029386441,0.0033804674,0.0046836476,0.0047059507,0.0033098212,0.0022978813,0.0025730917
0.0050568387,0.0046254505,0.0038407042,0.0038568517,0.0038487017,0.003920316,0.0039224108,0.0064074302,0.0064074302,0.0068388108,0.0055723865,0.0068824736,0.0068388108,0.0058602035,0.0058602035,0.0056343354,0.0066669632,0.0065083052,0.0057621385,0.0059196087,0.0056940528,0.006554392,0.0021939764,0.0022528823,0.0034681606,0.0078819811,0.0117326425,0.0081398804,0.0118374238,0.0087637651,0.0118041526,0.0070622585,0.0095182679,0.0048297293,0.00476113,0.0046934214,0.0048132807,0.0023183043,0.0033401542,0.0027056953,0.002697862,0.0032537766,0.0028890846,0.003551254,0.0036890071,0.0069436776,0.0076553332,0.0028141245,0.0027741116,0.0034956238,0.0035027668,0.0027499356,0.0016989519,0.0017200071,0.0028166977,0.0035431123,0.003263271,0.0055697543,0.0046541068,0.0045438644,0.0045809714,0.0040811488,0.0046676478,0.0023881116,0.0023429943,0.003335862,0.0027848424,0.003454016,0.0033404392,0.002547697,0.0028342741,0.0027519514,0.0028210516,0.0027278068,0.0033949613,0.0031180842,0.0032477564,0.0032152238,0.0035562877,0.0035769231,0.0049393695,0.0052937177,0.0049442125,0.0033563971,0.0030606179,0.0029162766,0.0031006759,0.0051281891,0.0043504849,0.004397004,0.004478287,0.0042117884,0.0048562259,0.0060842293,0.0049829134,0.0048141748,0.0072994627,0.0049479561,0.0030846523,0.0059008724,0.0048489029,0.0061274911,0.0030844028,0.0031090528,0.0034681606,0.0034507186,0.0034425578,0.0052445436,0.003445987,0.0041303727,0.004837458,0.004845974,0.0034136167,0.0022455286,0.002527947
0.004977425,0.0044144774,0.0038797101,0.0038897222,0.003883667,0.0039600632,0.0038680132,0.0063056217,0.0063056217,0.0068793411,0.0056027915,0.0069193977,0.0068793411,0.0057417498,0.0057417498,0.0054692116,0.00646092,0.0064285453,0.0056073728,0.0057767908,0.0055775075,0.0066029828,0.0023050674,0.002361599,0.0036740965,0.0074936885,0.0115142184,0.0076861212,0.0116310139,0.008463291,0.0115563625,0.0064778781,0.009134532,0.0046581729,0.0046155382,0.0045636858,0.0046440233,0.0021908521,0.0034622208,0.0024468924,0.0024459681,0.0029098969,0.0029828451,0.0034108469,0.0034107785,0.0066099552,0.0071654167,0.0031075746,0.0030757399,0.0036295785,0.0037055528,0.002574558,0.0016035608,0.0016066344,0.002775474,0.0032236899,0.0029312437,0.0055494583,0.004624042,0.004582067,0.0046009861,0.0041913524,0.0046659819,0.002434158,0.0023591729,0.003568383,0.0028170559,0.003734946,0.0034140064,0.0027700215,0.0028217024,0.0032489491,0.0028785486,0.0028554115,0.0031613476,0.0029529149,0.0030882622,0.0030213868,0.0035572309,0.0034733,0.0049578675,0.0053163582,0.0049658276,0.0035377795,0.0029852639,0.0030131535,0.003332483,0.0050012326,0.0043998955,0.0043212521,0.0044047483,0.0040661139,0.0047061681,0.0058378962,0.0048165587,0.0046573545,0.0071800247,0.004788351,0.0031638455,0.0056423455,0.004707066,0.005983226,0.0032812979,0.0033192601,0.0036740965,0.0036407368,0.0036334976,0.0052149785,0.0036331903,0.0042009021,0.0049078234,0.0049181415,0.0034408085,0.0020099622,0.0023181774
0.0043501347,0.0041848681,0.0040296222,0.0040655267,0.0040496007,0.0041179927,0.0038967879,0.0064658854,0.0064658854,0.0067232406,0.0055199865,0.0067273903,0.0067232406,0.005880374,0.005880374,0.0054883479,0.0064201625,0.0065990642,0.0057169851,0.0059274799,0.0057368163,0.0064278611,0.0026031344,0.0026796059,0.0031993118,0.0069605764,0.0113481924,0.0071916247,0.0114769069,0.0081836757,0.011379334,0.0059316309,0.0086105809,0.0042713594,0.0041998187,0.0041518844,0.0042530167,0.0019998729,0.0034738997,0.0023132906,0.0023041163,0.0028087052,0.0028279771,0.0031136438,0.0031422955,0.0062555594,0.0070060576,0.0026970306,0.0026661385,0.0031848448,0.0032553701,0.0023527323,0.0013924733,0.0014019292,0.0026248587,0.0031840073,0.0028973101,0.0050785181,0.0039944017,0.0040754705,0.0039488635,0.0036404535,0.0040015497,0.0021693295,0.0020785465,0.003089142,0.003020617,0.0038482545,0.003321217,0.0024924559,0.0024428014,0.0034953965,0.0025209615,0.0024407073,0.002964516,0.0027090663,0.002885167,0.0028196792,0.0035167153,0.0034240854,0.004834967,0.0052139851,0.0048277986,0.0031301559,0.0027823681,0.0027440629,0.0028535865,0.0045397347,0.0040043118,0.0038581695,0.003980225,0.0036025604,0.0046638684,0.0058535021,0.0047701465,0.0046759622,0.00693565,0.0047628319,0.003380491,0.0056695788,0.0046524344,0.006128849,0.0034317639,0.0034691517,0.0031993118,0.0031232635,0.0031292719,0.0045042083,0.0031176247,0.0035557448,0.0047035639,0.0047415149,0.0034153861,0.001797084,0.0020790924
0.0044397613,0.0043783908,0.0041551708,0.0042099514,0.0041883851,0.004247867,0.0039405538,0.0064362764,0.0064362764,0.0065624594,0.0054732479,0.0066497358,0.0065624594,0.0058944861,0.0058944861,0.0055971108,0.0066195094,0.0065348601,0.0057690767,0.0059690688,0.0057578125,0.0062971719,0.0025587007,0.0025541031,0.0028527793,0.0066181957,0.0108768116,0.0069561405,0.0110015266,0.0077599863,0.0109477134,0.0056408266,0.0083087234,0.0040013325,0.0039260658,0.0038855533,0.0039912811,0.0019460606,0.0034530611,0.002184463,0.0021882273,0.0025519436,0.002848945,0.0028673953,0.0028823241,0.0065797925,0.0073023891,0.002419671,0.0023845946,0.0028095221,0.0029167123,0.0022661356,0.0014873911,0.0014969547,0.0025349915,0.0031423738,0.0027085825,0.0052374557,0.0034277446,0.0035372352,0.0033951828,0.0031517495,0.003422828,0.0021833859,0.0021055741,0.002834079,0.003002083,0.0037276111,0.0032047524,0.0022975543,0.0023512894,0.003026334,0.0023952682,0.0022993547,0.0026605474,0.0025645405,0.0026178533,0.0025561679,0.0034773568,0.0034795398,0.0046707344,0.0050019267,0.0046731694,0.0028340575,0.0026233127,0.0024776682,0.0025555186,0.0039945036,0.0035562613,0.0035552859,0.0039957988,0.0034896668,0.0047855932,0.0061451859,0.0049065099,0.0047829103,0.0072395602,0.0048885082,0.0032939318,0.0059436238,0.0047782564,0.0064109856,0.0032745205,0.003299317,0.0028527793,0.002760538,0.002759213,0.0040213908,0.0027521443,0.0030464967,0.0044061295,0.0044395271,0.0032712833,0.0017851342,0.0020956918
0.0047991005,0.004723929,0.0040711483,0.0041282149,0.004104775,0.0041641927,0.0038444076,0.0063524894,0.0063524894,0.006779128,0.0056279314,0.0069351384,0.006779128,0.0058163484,0.0058163484,0.0055258835,0.0068217703,0.0064508297,0.0056819113,0.0058766311,0.0056814328,0.0065573564,0.0025051535,0.0024579687,0.0029435993,0.0072421944,0.0113272246,0.0075054986,0.0114591938,0.008169575,0.0114007438,0.006363966,0.0087853236,0.0045083278,0.0044240615,0.0043826431,0.0045025937,0.0021151113,0.0032587559,0.0023693505,0.0023657109,0.0027917597,0.002890571,0.0031665854,0.0031956715,0.0072255564,0.008034271,0.002519174,0.0024859017,0.0028854611,0.0029993778,0.0024364437,0.001637772,0.0016479123,0.0027336741,0.0033743616,0.003027763,0.0057600873,0.003841717,0.0039756753,0.0037914406,0.0034702455,0.0038301021,0.0022907495,0.0022196731,0.0028533816,0.0030155979,0.0037210776,0.003233637,0.0023178156,0.0024434955,0.0027476505,0.0024575608,0.0023690483,0.0028731458,0.0026672542,0.0027919049,0.0027426306,0.0035239863,0.0035702592,0.0047900863,0.0051037915,0.0047932432,0.0028478129,0.002640516,0.002526349,0.0026584326,0.0045865295,0.0040144358,0.0039796281,0.0043454582,0.0038151596,0.0047317686,0.00630808,0.0048573866,0.0046739759,0.0077903627,0.0048239734,0.0031122217,0.0060821103,0.0047218707,0.0066356814,0.003188209,0.0031949837,0.0029435993,0.0028591031,0.0028613896,0.0042961819,0.0028542177,0.0032335122,0.0045725297,0.0045868776,0.0033000432,0.0019712731,0.0022679623
0.005031804,0.0045939578,0.0041098812,0.0041757396,0.0041422382,0.004204176,0.0040083181,0.0063196616,0.0063196616,0.0067573755,0.0054892231,0.0068801849,0.0067573755,0.0058007088,0.0058007088,0.0055643453,0.0067086967,0.0064062182,0.0056733085,0.005878845,0.0056920554,0.006523079,0.0025747965,0.0025882389,0.0030523977,0.0078252179,0.01171538,0.0079813627,0.0118344894,0.0087020613,0.011765145,0.0069466721,0.0092460301,0.0046898043,0.0046036151,0.0045391727,0.0046736505,0.0021969234,0.0032815601,0.0023737214,0.0023751595,0.002776888,0.0030102089,0.0032902877,0.0033459759,0.0074209582,0.0082682085,0.0025704415,0.0025387203,0.0029645995,0.0031047078,0.0024863346,0.0016292571,0.0016449905,0.0027818474,0.0033180339,0.0029122467,0.0060070266,0.004192021,0.0042919436,0.0041443314,0.0038001217,0.0041919536,0.0024521207,0.0023480047,0.002847912,0.0029804205,0.0038014161,0.0030690266,0.0022746175,0.0024859137,0.0027884767,0.0025046731,0.0023924252,0.0030101762,0.0027501102,0.0029070252,0.0027957981,0.0038194234,0.0036838276,0.0048744672,0.0051901273,0.0048778359,0.0028527943,0.0027827918,0.0026409991,0.002688338,0.0048191637,0.0042557373,0.004250972,0.0043729637,0.00405508,0.0053301967,0.0067414009,0.0054740078,0.0052840644,0.0078579353,0.0054400863,0.0032880418,0.0065259422,0.0053110231,0.0069978859,0.0031621115,0.0031791257,0.0030523977,0.0029705655,0.0029694884,0.004521337,0.0029641502,0.0035008075,0.0045634186,0.0045868102,0.0032944693,0.0020111214,0.0023075901
0.0058495858,0.0053280816,0.0040145498,0.0040398467,0.0040225842,0.0040968221,0.0041085418,0.0060926054,0.0060926054,0.0065769342,0.0053255568,0.0066771505,0.0065769342,0.0055551738,0.0055551738,0.0053840696,0.0065221113,0.0062048325,0.0053659366,0.0055645578,0.0053913658,0.0063262259,0.0025339325,0.0025504773,0.0030545604,0.0082881139,0.0118170806,0.0084786465,0.0119268896,0.0091645066,0.0118797038,0.0074324003,0.0097173993,0.0052735076,0.0052009753,0.0051281181,0.0052596181,0.0022983684,0.0032399307,0.0024903597,0.0024926118,0.0029826497,0.0030453767,0.0036219358,0.0035707997,0.0083083767,0.0091241462,0.0024580219,0.0024367726,0.0029047045,0.0031012222,0.0024874031,0.0016505219,0.0016713882,0.0028659903,0.0037076056,0.003123109,0.0070241153,0.0042717937,0.0045230035,0.0042249413,0.0039721701,0.0042458715,0.0024313562,0.0023505729,0.002792941,0.0030243991,0.0036549981,0.0030970161,0.0022536465,0.0024759313,0.0027819262,0.0024467122,0.002300676,0.0032302899,0.0028751698,0.0031004462,0.0030173316,0.0040053194,0.0038512073,0.0048435585,0.0050960377,0.0048466929,0.0028027122,0.0028964854,0.002662501,0.0025705316,0.0051501969,0.0047067063,0.004726592,0.0050144215,0.0044612323,0.0057162556,0.0069725649,0.005861716,0.0056425021,0.0086752323,0.0058210625,0.0034149132,0.0067330518,0.0057047344,0.007279783,0.0029720373,0.0029873738,0.0030545604,0.0029670149,0.0029739351,0.0043714149,0.002959734,0.0034328747,0.0045125519,0.0045387797,0.0032847339,0.0020878719,0.0023778281
0.0058056267,0.0049139438,0.0039341929,0.0039529599,0.0039429318,0.0040116432,0.0039924616,0.0060967064,0.0060967064,0.0066254759,0.0055004637,0.0067240387,0.0066254759,0.0055534314,0.0055534314,0.0053749464,0.0065255745,0.0062127043,0.0054156602,0.0055756596,0.005372863,0.0063834429,0.0023075811,0.0022431571,0.0035423245,0.0090034731,0.0122487012,0.0091926349,0.0123536477,0.0097522484,0.0123033158,0.0082012634,0.0104869682,0.005522079,0.00545377,0.0053841988,0.00550242,0.0022515208,0.0031867769,0.0025662174,0.002564916,0.0030388509,0.0030324576,0.0038156311,0.0037071002,0.0082795396,0.009122591,0.0027177064,0.0026760859,0.00336422,0.0035908811,0.0026213217,0.0016086681,0.0016222677,0.0028450903,0.0034404108,0.0031449455,0.006688383,0.004701796,0.0048958637,0.004663538,0.004375629,0.0046962818,0.0023392757,0.0022397719,0.0032217981,0.0030228849,0.0035361693,0.0031869009,0.0025098859,0.0026910373,0.002729976,0.0026439227,0.0024868512,0.0033840922,0.0029549266,0.0032377668,0.0031581988,0.0036007264,0.0036637247,0.0047436262,0.0051217589,0.0047452342,0.0032705627,0.0031164273,0.0029379342,0.0029232464,0.0055422974,0.00508857,0.0048980241,0.0045967045,0.0043762871,0.0048402382,0.0061711264,0.0049362448,0.0047542632,0.0078965191,0.0049059632,0.0034298483,0.0059709465,0.0048395149,0.0064917677,0.0030244818,0.0030353898,0.0035423245,0.003450537,0.0034654995,0.0050025842,0.0034492089,0.0039684738,0.0045053314,0.0045335231,0.0033208092,0.0021267635,0.0024202455
0.0048493877,0.0046164984,0.0040523689,0.0040651818,0.004057871,0.0041305342,0.004159028,0.0063622207,0.0063622207,0.0065019637,0.0055045717,0.0065939352,0.0065019637,0.0058130047,0.0058130047,0.0055684912,0.0064767151,0.0064699821,0.0056842752,0.0058607432,0.0056576613,0.0062509405,0.0023830238,0.0024072238,0.0032502769,0.008296921,0.0119253832,0.0083691148,0.0120421446,0.0091711335,0.011999162,0.0072583481,0.0099016106,0.0047449686,0.0046830214,0.0045988009,0.0047115561,0.0023097922,0.0032249582,0.0025217307,0.0025217814,0.0031010925,0.0031274446,0.0036009033,0.0036281141,0.0068374807,0.0076959408,0.00283073,0.0028000859,0.0031481602,0.0032905339,0.0025579873,0.001740596,0.0017472276,0.0029849443,0.0034983814,0.0031683859,0.0055847272,0.0044460901,0.0046008196,0.0043988634,0.0041135078,0.0044393019,0.0024819877,0.0023877217,0.0030246314,0.0030444113,0.0037158651,0.00323387,0.0025867283,0.0025372964,0.003171421,0.0026075311,0.0025601512,0.0033420849,0.0028096078,0.0032027568,0.0031848224,0.0037702668,0.003726945,0.0048384977,0.0052508911,0.0048381738,0.003023855,0.0030092915,0.0028064471,0.0029561168,0.0051962964,0.0045725359,0.0042908359,0.0044526842,0.0040345995,0.0046044418,0.0057722186,0.0047201398,0.0045768582,0.0068683064,0.0046987787,0.0032588307,0.0056090852,0.0045971411,0.0060015686,0.0032054602,0.0032312283,0.0032502769,0.003184429,0.0031972148,0.0047274418,0.0031752648,0.0037695728,0.0044614592,0.0044987859,0.0032862359,0.0021521109,0.0023938464
0.0051725502,0.0050067637,0.0041680974,0.0041680439,0.0041606467,0.0042465127,0.0043459359,0.0064382325,0.0064382325,0.0066144533,0.0054660099,0.0066570707,0.0066144533,0.0058941519,0.0058941519,0.0056499731,0.0065239352,0.0065393672,0.0058235641,0.0059955328,0.0057728082,0.0063430516,0.0023810113,0.0024834293,0.0032533521,0.0080331701,0.0115208673,0.008254025,0.011644783,0.0088317184,0.0116221247,0.0071250656,0.0094339983,0.0047943854,0.0047309424,0.0046605819,0.0047834365,0.0021858582,0.0032997724,0.0025441832,0.0025329634,0.0031919746,0.0032022724,0.0036610208,0.0036603615,0.006962005,0.0079306752,0.002728584,0.0026780851,0.0032045382,0.003293542,0.0025391635,0.0016311523,0.0016423221,0.0030306696,0.0038711554,0.0033775231,0.006004247,0.0043534986,0.0044818017,0.0043008677,0.0039837604,0.0043510635,0.0023614901,0.0022383884,0.0029919889,0.003170037,0.0036901359,0.0032947963,0.0024879882,0.0024832281,0.0029712373,0.002514341,0.0024632792,0.0034349715,0.0029009319,0.003264392,0.0032281969,0.0038692849,0.0039015338,0.0047228839,0.00514877,0.0047283099,0.0029951451,0.0030886799,0.0028754962,0.002832251,0.005117792,0.0043623549,0.0042794552,0.0048773356,0.004203037,0.0051332005,0.0061443925,0.0052462842,0.0051055394,0.0073540311,0.0052272832,0.0035016564,0.0059548859,0.0051208453,0.0062446345,0.0032254887,0.0032501262,0.0032533521,0.0031949663,0.0031989292,0.0046022198,0.0031823552,0.0037090444,0.0044094682,0.0044462578,0.0032973269,0.0021102523,0.0023182148
0.005512013,0.0048652901,0.0041996177,0.0042208618,0.0042088108,0.0042854761,0.0042082188,0.0065028708,0.0065028708,0.0067785663,0.0056717306,0.0068250545,0.0067785663,0.005966751,0.005966751,0.0056867451,0.0067098559,0.0065935917,0.0058539427,0.0060351517,0.0058110146,0.0064921941,0.0023462601,0.0024571059,0.0035928597,0.0086762115,0.0122613983,0.0088967455,0.0123868462,0.0094790958,0.0123710139,0.0074838049,0.009901782,0.0052702382,0.0052186493,0.0051311031,0.0052464896,0.0022312516,0.0032934868,0.002370663,0.002367404,0.0030257486,0.0031107783,0.0037469076,0.0037004576,0.006940695,0.0077898512,0.0027321677,0.0026697038,0.003505391,0.003635799,0.0024130764,0.0016756457,0.001691288,0.0029360977,0.0035748026,0.0031715283,0.0060267467,0.0048976799,0.005030634,0.0048622292,0.0044920247,0.0049069115,0.0024144151,0.0023244127,0.003238493,0.0031885625,0.0037333795,0.0032803604,0.0024570455,0.0024310094,0.002942716,0.0024215267,0.0023541469,0.0034780163,0.0027579288,0.0031828177,0.0030643684,0.0037397366,0.00367663,0.0046875882,0.0051936115,0.0046877076,0.0033271549,0.0029508503,0.0028793882,0.0029187691,0.0056363542,0.0049338795,0.0046970757,0.0047824325,0.004374255,0.0049735335,0.0063367064,0.0051014946,0.0049778071,0.0075346026,0.0050863571,0.0035089224,0.0061222859,0.0049648377,0.0065063346,0.0032223406,0.0032437878,0.0035928597,0.0035301267,0.0035441444,0.0050664601,0.0035356705,0.0041686833,0.004270317,0.0043103173,0.0032203462,0.0020232523,0.0022512189
0.0056539274,0.0045461969,0.0042340455,0.0042358854,0.0042380868,0.0043221271,0.0042369799,0.0065729297,0.0065729297,0.0068053648,0.0057154391,0.0069061391,0.0068053648,0.006018953,0.006018953,0.005774212,0.0068607328,0.006673138,0.0058488471,0.0060502057,0.0058471443,0.0065177821,0.0023280549,0.0024275038,0.0032511752,0.0081921675,0.0120766304,0.0084543249,0.0121877429,0.0091358189,0.0121270752,0.007220046,0.0094952863,0.0054179981,0.0053630141,0.0052716516,0.0053905401,0.0022370323,0.0032633983,0.0024758101,0.0024745938,0.0029040481,0.0031468701,0.0034131082,0.0034152825,0.0071349524,0.0080014028,0.0026111641,0.0025633554,0.003139405,0.0033039898,0.0024975585,0.0016466076,0.0016611722,0.0028948618,0.0034121698,0.0031416184,0.0060751465,0.0046407912,0.0048474488,0.0045713811,0.0043441488,0.0046206363,0.0024765552,0.0023519927,0.0029279234,0.0031370444,0.0036223012,0.0033343273,0.0023376623,0.0024608453,0.0031627566,0.0024553498,0.0023615641,0.003122321,0.0026846967,0.0029317769,0.0028580946,0.003746867,0.0035784694,0.0047478693,0.0051248898,0.0047492821,0.0030123846,0.00277828,0.0026668589,0.002815145,0.0055455443,0.0050598995,0.0048878849,0.0045183122,0.0043618174,0.0049365785,0.0061672195,0.0050612517,0.0049581615,0.0073208618,0.0050527594,0.0033408264,0.0059977313,0.0049233299,0.0063442059,0.0032618115,0.0032692708,0.0032511752,0.0031712964,0.0031872769,0.0046523207,0.0031709179,0.0037363964,0.0043537137,0.0043906349,0.0031302113,0.0020825569,0.0023075802
0.0047962972,0.0040749531,0.0042726389,0.0042820535,0.0042822844,0.0043593823,0.0043157323,0.0064338891,0.0064338891,0.0068142641,0.0057503957,0.0069462724,0.0068142641,0.0058853582,0.0058853582,0.0057136373,0.0069339766,0.0065358231,0.0057360752,0.005940605,0.0057512127,0.0065687519,0.0024492337,0.0025167826,0.0030820149,0.0078632948,0.0115827181,0.0080991156,0.0116998747,0.0087965437,0.0117027344,0.0069589267,0.0093247337,0.0048471195,0.0047773931,0.0047002521,0.0048119472,0.0019759076,0.0031425965,0.0022319632,0.0022243465,0.0027896729,0.0028978472,0.0032264201,0.0031997285,0.0064591903,0.0073489639,0.002547251,0.002517633,0.0030149108,0.0031312191,0.0022641601,0.001480399,0.0014821455,0.0025871694,0.0031474083,0.002819316,0.0053659764,0.0043983615,0.0045657358,0.0043251132,0.0040000316,0.0043796677,0.0022341535,0.0021332014,0.002917234,0.0031385254,0.0036957172,0.003348095,0.0023481774,0.0023129493,0.0028502818,0.0023200497,0.0022350594,0.003041441,0.0025980958,0.0029005014,0.0028306149,0.0035489649,0.0034778358,0.0047182582,0.0050682217,0.0047200738,0.0029630361,0.002732808,0.0025765177,0.0027580983,0.0052734049,0.0045897458,0.0042706486,0.0040966837,0.0038374701,0.0044697292,0.0058137667,0.0045934521,0.0045201392,0.0069401271,0.0045906858,0.0032548562,0.0056226868,0.0044670097,0.0062411663,0.003140792,0.0031516358,0.0030820149,0.0030099184,0.0030105736,0.0046578795,0.0030019125,0.0035271511,0.0043755231,0.0044224401,0.0032196509,0.0018177462,0.0020129236
0.0044599068,0.0039016818,0.0041312814,0.0041120158,0.0041244745,0.0042121807,0.0043083092,0.0065033753,0.0065033753,0.0069016976,0.0057450837,0.0070288306,0.0069016976,0.0059645194,0.0059645194,0.0057634427,0.0067828563,0.0065902389,0.0057955136,0.0059952194,0.0057943354,0.0066598958,0.0023817981,0.0024522727,0.0027170455,0.0074656545,0.01147675,0.0078356795,0.0115954181,0.008458609,0.0115732712,0.0063734889,0.0088159167,0.004302092,0.0042050194,0.0041519712,0.0042875917,0.0020971623,0.0031200398,0.0022181661,0.002215654,0.0026032062,0.0028450679,0.0028714521,0.0029569576,0.006071195,0.0073268318,0.0022995215,0.0022814698,0.0025954437,0.0027517594,0.0021966156,0.0015688248,0.0015630533,0.0025801943,0.0029983991,0.0027133866,0.0049423561,0.0034990701,0.0036993747,0.0034651816,0.0032638965,0.0034868083,0.0023086283,0.0022231564,0.002516034,0.0031279512,0.0035271594,0.0032673497,0.0021088722,0.0021777455,0.0028350924,0.0022112187,0.0020715167,0.0028109264,0.0024574684,0.0027458653,0.0026761514,0.0034225609,0.0034012571,0.0046763076,0.0051043906,0.0046768208,0.0025347056,0.0025012295,0.002364716,0.0023972326,0.0043169132,0.0038535611,0.0036570597,0.0038608241,0.0035116908,0.0044576589,0.0056257842,0.0045776564,0.004505238,0.0066537023,0.0045780873,0.0035265953,0.0054607832,0.0044459255,0.0060200037,0.003091505,0.0031201783,0.0027170455,0.0026561066,0.0026636344,0.0039362358,0.0026506073,0.0030190764,0.0044520965,0.0044974556,0.003362492,0.0018804984,0.0020606696
0.0046919943,0.0041391679,0.003891797,0.0039219029,0.0039102863,0.0039741158,0.0039372165,0.0066325276,0.0066325276,0.0068939575,0.0058499828,0.0070636849,0.0068939575,0.0061223234,0.0061223234,0.0058566717,0.0069577641,0.0066898464,0.0059950547,0.0061817981,0.0059670814,0.006658813,0.0023432109,0.0024443082,0.0028181217,0.0081748735,0.0118847752,0.0084132394,0.0120188939,0.009068119,0.0119726342,0.0070027245,0.0094916655,0.0046001571,0.0045180168,0.0044443748,0.0045862675,0.00220068,0.0033629832,0.0023278082,0.0023246554,0.0026493293,0.0030450266,0.0030234335,0.0030755991,0.0060749068,0.007183079,0.002196855,0.0021715214,0.002715704,0.0028637884,0.0022627925,0.0016490439,0.0016475832,0.0027763429,0.0032867686,0.0029503488,0.0051079245,0.0037969429,0.0041520096,0.0037493752,0.0036106214,0.0037652422,0.0024104675,0.0023145453,0.0025001766,0.0030105168,0.0036217495,0.0033513828,0.0021025429,0.0021951745,0.0024454889,0.0022092665,0.0020890332,0.0028837672,0.0024573113,0.0027301971,0.0026769196,0.0035823151,0.0035583141,0.0049077502,0.0053352658,0.0049188495,0.0025900609,0.0025927477,0.0024233946,0.0023072078,0.0047549425,0.0042814873,0.003907812,0.0040708127,0.0036717752,0.0044923137,0.0054928613,0.0045831464,0.0044601901,0.0063548127,0.0045686387,0.0033862592,0.0053335123,0.0044841852,0.0057622175,0.0032144168,0.0032470342,0.0028181217,0.002745455,0.0027534061,0.0039931728,0.0027367571,0.003141346,0.0046565276,0.0046961318,0.0033838252,0.0019641446,0.0021170064
0.0045917809,0.0043033535,0.0040800637,0.0040944661,0.0040917477,0.004161145,0.00407747,0.0066614413,0.0066614413,0.0067569854,0.0058443222,0.0068484694,0.0067569854,0.0061659097,0.0061659097,0.0058461517,0.006779158,0.0067102132,0.0059935733,0.0062129257,0.0060158236,0.0065401656,0.0025250727,0.0025789252,0.0029615432,0.0078018339,0.0119331012,0.008001362,0.0120568137,0.008841562,0.0120490339,0.0065126922,0.0093189925,0.0045364019,0.0044835415,0.0044283929,0.0045122161,0.0022349337,0.0036179811,0.0023733094,0.0023714319,0.0027466148,0.0029995663,0.0031513727,0.0031639957,0.0063251427,0.0068748063,0.0024414964,0.0024094182,0.002854372,0.0030194578,0.0023997328,0.0017282441,0.0017336299,0.0028373816,0.0034740316,0.0030185556,0.0050658024,0.0041370554,0.0043466078,0.0040776241,0.0038666036,0.0041151519,0.002365734,0.0023075295,0.0027172189,0.003028095,0.0037634646,0.0034644615,0.0021841929,0.0023663273,0.0024310984,0.0023581946,0.0022433714,0.0029726859,0.0026013318,0.0028444345,0.0027836127,0.0036966653,0.0036769566,0.0047440563,0.0051614681,0.0047445951,0.0027511578,0.00267188,0.0024622214,0.002595778,0.0048173661,0.0042971019,0.0040977787,0.0041500278,0.0037631521,0.0047428264,0.0060747778,0.0048505222,0.0047141455,0.0069748736,0.004833475,0.0033816677,0.0058777327,0.0047347396,0.0064043903,0.0034425061,0.003471145,0.0029615432,0.0028640474,0.0028848891,0.0044361526,0.0028662908,0.0033995627,0.0045386698,0.0045765198,0.0034790233,0.0020418524,0.0022149267
0.0046458391,0.0046424165,0.0045124215,0.0045339424,0.004526426,0.0046009288,0.0045523087,0.0066584412,0.0066584412,0.0070370113,0.0060030269,0.0071718894,0.0070370113,0.0061458637,0.0061458637,0.0059682797,0.0070978783,0.0067201429,0.005994795,0.0061836721,0.0059633113,0.0068959991,0.0026065927,0.0025418878,0.0029608547,0.0072836818,0.0113147831,0.0075045658,0.011426245,0.0083646213,0.0114328495,0.0061402894,0.0088160838,0.0044704422,0.004401787,0.0043489401,0.0044503759,0.0022180929,0.0035454833,0.0023595998,0.0023514394,0.0028165662,0.0030468717,0.0031393387,0.003163345,0.0067959366,0.0074179182,0.0023893134,0.0023590981,0.0028647467,0.0030151918,0.0023253127,0.0016721852,0.0016820727,0.0028459512,0.0036419123,0.0031882071,0.0055028102,0.0039087908,0.004060703,0.0038605307,0.0036074387,0.0039031939,0.0023280078,0.0022758186,0.0026789585,0.0033723813,0.0040496654,0.0034117089,0.0022380797,0.0022707582,0.0026536835,0.0023081651,0.002224028,0.0029073095,0.0025424582,0.0028089613,0.0027931505,0.0040051866,0.0039166634,0.004786978,0.0051283089,0.0047882189,0.0027705009,0.0026600825,0.0024885929,0.0025568523,0.0046047009,0.0041200925,0.0038975012,0.0043692498,0.0037943526,0.0055526359,0.0067691016,0.005689062,0.0055107134,0.0076539328,0.0056613658,0.0034765578,0.0065660811,0.0055271648,0.0070016905,0.0034562906,0.003478834,0.0029608547,0.0028711533,0.0028823182,0.0042356825,0.0028633672,0.0033316231,0.00460658,0.0046283596,0.0034328578,0.0020341891,0.0021559981
0.0050119012,0.0047824099,0.0047037946,0.0047263703,0.0047152165,0.0048014481,0.0046184439,0.0067098696,0.0067098696,0.007077845,0.006113197,0.0072834293,0.007077845,0.0062187179,0.0062187179,0.0060838974,0.0071026026,0.0067501925,0.0061664568,0.0063221252,0.0060697537,0.0069247814,0.0025757415,0.0025286332,0.0029966349,0.0073322846,0.0110307682,0.0078325616,0.0111462634,0.0081448644,0.0111963297,0.0064284068,0.0084275988,0.0048125759,0.0047178266,0.0046531318,0.0047926797,0.0022754786,0.0036855238,0.002483513,0.00246228,0.0029771797,0.0030444127,0.0032343474,0.003276321,0.0072981429,0.00822838,0.0022866415,0.002265129,0.0028800033,0.0030483443,0.0024456943,0.0018015266,0.0018123165,0.002799271,0.0034763589,0.0031010037,0.0058426748,0.0040645672,0.0042164238,0.0040245964,0.0037749727,0.0040566519,0.0024060752,0.0023356009,0.0026375797,0.0034390526,0.0041404071,0.0034425352,0.0021336377,0.0022500814,0.0026267887,0.0022902085,0.0021640901,0.00306308,0.0027342873,0.0029286595,0.002920895,0.0040397342,0.0039121776,0.0047653752,0.0051433582,0.0047716304,0.0027439901,0.0027158162,0.0025174846,0.0024775665,0.0048095828,0.0043961002,0.0041428457,0.0044119293,0.0038729495,0.0055807606,0.0071205634,0.0057278498,0.0055248752,0.0080165707,0.005690563,0.0034919318,0.0068824873,0.005561254,0.0072770127,0.0035225905,0.003557029,0.0029966349,0.0029036516,0.0029161009,0.0043224797,0.0028970946,0.0034412866,0.0045239616,0.0045711745,0.003444204,0.0021070943,0.002255545
0.0054940319,0.0052186427,0.0044294288,0.004454391,0.0044415986,0.004519642,0.0044120802,0.0066735396,0.0066735396,0.0068578955,0.0060092066,0.0070274788,0.0068578955,0.0061951382,0.0061951382,0.0060541847,0.0069115938,0.006704041,0.0060796111,0.0062278073,0.0059795305,0.0066693702,0.0025818052,0.0026035663,0.0031443158,0.0082598061,0.0118822134,0.0085950859,0.0120044599,0.0090595891,0.0120338592,0.00743663,0.009390021,0.0052895846,0.0051866453,0.0051298047,0.0052773023,0.0024947229,0.0035848434,0.0024686052,0.0024550403,0.0029964137,0.0031644385,0.003457604,0.0035192155,0.0074290736,0.0084761246,0.0023960175,0.0023649724,0.0030263529,0.0031991776,0.0023372061,0.0018442031,0.0018548392,0.0031439722,0.0038160524,0.0034075938,0.0063004191,0.0042301425,0.00446857,0.0041899085,0.0039266964,0.0042204589,0.0025483781,0.0024816181,0.0028535814,0.003161975,0.0040224906,0.0034915267,0.0022233668,0.0023253481,0.002586212,0.0023664957,0.002280978,0.0031646245,0.0026660109,0.0029164283,0.0029346887,0.0040156837,0.0039575889,0.0049089885,0.005448391,0.0049108344,0.0029522568,0.0027277901,0.002577362,0.0026236144,0.0051525845,0.0047165752,0.0043935665,0.0050166424,0.0043705257,0.0055909375,0.0068613698,0.0057268459,0.0055142323,0.0079168448,0.005686951,0.0032880153,0.0066618559,0.0055811326,0.0069057597,0.0035569965,0.0035939778,0.0031443158,0.0030522137,0.0030616748,0.0044666981,0.0030461005,0.0035682634,0.0045153014,0.0045594622,0.0033864764,0.0021622795,0.0022820333
0.0052411443,0.0046670734,0.0042939165,0.0043050418,0.0042985137,0.0043809557,0.0044066748,0.0066449781,0.0066449781,0.0068529993,0.0060163441,0.0069375781,0.0068529993,0.0061513538,0.0061513538,0.0059970823,0.0066697337,0.0066883271,0.0059373701,0.0061189038,0.0059013802,0.0066293038,0.0024983668,0.0025184894,0.0033235691,0.0084965382,0.0122251615,0.0087291708,0.0123493642,0.0092643125,0.0122982708,0.0071302035,0.0097421771,0.0050734545,0.0050006344,0.0049253062,0.0050518924,0.0022254825,0.0037307835,0.0023987373,0.0023860502,0.0030050059,0.0028644429,0.0035183809,0.0035804059,0.0066183932,0.0072381429,0.002547775,0.0024912483,0.0031967059,0.0033710962,0.002280299,0.0016767953,0.0016909561,0.0028903158,0.0035609168,0.0033338255,0.0056303373,0.004547274,0.0047430021,0.004483408,0.0041545517,0.0045303122,0.0023102686,0.0022459036,0.0029922878,0.0030412269,0.0039459132,0.0033984167,0.0022596524,0.0022233146,0.0028002689,0.0022368128,0.0022480816,0.0032250858,0.0027853049,0.0031135594,0.0030347604,0.0035963589,0.0036711193,0.0051498236,0.0056087646,0.0051568517,0.0031037667,0.0028413653,0.0026828778,0.0027734573,0.0054388972,0.0048332642,0.0045225066,0.0045784557,0.0042546557,0.0047235214,0.0058785696,0.0048294102,0.0047051002,0.0071362054,0.0048136227,0.0030010811,0.0056653474,0.0047196984,0.0062111696,0.0035802748,0.0036196158,0.0033235691,0.0032464306,0.0032551309,0.0047171427,0.0032408819,0.003802426,0.0047743052,0.004802117,0.0035963205,0.0021068648,0.0021417904
0.0047895891,0.0043834738,0.0042757148,0.0042773766,0.0042787338,0.0043610852,0.0042056526,0.0068141462,0.0068141462,0.0069273361,0.006171516,0.0070233191,0.0069273361,0.0063165934,0.0063165934,0.006031659,0.0067787531,0.0068529437,0.006222859,0.0063988375,0.0061609424,0.0067222625,0.0025440804,0.0025556172,0.0029158681,0.0071142903,0.0114482875,0.0073406997,0.0115739198,0.0081624899,0.0115351618,0.0060123878,0.0086391257,0.0045067083,0.004461916,0.0044208469,0.0044953483,0.002313297,0.0038159686,0.0022388325,0.002235538,0.0026994944,0.0028148325,0.0032173604,0.0032426681,0.0063334106,0.0068494238,0.0023457392,0.0023036229,0.0028832792,0.0029868385,0.0021585243,0.0017777703,0.0017842071,0.002738179,0.0033743238,0.0030561703,0.0052917783,0.003928358,0.0041065163,0.003881459,0.0036328691,0.0039154719,0.0023771651,0.0023319116,0.0027028094,0.0030282401,0.004029324,0.0035499479,0.002098325,0.0022095326,0.0029111434,0.0022156215,0.0021707455,0.0030269049,0.0026202826,0.0028487833,0.0027937059,0.0034407943,0.0034685398,0.0050950969,0.005632341,0.0051017531,0.0028163035,0.0025453493,0.0023963688,0.0025743444,0.0046720601,0.0042521569,0.0042175806,0.0042903696,0.0038418127,0.0047238429,0.0060714523,0.0048478269,0.0047714443,0.0072402443,0.0048453245,0.003398445,0.0058562651,0.0047132408,0.0064115495,0.003733755,0.0037688446,0.0029158681,0.0028049347,0.0028364354,0.0042470233,0.0028218111,0.0034359792,0.0047236826,0.0047367271,0.003610541,0.0020239818,0.0020584134
0.0051024061,0.0048429873,0.0044330323,0.0044618785,0.004450433,0.004524941,0.0044973687,0.0069893863,0.0069893863,0.007237846,0.0064158286,0.0073593089,0.007237846,0.0064967335,0.0064967335,0.0061094113,0.0071511332,0.0070212974,0.0065101984,0.0066881189,0.0064320057,0.0070801919,0.002600409,0.0026592382,0.002701201,0.0070146997,0.0114099958,0.0073511677,0.011552459,0.0080578708,0.0115386969,0.0061715191,0.0085419052,0.0045023174,0.0044223017,0.0044017931,0.004515234,0.0025292387,0.0040289847,0.0025069252,0.0025096495,0.002927458,0.0032614102,0.0033363611,0.0033912837,0.0071773217,0.0078119085,0.0022837705,0.002255684,0.002610251,0.0027351052,0.0023834528,0.0019664009,0.0019838866,0.0030438724,0.0038014144,0.0032700873,0.0060876846,0.0036415757,0.0038664521,0.0035885233,0.0034159292,0.0036255274,0.0026168179,0.0025929613,0.0024808774,0.0032578469,0.0042903255,0.0037089967,0.0020918122,0.0022414618,0.0026388847,0.002263625,0.002168116,0.0030963663,0.0026563139,0.0028917535,0.0028994365,0.0041442894,0.0040185057,0.0049798682,0.005598429,0.0049903002,0.0025054045,0.0025779913,0.0023011031,0.0024350608,0.0044460608,0.0039484944,0.0042500917,0.0047995477,0.0042097773,0.0054399537,0.0066907491,0.0055794832,0.0054263054,0.0077002116,0.0055544592,0.0034790033,0.0065028231,0.0054206439,0.0068529828,0.0038716976,0.0039018191,0.002701201,0.002649842,0.002659124,0.0039107434,0.0026420448,0.0030791222,0.0047337602,0.0047441731,0.0036391019,0.0022831412,0.0023638033
0.0057682142,0.0055126813,0.0045051184,0.0045296656,0.0045153767,0.0045965483,0.0046746347,0.0067076299,0.0067076299,0.0072015156,0.0063105285,0.0073564948,0.0072015156,0.0062117451,0.0062117451,0.0060396153,0.0072602861,0.0067497958,0.006071117,0.0062395014,0.0060035931,0.007044399,0.0029039469,0.0029540417,0.0034173844,0.0078281299,0.011636883,0.0081208451,0.0117698969,0.0085299705,0.0117177941,0.0070073448,0.0090456816,0.0050572302,0.0050044115,0.0049800663,0.0050638496,0.0025251226,0.0039139271,0.0027136129,0.0027073927,0.0032311896,0.0035181621,0.0038918653,0.0039294837,0.0077422059,0.0085970142,0.0025705816,0.0025157976,0.0033323903,0.0034611795,0.0026293594,0.0019444392,0.0019702229,0.0032348486,0.0042285302,0.0035291708,0.0066672059,0.0044486424,0.0045714892,0.0044102611,0.0041264889,0.0044508066,0.0027126267,0.0026296472,0.0030335087,0.0034380142,0.0042487965,0.003611083,0.0023614403,0.0024075184,0.0024329406,0.0024515049,0.0023897566,0.0034880538,0.0029218934,0.0033355049,0.0032789083,0.0046024049,0.0044784111,0.0050651674,0.0055357514,0.005063501,0.0031148292,0.0029908826,0.0028125281,0.0027903236,0.0050176858,0.0046275347,0.0048640247,0.0053140674,0.004729417,0.0061637427,0.0076277267,0.0063145274,0.0061205097,0.0087661094,0.0062826146,0.0039844437,0.0073884875,0.0061506875,0.0078688101,0.0038816246,0.0039306184,0.0034173844,0.0033551872,0.0033638517,0.0047041746,0.0033443087,0.0038888757,0.0047334885,0.0047609101,0.0035421132,0.0024054899,0.0025138368
0.0064678693,0.0059552255,0.0044522179,0.0044691738,0.0044561137,0.004541796,0.0044616568,0.0068075767,0.0068075767,0.0070952392,0.0061867972,0.0072648437,0.0070952392,0.0063443198,0.0063443198,0.0062350379,0.0070950879,0.0068194389,0.0062185625,0.0064026955,0.0061650003,0.0069131938,0.00294122,0.0028759828,0.0036650509,0.0085464176,0.0124379009,0.0088359595,0.0125529474,0.0094491054,0.0125367845,0.0077613474,0.0098113866,0.0057053505,0.005622679,0.0055773523,0.0057060356,0.0026274415,0.0038299734,0.002778245,0.0027686981,0.0034456141,0.0034079346,0.0042962189,0.0042244477,0.0089162787,0.0096232526,0.0026746606,0.0026208405,0.0035118766,0.003701955,0.0026873526,0.001966428,0.0019917849,0.0031919391,0.0039650384,0.0035391891,0.0076003755,0.0050878634,0.0051859019,0.0050214832,0.0046571366,0.0050857557,0.0027896741,0.002732247,0.0031375137,0.0033053325,0.0040103309,0.003538217,0.0025384377,0.002578787,0.002982675,0.002567038,0.0025112543,0.0038330984,0.0030526502,0.0035627835,0.0035605974,0.0043483509,0.0041928561,0.0052879559,0.0056644451,0.0052786451,0.0033201502,0.0031611554,0.0028919988,0.0028854224,0.0057955349,0.0052431978,0.0053847099,0.0058113682,0.0052201033,0.0060750266,0.0077605835,0.006252779,0.0060573436,0.0093561814,0.0062128432,0.0039657543,0.0074991297,0.0060616457,0.0078727123,0.0036018304,0.003647313,0.0036650509,0.0035996252,0.0036201863,0.00511053,0.0036004113,0.0042932884,0.0049063983,0.0049179417,0.0037787698,0.0024540373,0.0025145908
0.0065001995,0.0049033491,0.0045398021,0.0045638115,0.0045468021,0.0046275319,0.0044994601,0.0068954389,0.0068954389,0.0073327219,0.0064204903,0.0075539969,0.0073327219,0.0064317424,0.0064317424,0.0064129938,0.0074073854,0.0069020507,0.0064790847,0.0066472358,0.0063799656,0.0072359847,0.0027453212,0.0027429833,0.0039226342,0.0089309516,0.0126136797,0.009236211,0.0127306314,0.0097746634,0.0126763471,0.0082703613,0.0102726023,0.0061703915,0.0060608193,0.0059860234,0.0061547759,0.0025184502,0.0040118181,0.0027011175,0.0026903113,0.0032203481,0.003059013,0.0040025856,0.0039224839,0.0084621866,0.0093443488,0.0028631387,0.0028179707,0.0037610807,0.0039573693,0.002670962,0.0020306266,0.0020382596,0.0029450526,0.0034867401,0.0033058231,0.007118703,0.0055534401,0.0057062505,0.005476178,0.0050714984,0.0055337596,0.0026207193,0.0025547911,0.0034585415,0.0032134205,0.0040865764,0.0038217625,0.0026815748,0.0026263835,0.0030597339,0.0026047446,0.0025776648,0.003596662,0.0030768137,0.0034462151,0.003365779,0.0037133415,0.0036397505,0.0053407063,0.0057644788,0.0053352441,0.0034391095,0.003226537,0.0030309554,0.0031207342,0.0064347283,0.0056797404,0.0054192043,0.0050547839,0.0047708658,0.0050121898,0.0060728929,0.0051302276,0.0049819526,0.0076459005,0.0051098168,0.0034362165,0.0058710339,0.005010937,0.0064048925,0.0038145219,0.0038590653,0.0039226342,0.0038682641,0.0038925564,0.0054118436,0.0038748307,0.0045433009,0.0048861188,0.0049129955,0.0038308229,0.0023564477,0.0024584359
0.0056738319,0.0049842719,0.0047031877,0.0047338842,0.0047209238,0.0047970974,0.0046568773,0.0069478911,0.0069478911,0.0072769821,0.006416929,0.0075077026,0.0072769821,0.0064650589,0.0064650589,0.0062690255,0.0073392012,0.0069701349,0.0064508377,0.0066427241,0.0063898943,0.0071666769,0.0028091592,0.0028889943,0.0033331677,0.0086764951,0.0124257917,0.0088644604,0.0125547451,0.0095351663,0.0124928049,0.0079333816,0.010016191,0.0052195326,0.005135757,0.005072574,0.005208134,0.0027312653,0.0040988543,0.0026897958,0.0026801153,0.0031238264,0.003561474,0.0036812431,0.0036614681,0.0074166142,0.0082375482,0.0026402115,0.0026074531,0.0031869403,0.0033739875,0.0025659594,0.0021403101,0.0021532281,0.003316641,0.003790216,0.0034195962,0.0062981062,0.0046757507,0.0048191299,0.0046261861,0.0042986642,0.0046628799,0.0028809024,0.0028148615,0.0029790142,0.003288404,0.0043382068,0.0039331495,0.0025060375,0.0025754139,0.0033690866,0.0025667997,0.002482633,0.0033461774,0.0029636847,0.0032103802,0.0031541628,0.0041616632,0.0040582056,0.0054384252,0.0058289561,0.0054387054,0.0029879785,0.0029070444,0.0027818663,0.0027907316,0.0054281976,0.0048355163,0.0047190396,0.0048830385,0.004412691,0.0051964941,0.0062916215,0.0053099587,0.0051663691,0.0075273649,0.0052919337,0.0036555747,0.0061056038,0.0051901917,0.0065966295,0.0039860846,0.0040475231,0.0033331677,0.0032633753,0.0032821635,0.0046777802,0.0032632767,0.0039012729,0.0049009443,0.0049137766,0.0038176241,0.002409083,0.0024349965
0.0060090009,0.0054731231,0.0046200314,0.0046425436,0.0046290443,0.0047140634,0.0045884297,0.0070405431,0.0070405431,0.0071137632,0.0063402267,0.0073213799,0.0071137632,0.0065343194,0.0065343194,0.0062551944,0.0072324149,0.0070808687,0.0065494483,0.0067404014,0.0064860889,0.0069332441,0.002968454,0.0030265071,0.0034544691,0.0087526965,0.0126586865,0.0091337358,0.0127746746,0.0098353136,0.0127027427,0.0075877167,0.0101498688,0.0052973549,0.0052008063,0.0051747108,0.0053068507,0.0031956203,0.0041133401,0.0030859995,0.003077413,0.0036044083,0.0039566738,0.0041134941,0.0041357368,0.0081301116,0.008884563,0.002682109,0.0026477476,0.0033494188,0.0034936045,0.0028645611,0.0024956148,0.0025153203,0.0037937068,0.004324595,0.0039939766,0.0067215644,0.0045425736,0.0045779521,0.0044995771,0.004136651,0.0045491972,0.0032534401,0.0031691818,0.0031561896,0.0034480401,0.0042333955,0.003767092,0.0026048073,0.0027287274,0.0029321872,0.0027165608,0.0026676347,0.0038319208,0.0031830351,0.0036215903,0.0035912118,0.0046441179,0.0046502023,0.0055243705,0.0058361386,0.0055260819,0.0032289972,0.0030410274,0.0028327521,0.0028747743,0.0052754351,0.0046977264,0.0050799226,0.0053914245,0.0049451273,0.0057664755,0.0069618078,0.0058931085,0.005728478,0.0083874936,0.00587133,0.0039140675,0.0067640745,0.0057590842,0.0071836912,0.0039933252,0.0040550401,0.0034544691,0.0033935059,0.0033992174,0.0049285837,0.0033839146,0.0040332163,0.0049827066,0.0049928896,0.0039033496,0.0027894453,0.0027328002
0.0065920252,0.0058678734,0.0044469109,0.0044597502,0.0044533123,0.0045318839,0.004424638,0.0069679321,0.0069679321,0.0070627175,0.0064120297,0.0071725446,0.0070627175,0.0064845182,0.0064845182,0.0062509137,0.006778962,0.0069919995,0.0065063713,0.0066749349,0.0064161186,0.0068664297,0.0030000738,0.0030022887,0.0040617349,0.0093632821,0.0130095561,0.0096641238,0.0131063023,0.0104292023,0.0130604786,0.0082966491,0.0106668054,0.0060825582,0.005994228,0.005941696,0.0060814165,0.0033632168,0.0041660755,0.0033204116,0.0033031377,0.0039573762,0.0041471182,0.0044562908,0.0045292887,0.0086611745,0.009452396,0.0031331804,0.0030848783,0.0038984283,0.0041053957,0.003204821,0.0024602307,0.0024854505,0.0040016651,0.0046887863,0.0042262554,0.0073672384,0.0055137106,0.0055047832,0.0054582321,0.0050089102,0.0055152727,0.0033233429,0.0032404634,0.003653728,0.0034956787,0.0042254384,0.0038838144,0.0029548759,0.0031396703,0.0030962313,0.0031787377,0.0030967158,0.0041797384,0.0035311668,0.003944838,0.0039636262,0.0048541384,0.0049594842,0.0054426776,0.0058262491,0.0054461273,0.0037723821,0.003449178,0.0032940582,0.0033786311,0.0061335526,0.0056098106,0.0056192894,0.0057851946,0.0053560825,0.0059476675,0.0070522075,0.0060760755,0.0059450134,0.0086059929,0.0060654502,0.0039758366,0.0068560092,0.0059438828,0.0071738283,0.0039425693,0.0039953325,0.0040617349,0.0039841082,0.0039973297,0.0055131665,0.0039799894,0.0046962318,0.0050935175,0.0051139821,0.0040752456,0.0029099929,0.0029442925
0.0067297811,0.0062435658,0.0043077349,0.0043393839,0.0043207773,0.0043925165,0.0042399234,0.0067424627,0.0067424627,0.0069140859,0.0062031814,0.0070312529,0.0069140859,0.0062463221,0.0062463221,0.00612327,0.0067173606,0.0067898356,0.0061527352,0.0063226009,0.0060940776,0.0067007877,0.0030165002,0.0031175047,0.0041822478,0.0092458866,0.0132209467,0.0094968849,0.0133277061,0.0103450609,0.0133280852,0.0084288394,0.0108951679,0.0062351877,0.0061226977,0.0060619394,0.0062247783,0.003168921,0.0038904474,0.003380653,0.0033550325,0.0041563915,0.0042387356,0.004622387,0.0047244845,0.0088677918,0.0096984804,0.003369362,0.0033025255,0.0040088078,0.0041825738,0.0032284457,0.0023908793,0.0024067328,0.0040132332,0.0048801009,0.0044283314,0.0076035877,0.0055595991,0.0056175568,0.0055111036,0.0051808516,0.0055493113,0.0033224283,0.003226772,0.0037186175,0.0033641172,0.0041357769,0.0035176731,0.0031818675,0.0032449974,0.0035779856,0.0032713457,0.0032472161,0.0043340596,0.0036600332,0.0040570609,0.0041051779,0.0050467193,0.0051618241,0.0055665064,0.0059878439,0.0055731075,0.0038969689,0.0036437998,0.0035037099,0.0036066179,0.0061397717,0.0056398137,0.0057332762,0.0062368911,0.0055992186,0.0064092634,0.0075691516,0.0065375478,0.0063643248,0.0092169172,0.0065162426,0.0041326696,0.0073162873,0.0064162168,0.0075740401,0.0038870464,0.003943488,0.0041822478,0.0041745662,0.0041861137,0.0054700793,0.0041630901,0.00485378,0.0051531134,0.0051477252,0.0041074717,0.002905228,0.0029389734
0.00693588,0.0061764498,0.0043040453,0.0043425536,0.0043199741,0.0043894536,0.0041970568,0.0067710519,0.0067710519,0.0068379766,0.0062030009,0.0069119884,0.0068379766,0.0063094512,0.0063094512,0.0062904328,0.0065784363,0.0067852217,0.0061632158,0.0063531828,0.0061277234,0.0065487168,0.002855537,0.0030019425,0.0043738014,0.0094563514,0.0129533462,0.009660359,0.0130742611,0.0102538823,0.0130764858,0.008675408,0.0107559205,0.0064180993,0.0063180122,0.0062409847,0.0064060285,0.0032609078,0.0042026818,0.0032270217,0.0031938099,0.0039741448,0.0041102391,0.0045915854,0.0046959247,0.0091190731,0.0096757356,0.003480224,0.0034199024,0.0042475635,0.0043937135,0.0030779812,0.0024357439,0.0024510061,0.0039104477,0.0047500276,0.0043709839,0.0078521696,0.0054932726,0.0056594809,0.0053881219,0.0050589795,0.005460709,0.0034018502,0.0032962259,0.0039021934,0.0031507873,0.0040976929,0.0035463613,0.0032794163,0.0033066892,0.0036444734,0.0033650778,0.0034325604,0.0042634708,0.0036190049,0.0040045236,0.0039857358,0.0048081828,0.004898446,0.0054074911,0.0060073342,0.005412762,0.004056774,0.0037395233,0.0037086622,0.0036649837,0.0062774948,0.0058253962,0.0057646451,0.0062144616,0.0055127134,0.0060533963,0.0072783939,0.006174662,0.0059993748,0.0088297693,0.0061507377,0.0041493752,0.007044353,0.006070745,0.0074337748,0.0038233887,0.0038681891,0.0043738014,0.0043545677,0.0043592861,0.0055393569,0.0043373146,0.0048009045,0.0050950609,0.0051021717,0.0041603752,0.0028275484,0.0028044703
0.0069069458,0.0061102875,0.0041394156,0.0041467528,0.0041413715,0.0042144767,0.003976526,0.0067359691,0.0067359691,0.0070051396,0.0061243792,0.0071003705,0.0070051396,0.0062754396,0.0062754396,0.0061486174,0.0068318254,0.0067475441,0.0061455344,0.0063255872,0.0060987055,0.0067567191,0.0027417017,0.0028795406,0.0042903819,0.009743575,0.0130282187,0.0099777518,0.0131425156,0.0106655007,0.0131425319,0.0088963059,0.0110502392,0.0065473462,0.0064574052,0.0063640233,0.0065220903,0.0035367618,0.0041366632,0.0034182326,0.0033819632,0.0040689972,0.0044834254,0.0045602604,0.0046861396,0.0082914524,0.008955983,0.003446676,0.0033987601,0.0040811931,0.0042825507,0.0031617851,0.0025361687,0.0025621677,0.0041435201,0.0049050774,0.0045321524,0.0073260708,0.0055647188,0.0058225639,0.0054800858,0.0051591385,0.0055636087,0.003635475,0.0036101437,0.0038564451,0.0030170837,0.0037962788,0.0035269372,0.0030807451,0.0031393198,0.0038326264,0.0031450972,0.0031506969,0.0042880726,0.0036705479,0.003964991,0.0039851201,0.0050945469,0.0051985059,0.0055586951,0.0060032167,0.0055589316,0.0039581191,0.0036378573,0.0035697774,0.0036482597,0.0065359951,0.0059536153,0.0057394809,0.0060112528,0.0054561201,0.0060415583,0.0068474306,0.0061399267,0.0059923962,0.0081616879,0.00612695,0.003812699,0.0066278611,0.0060536792,0.0069312146,0.0037597753,0.0038152035,0.0042903819,0.0043095635,0.0043134955,0.0056681382,0.0042966101,0.0047782379,0.0051102545,0.0051150226,0.0039707913,0.003030924,0.0029527875
0.0064003254,0.0056895812,0.0038905957,0.0039090168,0.0038994335,0.003965471,0.0037790273,0.0064957951,0.0064957951,0.0069575201,0.0059866847,0.0070759549,0.0069575201,0.0059971066,0.0059971066,0.0058592864,0.0068412729,0.0065496705,0.0057879302,0.0059768524,0.005772925,0.006709616,0.0028311703,0.0029921703,0.0044023188,0.0090774802,0.0128873448,0.0091918757,0.013002149,0.0099343764,0.012974208,0.0081132764,0.0102915132,0.0063486212,0.0062680306,0.0061853438,0.0063133111,0.0031564493,0.0040517661,0.0032440028,0.0032203076,0.0039090142,0.0040525274,0.004736399,0.0047851722,0.0078164465,0.0084751663,0.0034426604,0.0033889948,0.0042802181,0.0044380372,0.0030948267,0.0024985392,0.0025233448,0.003758792,0.0045677198,0.0043645931,0.006833308,0.0057387934,0.0059910118,0.0056605497,0.0053004233,0.0057598542,0.003238282,0.0031612938,0.0039664469,0.0029437491,0.0037086934,0.0033903559,0.0031954962,0.0031573306,0.0037837031,0.0031627635,0.0031385569,0.0044107149,0.0036913594,0.0040661733,0.0039538111,0.0046560462,0.0047686142,0.0054870278,0.0057557667,0.0054797413,0.0041996194,0.0037291872,0.0035762979,0.0036421986,0.0065372156,0.0059783226,0.0057897465,0.0058285528,0.0054053792,0.0057078844,0.006885574,0.0058155361,0.0056510021,0.0082792979,0.0057948361,0.003645776,0.0066348129,0.0057293931,0.0071557594,0.0037286377,0.0037818259,0.0044023188,0.0043619695,0.0043727066,0.0057766132,0.0043529247,0.0049459448,0.0050001823,0.0050232163,0.0038350188,0.00288985,0.0029036146
0.0058227104,0.0054087865,0.0039996201,0.0040179993,0.0040083156,0.0040746757,0.0038550823,0.0063602285,0.0063602285,0.006855776,0.0059325285,0.0070377788,0.006855776,0.0058789111,0.0058789111,0.0058355135,0.0068233313,0.0064061715,0.0057104212,0.0058805472,0.0056744257,0.0066736364,0.0028001191,0.0029698427,0.0038038627,0.0083641453,0.0118577974,0.0085391616,0.0119732269,0.0088769419,0.011949229,0.007623637,0.0096021804,0.005527371,0.0054455675,0.0053958432,0.0055096019,0.0028230712,0.0040285087,0.0029815302,0.0029610292,0.0035263491,0.0037791312,0.0041783064,0.004182886,0.0078564834,0.0085320049,0.0033122811,0.0032637405,0.0037617557,0.0038511557,0.0028367877,0.0022760882,0.0022871326,0.0034300649,0.0039801188,0.0037378906,0.0065269993,0.0050073328,0.0052778224,0.0049980217,0.00473973,0.0050395165,0.0029642712,0.0028654063,0.0036225783,0.0028621896,0.0035909646,0.0032979816,0.0030654981,0.0027998266,0.0038890028,0.0029181943,0.0029411384,0.0038677512,0.0032287141,0.0036512654,0.0036085057,0.0044862292,0.0044873691,0.005265684,0.0055530792,0.0052563646,0.0037051561,0.0034394825,0.0032179984,0.0035032613,0.0056972669,0.0051207668,0.0051861832,0.005273368,0.0048003121,0.0057584392,0.0072067938,0.005884517,0.0057923076,0.0083617805,0.0058849042,0.0037324559,0.0069623642,0.0057529563,0.007608658,0.0036846809,0.0037361222,0.0038038627,0.0037512436,0.0037549172,0.0053112387,0.0037406269,0.0043256151,0.0049321028,0.0049622816,0.0037458462,0.0026572215,0.0027142722
0.0054142389,0.0055116924,0.0040921672,0.0041086915,0.0040996321,0.0041698884,0.0039828377,0.0065754146,0.0065754146,0.0069459806,0.0061006153,0.0071207687,0.0069459806,0.0061128969,0.0061128969,0.0060531951,0.0070760156,0.0065961865,0.0059567486,0.0061323823,0.0059141535,0.0068166889,0.0026213026,0.0027420266,0.0033135024,0.0079104813,0.0116915017,0.0082183844,0.0118288979,0.0087684715,0.0118550927,0.0071250625,0.0093230333,0.0052965444,0.005207349,0.0051772365,0.0052834549,0.0028811247,0.0038021783,0.0029282896,0.0029205726,0.0033300819,0.0039313844,0.0037954476,0.0038886472,0.0080225389,0.0085472743,0.0028718983,0.0028408861,0.0032362903,0.0033401465,0.0026896385,0.0022650778,0.002266191,0.0036419333,0.0041031639,0.0036843361,0.0064341271,0.0045887809,0.0048379913,0.0045631771,0.004321916,0.0045864903,0.0030531531,0.0029748236,0.0029949976,0.0028791116,0.0038318396,0.0033346385,0.0026338014,0.0025776764,0.003555854,0.0025722167,0.0025281243,0.0035736434,0.0031242281,0.0033315934,0.0033577278,0.0048073705,0.0046902424,0.0051619653,0.0055140365,0.0051566622,0.0031010392,0.0032057073,0.0028884993,0.0029691042,0.0052854333,0.0048628378,0.0048179066,0.0050517924,0.0044887549,0.0062795479,0.0075555073,0.0064314326,0.0062699872,0.0086500535,0.0064117674,0.0037736503,0.0073287149,0.0062600826,0.0079261069,0.0036107262,0.0036645095,0.0033135024,0.0032828035,0.0032993003,0.0046212431,0.0032758,0.0038903302,0.0048233826,0.0048586389,0.0036496573,0.0026122375,0.0026337698
0.0057423226,0.0057785299,0.0042496184,0.0042713733,0.0042600455,0.0043306358,0.0040948757,0.0067946214,0.0067946214,0.0069941547,0.0063004394,0.0072371217,0.0069941547,0.0063394339,0.0063394339,0.0062822852,0.0070647714,0.0067986766,0.0062146922,0.0063761502,0.0061457432,0.0068674092,0.0027255417,0.0028388059,0.0033980104,0.0080145892,0.0116209424,0.0083060621,0.0117408781,0.008730916,0.0117263174,0.0073816077,0.0092554139,0.0051858097,0.0050753476,0.0050416806,0.0051830861,0.0029694281,0.0038314587,0.003058375,0.003044308,0.0034423747,0.0041566997,0.0038151587,0.0039773312,0.0080187122,0.0088853028,0.002668516,0.0026408837,0.0032962583,0.0034372337,0.0027709142,0.0023904333,0.0024001167,0.0040485507,0.0047391017,0.0041697701,0.0067071629,0.0043618958,0.0045293622,0.0043026212,0.0040035872,0.0043484378,0.0031400799,0.003016074,0.0029685528,0.0029639622,0.0040320148,0.0034386641,0.0024574264,0.0025501076,0.0029521392,0.0024808694,0.0023992753,0.0035889458,0.003017692,0.0032829885,0.003364783,0.0050168486,0.0050809017,0.0050925325,0.0055110127,0.0050869894,0.0031621517,0.0030817045,0.0028847608,0.0027579424,0.0051499257,0.0046645399,0.0046502389,0.0055284819,0.0046940142,0.0062569455,0.0071529795,0.0063913795,0.0061830795,0.0083759125,0.0063590618,0.0038883754,0.0069580736,0.0062500969,0.0072632257,0.0036383146,0.003699516,0.0033980104,0.0033467368,0.0033442837,0.0045013104,0.0033332031,0.0037844753,0.0047527925,0.0048070606,0.0035787727,0.0027240319,0.0027250733
0.0061053465,0.0056358535,0.0044022767,0.004446876,0.0044212066,0.0044925017,0.0043558316,0.0069458304,0.0069458304,0.0071671602,0.0065067838,0.0073223988,0.0071671602,0.0064810828,0.0064810828,0.0065284075,0.0072359648,0.0069514648,0.0063640398,0.0065356144,0.0062945991,0.0070408245,0.0026940524,0.0027836917,0.0035977104,0.0086159969,0.0115838264,0.0088374747,0.011701851,0.009050542,0.0117288847,0.0078530125,0.0096490232,0.0056790222,0.0055846229,0.0055235222,0.0056722719,0.0027743295,0.0035473458,0.0029626743,0.0029423792,0.0037455684,0.0037062757,0.0042969535,0.0044012434,0.0079555563,0.0085874097,0.0029740889,0.0029294385,0.003461009,0.0036482646,0.0027483753,0.0023169809,0.0023280927,0.0034880944,0.0043807108,0.0039383017,0.0068469896,0.0046943945,0.0050101479,0.0046730885,0.0044514518,0.0046842399,0.0029916774,0.0028959188,0.0031387399,0.0031093858,0.004254213,0.0035364609,0.0026188313,0.0027630351,0.0028984646,0.0027586295,0.0026549479,0.0039765517,0.0033279858,0.003707467,0.0037237451,0.0046465097,0.0047390007,0.0051139033,0.0055707002,0.00510353,0.0032969069,0.0034224924,0.0029899545,0.0030506372,0.0057706993,0.0051315,0.0052059128,0.0056507955,0.0051735135,0.0059495549,0.007188833,0.0060937712,0.0058901785,0.0083709215,0.0060578726,0.0038568434,0.0070023802,0.005955032,0.0072752733,0.003622616,0.0036686497,0.0035977104,0.0035182365,0.003528751,0.0047962045,0.0035114281,0.0040578441,0.0048341217,0.00489677,0.0036466311,0.0025787003,0.0026377056
0.0056702073,0.0053091917,0.0046204969,0.0046594854,0.0046379517,0.0047117132,0.004563924,0.0070153819,0.0070153819,0.007305325,0.0064796354,0.0074720458,0.007305325,0.0065097865,0.0065097865,0.0064405813,0.0074264969,0.0070498674,0.0064035767,0.006556817,0.006301875,0.0071711601,0.0028789205,0.0028779108,0.0038552738,0.0086382811,0.0121153269,0.0088833953,0.0122382464,0.0093494904,0.0122409009,0.0078258967,0.009873538,0.005552453,0.0054760366,0.0054256797,0.0055421481,0.0027496799,0.0036452628,0.0028493111,0.0028316545,0.0032700293,0.0037401625,0.0039085971,0.0039444193,0.0080706979,0.0086380066,0.0027795787,0.0027466891,0.0036873193,0.00391403,0.0026955096,0.0023808063,0.0023748,0.0033409444,0.0039371462,0.0035620191,0.0066603816,0.0051968036,0.0053458988,0.0051144575,0.0047299342,0.0051836401,0.0029682965,0.0029019226,0.0031749905,0.0032982326,0.004261751,0.003695567,0.0025798953,0.0027043995,0.0030741545,0.0026457085,0.0025666693,0.0035749912,0.0031025165,0.0033718779,0.0033372248,0.0043139722,0.0043685257,0.0053012753,0.0056805774,0.0052939538,0.003476863,0.0032501668,0.0030313248,0.0029096193,0.0059768175,0.0052147228,0.0050748512,0.0051601212,0.0046838938,0.0055799566,0.0068308267,0.0057124028,0.0055453847,0.0081463132,0.005687241,0.0039208194,0.0066331826,0.0055871649,0.0070970222,0.0036710438,0.0037240583,0.0038552738,0.0037598727,0.003771929,0.0051938179,0.0037553068,0.0044484613,0.0049485198,0.0049924396,0.0037361056,0.0025637872,0.0026281507
0.0056945958,0.0054360788,0.004484266,0.0045223344,0.0045012125,0.0045718743,0.0043776944,0.0070028786,0.0070028786,0.0074406512,0.0065154398,0.0076337613,0.0074406512,0.0065213533,0.0065213533,0.0065175971,0.0075163113,0.0070193148,0.006436353,0.0065681214,0.0062910071,0.0073107991,0.0028670233,0.0028805896,0.0035425365,0.0087151097,0.0120886382,0.0088310021,0.012207901,0.009432392,0.012141674,0.0078662375,0.0099978722,0.0056490288,0.0055460552,0.0054814274,0.0056189656,0.0029437462,0.0039946552,0.0030458451,0.0030266486,0.0034378976,0.0038129254,0.0038500309,0.0039497038,0.0084097951,0.0090706229,0.0027908368,0.0027528507,0.0034767639,0.0036146094,0.0028720378,0.0024250062,0.0024239986,0.0036682635,0.0041268681,0.0037337681,0.0068114066,0.004836467,0.0051312125,0.004746259,0.0044167743,0.0048109326,0.0031799431,0.0031006264,0.0031709208,0.0032897069,0.0043359474,0.0037987321,0.0027299493,0.0027779382,0.0030587502,0.0027471983,0.0026687031,0.0036052524,0.0031506979,0.0034545108,0.0034343424,0.0044734736,0.0045171844,0.0055503384,0.0059414971,0.005550238,0.003284167,0.0031545038,0.0029251899,0.0029749385,0.0058764819,0.0051832132,0.0048346135,0.0051669962,0.0044669597,0.0057529736,0.0073599906,0.0059190667,0.0057615701,0.0084261743,0.0058938452,0.0038111958,0.0071481264,0.0057541198,0.0074725375,0.0039123139,0.0039569948,0.0035425365,0.003434409,0.0034455486,0.0048837625,0.003429041,0.0040846045,0.0051888102,0.0052195092,0.0038965516,0.0026727924,0.0026917233
0.0062934139,0.0057355052,0.0046772984,0.0047166686,0.0046949613,0.0047657675,0.0045728672,0.0071105578,0.0071105578,0.0073640068,0.0066537082,0.00759807,0.0073640068,0.006633087,0.006633087,0.006605379,0.0074470606,0.00711883,0.0066386304,0.0067741498,0.006480811,0.0072812894,0.0030465658,0.0031384564,0.0041667522,0.0087931255,0.0117905689,0.0088633304,0.0119159443,0.0093681769,0.0119202502,0.0081192568,0.0101439085,0.006034588,0.0059259786,0.0058692814,0.006021312,0.0028899514,0.004166371,0.0030661726,0.0030427535,0.0036694259,0.0041482639,0.0042992328,0.0042935929,0.0086179365,0.0092551799,0.0030865318,0.00302573,0.0040484318,0.0042184554,0.002874029,0.002202951,0.0022063201,0.0037555181,0.0043063194,0.0038645792,0.0071887503,0.0052738252,0.0054127064,0.0052049943,0.0048160866,0.0052685207,0.0031466038,0.0030510042,0.003704145,0.0032466179,0.0045648596,0.0040287585,0.0029930005,0.0029627269,0.0030740443,0.0029559752,0.0029402505,0.0039723082,0.0034153894,0.0037679838,0.0037213005,0.0049463319,0.0048187677,0.0053774043,0.0057950891,0.0053783818,0.0039200932,0.003542188,0.0034140491,0.0033650727,0.0060446797,0.0054589012,0.0052506762,0.005659891,0.0051092344,0.0062964455,0.0074974965,0.0064540865,0.006313042,0.0084932121,0.0064406288,0.0040737243,0.0073133951,0.0062863583,0.0075672052,0.0042009241,0.0042573762,0.0041667522,0.0040913227,0.0040995182,0.0055381495,0.0040793304,0.0046516217,0.0051101842,0.0051454196,0.0040681207,0.0025648854,0.002633376
0.006436371,0.0060131384,0.0044858924,0.0045119476,0.0044951694,0.0045659854,0.0044812906,0.0069902575,0.0069902575,0.0073381568,0.0064245623,0.0075513335,0.0073381568,0.006524362,0.006524362,0.0063233516,0.0073631064,0.006993055,0.0065455734,0.0067215401,0.006458387,0.0072706898,0.0030756118,0.0031891069,0.0041048304,0.0087013481,0.0119299884,0.0088778832,0.0120613429,0.0092784693,0.0120490363,0.008323762,0.0099882186,0.0061846842,0.0061029891,0.0060369932,0.0061721078,0.0030393509,0.0040213424,0.0028683564,0.0028443564,0.0034471536,0.0044541092,0.0041392477,0.0042304356,0.0082664596,0.0088187675,0.0030641637,0.0030204998,0.0040120804,0.0041620439,0.0026010582,0.0023033981,0.0023022154,0.0041178804,0.0048034856,0.0041690606,0.0070165925,0.0054047752,0.0056206596,0.005349679,0.0050546203,0.0053763578,0.0034248939,0.0032844533,0.0036501394,0.0032491545,0.0044607328,0.0039400606,0.0029459276,0.0026318325,0.0036066637,0.0026020092,0.0026372283,0.0037283432,0.0030608102,0.0034731762,0.0034148352,0.0052933297,0.0051935634,0.005675438,0.0060621457,0.005682964,0.0039499821,0.0033185234,0.0033475092,0.0032598957,0.0061609228,0.0056486068,0.0053975554,0.0059067811,0.0052806474,0.0062630925,0.0073395609,0.0063689411,0.0062433408,0.0082347144,0.0063606731,0.0039803342,0.0071454748,0.0062599728,0.0074654738,0.0041193253,0.0041813931,0.0041048304,0.0040301082,0.0040383977,0.0054258241,0.004022454,0.0046072807,0.0053748929,0.0053918304,0.0041171644,0.0024969648,0.002530938
0.0063242059,0.0061850701,0.0044119243,0.004447,0.0044290153,0.0044971788,0.0043077927,0.0069107469,0.0069107469,0.0074629587,0.0064601799,0.0076737618,0.0074629587,0.0064402309,0.0064402309,0.006325851,0.0075253503,0.0069220198,0.0064528132,0.0066089125,0.0063356195,0.007372826,0.0029753153,0.0031743628,0.0039314328,0.008856062,0.0121466696,0.0091389929,0.0122570825,0.0094807005,0.012243171,0.0080932099,0.0101412811,0.0062370984,0.0061514467,0.0061023866,0.006223562,0.0033887861,0.0040083274,0.0032966434,0.0032757076,0.0040464648,0.0042360629,0.0047030606,0.0048189839,0.0084285597,0.0090794448,0.002787547,0.0027461495,0.0038098887,0.0039800734,0.0029806804,0.0027218622,0.0027387153,0.0040854493,0.0047828698,0.0043510392,0.0071558094,0.0055056231,0.0057719488,0.0054437307,0.0051221564,0.0054672116,0.0035680215,0.003509399,0.0033863474,0.0030949389,0.0044132965,0.0037214726,0.0027437283,0.0027550467,0.0035440342,0.0026958033,0.0026260769,0.0042737898,0.0034948991,0.0039805828,0.0039910714,0.0049556771,0.0049912292,0.0057205441,0.005940274,0.0057292938,0.0036552835,0.0034676113,0.0032427443,0.0030344057,0.0062879116,0.0057291998,0.0055690644,0.0060542531,0.0055872035,0.006307741,0.0075507208,0.0064406247,0.0062535819,0.0087179545,0.0064101698,0.0034557378,0.0073305778,0.0063013851,0.0075779135,0.0038345695,0.0038953045,0.0039314328,0.0038618321,0.0038753811,0.0053525568,0.0038572585,0.0044816345,0.0053780427,0.0053872167,0.004235016,0.0029309941,0.0029555045
0.0066000424,0.0060108146,0.0045069668,0.0045587398,0.0045320606,0.0045982911,0.0044702658,0.006681855,0.006681855,0.0072791339,0.0066208332,0.0074566547,0.0072791339,0.0062875123,0.0062875123,0.0062917943,0.0071856856,0.0066360658,0.0063860328,0.006497596,0.0062064658,0.0071581866,0.0029386731,0.0031023866,0.0043202111,0.0092439108,0.0125586365,0.0095074778,0.0126720316,0.009969758,0.0126012927,0.0085392597,0.0104234924,0.0064841438,0.0063683656,0.006274901,0.006449617,0.0034604972,0.0041313033,0.0034816677,0.0034715924,0.0040843149,0.0041097385,0.0046535604,0.0047645545,0.0086617274,0.0095177632,0.0031353135,0.0030868021,0.004178326,0.0043551535,0.0031663382,0.0026893753,0.0027224958,0.0040195972,0.0045383983,0.0043807212,0.0074473288,0.0059656549,0.0062576142,0.0059173035,0.0056368108,0.0059298073,0.0035780382,0.0034690316,0.0036936753,0.0032212418,0.004315297,0.0038063279,0.0031147101,0.0030962819,0.0033008286,0.0031059854,0.003181391,0.0043422146,0.0037032184,0.0040313552,0.0040412479,0.0047117358,0.0048960781,0.005547071,0.005771172,0.0055594995,0.0039341201,0.0038390163,0.0036769031,0.0033707271,0.0068765563,0.0061816722,0.0058276097,0.0058477337,0.0055239,0.0059817986,0.0072038142,0.0061205698,0.0058722167,0.0085026483,0.0060669219,0.0035396618,0.0069859611,0.0060094451,0.007280692,0.0037772075,0.0038264359,0.0043202111,0.0042679576,0.0042987993,0.0056377233,0.0042739493,0.0048011,0.0051865779,0.0051994175,0.0039431582,0.0030675163,0.0030779962
0.0063090691,0.0059662813,0.0044295222,0.0044614264,0.0044412938,0.0045136941,0.0043164708,0.0068114323,0.0068114323,0.0070378993,0.0065414125,0.0072250917,0.0070378993,0.0063898507,0.0063898507,0.006246133,0.006955459,0.0067853618,0.0064409493,0.0065592694,0.0062761115,0.0069610885,0.0032021365,0.0033199521,0.0043826681,0.0095398576,0.0125001663,0.0096887146,0.0126071577,0.010266692,0.0126390993,0.0087319115,0.0107462587,0.006255016,0.0061601198,0.0060822187,0.0062255851,0.0032599476,0.0042609622,0.0033468913,0.0033375347,0.0040041542,0.0043466556,0.0046376642,0.0047307267,0.0084325063,0.0091262156,0.0031095146,0.0030559639,0.0042030188,0.004421758,0.0031783455,0.0025419101,0.0025540875,0.0040928399,0.0046355951,0.0043395038,0.007138492,0.0058085545,0.0059973806,0.0057486691,0.0054233795,0.0057885861,0.0034782444,0.0033129153,0.0038040868,0.003108734,0.0042434319,0.0039512722,0.003159649,0.0030183177,0.0036163073,0.002996925,0.0029549559,0.0043410681,0.003607042,0.0040746347,0.0040792941,0.0050703726,0.0050457924,0.0055382139,0.0056854111,0.0055455813,0.0040137521,0.0037320024,0.003530558,0.0033420375,0.0066758316,0.0060449715,0.0057140087,0.005942709,0.0053868514,0.0061723549,0.0072818795,0.0062866038,0.0061083851,0.0086511983,0.0062577604,0.0037741649,0.0070638809,0.0061864646,0.0074522629,0.0038520632,0.0039072274,0.0043826681,0.0043243663,0.0043368101,0.00567675,0.0043141569,0.0047658632,0.0052204521,0.0052389625,0.0040000413,0.0029060031,0.0030186115
0.0061682205,0.0059498736,0.0044341608,0.0044652417,0.004446774,0.0045194663,0.0043591594,0.0070399465,0.0070399465,0.007188775,0.0066708521,0.0073436076,0.007188775,0.0065924378,0.0065924378,0.0064734535,0.0070858837,0.0070217695,0.0065210247,0.0066568642,0.0063855458,0.0071026625,0.0032695955,0.0033773132,0.0042952608,0.0093445614,0.0127410813,0.0094868333,0.012867499,0.0100470545,0.0128531833,0.0081983632,0.0105572077,0.0060254642,0.0058787375,0.0057844969,0.0059905535,0.0032454913,0.0041994479,0.0033705142,0.0033634354,0.0039822115,0.004470384,0.0045276063,0.004618109,0.008288851,0.0089505094,0.0033957976,0.0033338448,0.0041401007,0.0043408997,0.0031800024,0.0025805198,0.0026129448,0.004153784,0.004672366,0.0042942139,0.0068343253,0.0056063837,0.0057708215,0.0055553576,0.005142808,0.0056037778,0.0034166621,0.0032407875,0.0038228694,0.0031207153,0.0042957899,0.0039313042,0.0031527413,0.0031677354,0.0037295882,0.0031906031,0.003159966,0.0042192903,0.0036451333,0.004026742,0.0040089483,0.0053071236,0.0051845021,0.0053888601,0.0057146722,0.0053940143,0.0039862368,0.0036851559,0.0035150399,0.0036103833,0.0064911389,0.0057407927,0.0052939819,0.0058546226,0.0053035049,0.0066408604,0.0077988802,0.0067742504,0.0066598955,0.0088891545,0.0067692323,0.0038365906,0.0076063813,0.006621084,0.0078469233,0.0039244767,0.0039904729,0.0042952608,0.0042309958,0.0042388483,0.0056145347,0.0042214524,0.0048192646,0.0051228323,0.0051471073,0.0039709531,0.0030091313,0.0031191722
0.0062393127,0.0061645356,0.0043915674,0.0044059031,0.0043992281,0.0044721344,0.0042782493,0.0071389101,0.0071389101,0.0073771976,0.0068250236,0.0075552319,0.0073771976,0.0067001198,0.0067001198,0.0066381024,0.0073836635,0.0071106691,0.006681125,0.0067995858,0.0065072503,0.007244833,0.0032066479,0.0033633361,0.0045724415,0.0089052016,0.0121492387,0.0090498974,0.0122917592,0.0095503162,0.01227743,0.008035496,0.009929755,0.0059630648,0.0058112807,0.0057082325,0.0059287589,0.0032495307,0.0041867219,0.003580078,0.0035689071,0.0041659231,0.0042909727,0.004686897,0.0047696745,0.0085469061,0.0089494488,0.0034256991,0.0033689488,0.0044173342,0.0046199675,0.0034061703,0.0027073269,0.0027497759,0.0038828005,0.0045503585,0.0044280349,0.0073296443,0.005602038,0.0058441786,0.0056397752,0.0053025481,0.0056331787,0.0032488457,0.0031417203,0.0039435394,0.0031810632,0.0044056431,0.0038694618,0.0031744811,0.0032397148,0.0037508368,0.003165703,0.0030867932,0.0044831391,0.0038089821,0.004191738,0.0041604589,0.0051241689,0.0051226738,0.0056529104,0.0059006142,0.0056594344,0.0042234571,0.0039038096,0.0038153252,0.003633638,0.0062625564,0.0057439651,0.0054855658,0.0059093255,0.0052181019,0.0066929582,0.0081796696,0.0068505391,0.0067427266,0.0092113231,0.0068452825,0.0037898221,0.0079529262,0.0066825293,0.0082809682,0.0039341969,0.0039967885,0.0045724415,0.0045140279,0.0045191026,0.0056001706,0.0045029495,0.0051308245,0.0053842997,0.0053983038,0.0040200983,0.0031376363,0.0032613564
0.0063988155,0.0057865109,0.0044869504,0.0045028337,0.0044938413,0.0045677142,0.0043674976,0.0072639391,0.0072639391,0.0076334467,0.00675573,0.0078028873,0.0076334467,0.0068131516,0.0068131516,0.0067149672,0.0077352835,0.0072397509,0.0066720536,0.006822712,0.0065492807,0.0074654099,0.0030496983,0.0030953997,0.004402966,0.0085993142,0.0121700882,0.008897508,0.0123117687,0.0093371958,0.0123056972,0.0079692163,0.0098075205,0.0060696063,0.0059363062,0.0058876333,0.0060610399,0.0030081616,0.0042878049,0.0033034658,0.0032930432,0.0039140569,0.0039742116,0.0044985066,0.0045569413,0.0084726891,0.0089773943,0.003416424,0.0033653799,0.0042928962,0.0044525941,0.0032266556,0.0021682328,0.0021915432,0.0037044821,0.0043232318,0.0041081679,0.0071918863,0.0056299938,0.0057387149,0.0056010344,0.0052152358,0.0056224104,0.0030645436,0.0029266325,0.0038242826,0.003124526,0.0042012203,0.0038188238,0.0032012903,0.0032453142,0.0038501925,0.0032626868,0.0031983007,0.004264451,0.0038070288,0.0040902389,0.0040074132,0.0048105967,0.0047753828,0.0060032033,0.006255338,0.0060083998,0.0041237042,0.0038821892,0.0035816198,0.0035589639,0.006195708,0.0056564923,0.0055204969,0.005704903,0.0051426231,0.0060539651,0.0073208078,0.006164412,0.0060071075,0.0085459804,0.00615233,0.00381087,0.007087671,0.0060539457,0.0076088863,0.0038837424,0.003933425,0.004402966,0.0043414445,0.0043525063,0.005499133,0.0043331941,0.0049491635,0.0056406266,0.0056564821,0.004466463,0.0028012776,0.002922396
0.0057709372,0.0054220024,0.0046303832,0.0046453564,0.0046377335,0.0047125839,0.0044717071,0.0073792116,0.0073792116,0.0076913581,0.006991678,0.007848104,0.0076913581,0.0069417596,0.0069417596,0.0068190439,0.0077531912,0.0073419439,0.0069671648,0.0070966505,0.0067924425,0.0075293345,0.0031432346,0.003237095,0.0040081795,0.0080358139,0.0117882705,0.0083658379,0.0119065011,0.0088537781,0.0119074524,0.0071828569,0.0094187594,0.0055538528,0.0054722535,0.0054083042,0.0055293441,0.003011401,0.0044725346,0.0030466906,0.0030351236,0.0035815302,0.0040933885,0.0040007642,0.0040746559,0.0076434344,0.0081452174,0.0031933361,0.0031653962,0.0039169438,0.0040651563,0.002791142,0.0022364729,0.0022585965,0.0037187827,0.0041649983,0.003883801,0.0065972542,0.0052288288,0.0053249243,0.0051889747,0.0048535302,0.0052270969,0.0032735431,0.0031090906,0.0035689052,0.0032285623,0.004385903,0.003916905,0.0030293118,0.0029632503,0.0037366372,0.0029894014,0.0029862806,0.0037446993,0.0032767986,0.0034991875,0.0035257733,0.0046695722,0.0045744931,0.0060373408,0.0062573398,0.0060420905,0.0037543514,0.0033693969,0.0033554497,0.0032851802,0.0058300309,0.0053164747,0.0050263069,0.0052702587,0.0046456806,0.0058029396,0.0072384302,0.0059378861,0.005876732,0.0082279809,0.0059501226,0.0039233719,0.007025816,0.0057962983,0.0075012774,0.0041348057,0.0041861974,0.0040081795,0.0039302629,0.0039424965,0.0054098233,0.0039256129,0.004569575,0.0055577019,0.0055838422,0.0045277707,0.0025973194,0.002688999
0.0054568441,0.0057495847,0.0047845839,0.0048129269,0.0048021658,0.0048704148,0.0046205276,0.0070829004,0.0070829004,0.0075638684,0.0067324958,0.0078073052,0.0075638684,0.0066251733,0.0066251733,0.0066247694,0.0077591597,0.0070729833,0.0065359136,0.0066922274,0.0064335042,0.0074539688,0.0033083755,0.0033734089,0.0036726781,0.0075059434,0.0112546698,0.0078628611,0.0113903208,0.0083605684,0.0114552118,0.0067103878,0.0087959736,0.0050658687,0.0049825257,0.0049636239,0.0050594931,0.0033175483,0.0042091245,0.0032237517,0.0032100188,0.0036923431,0.0044387941,0.0039080486,0.0040164688,0.0079299906,0.0083482639,0.0030754101,0.0030499309,0.0035916483,0.0037354035,0.0027950201,0.0024561712,0.0024726413,0.0040918931,0.0046099719,0.0041518219,0.0064636278,0.0046091288,0.0046835622,0.004550276,0.0041952649,0.004610891,0.0036236837,0.0034783653,0.0033856392,0.0034190172,0.0043182757,0.0037327674,0.0028765212,0.0026332552,0.0035006229,0.0026847264,0.0026779316,0.0036732063,0.0031082594,0.0033918965,0.003506049,0.0054040326,0.0052023601,0.0055939754,0.0058834917,0.0055931451,0.0034621243,0.0030863354,0.0029589382,0.0032505455,0.0051834937,0.0046855413,0.0047511306,0.0053559271,0.0046032514,0.0067145146,0.0081941722,0.0068751632,0.0067876333,0.0090104226,0.0068825389,0.0043298208,0.0079771396,0.0066923962,0.0083006243,0.0043029925,0.0043682134,0.0036726781,0.0035811028,0.0035894927,0.0050049861,0.0035760691,0.0041263257,0.0053341691,0.0053565229,0.0043768979,0.0028048563,0.0028548205
0.0062385806,0.0064113219,0.0044963391,0.0044844884,0.0044886335,0.0045687877,0.0044057707,0.0070102377,0.0070102377,0.0074062835,0.0064598106,0.0076275422,0.0074062835,0.0065307613,0.0065307613,0.0064035543,0.0076441137,0.0070216318,0.0064028411,0.0065535661,0.0063007516,0.0072542015,0.0030966328,0.0032217804,0.0035886807,0.0081612811,0.0116996748,0.0086020259,0.0118330825,0.0088616821,0.0118284665,0.0076047599,0.0093166304,0.0055476398,0.0054492536,0.0054246606,0.0055501644,0.0035973524,0.003830662,0.0034033858,0.0033942247,0.0039444849,0.0048908351,0.0042999721,0.0044923137,0.0088779441,0.0094563958,0.0027725582,0.0027314286,0.0035260533,0.003644905,0.0030222592,0.0028495156,0.0028518611,0.0045344149,0.0050718639,0.0047414316,0.0074292118,0.0046851293,0.0048427714,0.0046271721,0.0043138988,0.0046734165,0.0038625313,0.0037176153,0.0032240477,0.00332863,0.0039478568,0.0036740714,0.0026284724,0.0027674252,0.0033165424,0.0027390898,0.0026723536,0.003976953,0.0032955033,0.0035875825,0.003681863,0.0057240705,0.0056315135,0.0056445009,0.0058757804,0.0056441384,0.0034015731,0.0032569648,0.0030654519,0.0030280807,0.0055767502,0.004944422,0.0051386137,0.0062357076,0.0053454608,0.0066991104,0.007929233,0.006848241,0.0067642778,0.0091708937,0.0068568205,0.0041711587,0.0077326632,0.006687533,0.0080471997,0.0038448721,0.0039071405,0.0035886807,0.0035116266,0.0035177543,0.0048531644,0.0035039939,0.0039736686,0.0052988884,0.0053321481,0.0042733061,0.003058483,0.0031352545
0.0066766759,0.006591388,0.0042928009,0.0043467175,0.0043222262,0.0043766193,0.0041754793,0.00695338,0.00695338,0.0074690505,0.0064984009,0.0076873554,0.0074690505,0.0064955127,0.0064955127,0.006368653,0.0075817529,0.0069520922,0.0064563057,0.0066076141,0.0063435991,0.0073506224,0.0029633432,0.0030838554,0.0041947972,0.0092579906,0.0123715976,0.0094187122,0.0124919489,0.0099514226,0.0125248472,0.008600584,0.0103596087,0.0062501972,0.0061548674,0.0061037632,0.0062408122,0.00389187,0.0038795231,0.0038409276,0.0038274175,0.0043110056,0.0048306425,0.0047899559,0.0049176958,0.0085557734,0.0092383089,0.0032124059,0.0031519656,0.0041137684,0.0042624757,0.0034176254,0.0030285814,0.0030309394,0.0044996488,0.005180971,0.0048276165,0.0074978741,0.0055849719,0.0057018535,0.0054992122,0.0050972049,0.0055835194,0.0039434905,0.003863479,0.0038297285,0.0031251839,0.0039098224,0.0037315179,0.0030120146,0.0032218951,0.0031500412,0.0032172528,0.0031374087,0.0044042969,0.0037489333,0.0040634455,0.0041575535,0.0057913113,0.005656237,0.0057355606,0.0059494151,0.005736438,0.0040315299,0.0036896313,0.0034649222,0.0034830635,0.0064128285,0.0057142983,0.0057349392,0.0063341533,0.0056492759,0.0071057436,0.0080435943,0.0072317432,0.0071137335,0.0089410537,0.0072342731,0.003931504,0.0078676887,0.0070801533,0.0080646022,0.0038617891,0.003912862,0.0041947972,0.0041038601,0.0040994965,0.0058435743,0.0040912382,0.0047054424,0.0053501498,0.0053933168,0.0043413908,0.003444903,0.0034520981
0.0067944035,0.0066903948,0.0044816323,0.0045409972,0.0045098764,0.004567675,0.0043667594,0.00687562,0.00687562,0.0073312012,0.0063760957,0.00753597,0.0073312012,0.0064134922,0.0064134922,0.006353755,0.0075216925,0.0068799432,0.0063619995,0.0065125054,0.0062536797,0.0072326227,0.0030744684,0.003157917,0.0043893017,0.0085680309,0.0123790854,0.0087871945,0.0125030177,0.0093217389,0.0124513989,0.0079355826,0.0099353531,0.0062494149,0.006141559,0.0060761306,0.0062390243,0.0037250413,0.0040197455,0.0038428003,0.0038286861,0.0044773427,0.0048515007,0.0048985212,0.0050554406,0.0086662785,0.00922615,0.0035297174,0.0034844191,0.0042546788,0.0044547951,0.003555132,0.0029082417,0.0029272514,0.0044115785,0.005171367,0.0047013625,0.0075510819,0.0055274295,0.0056964142,0.0054788361,0.0051122445,0.0055172792,0.0036764847,0.0035771629,0.0039862017,0.0031127566,0.0042243488,0.0036699498,0.0033081924,0.0034817292,0.0037296556,0.0034815333,0.0034911622,0.0046994948,0.0040404462,0.0043905333,0.004449683,0.0057960004,0.0057692111,0.0056280929,0.0057660793,0.005644396,0.0041524437,0.0039936646,0.0036570274,0.0037543698,0.006326751,0.005818659,0.0056862521,0.0063303896,0.0056088077,0.0070097899,0.0080178663,0.0071340327,0.0069336754,0.0090777566,0.0071098007,0.0039006986,0.0078038722,0.0070060229,0.0080718979,0.0039433767,0.0040055615,0.0043893017,0.0043008448,0.0042896847,0.0056172427,0.0042884132,0.0048933948,0.0053886463,0.005406887,0.0044186113,0.0034451879,0.0034585156
0.0070387651,0.0069065443,0.0043863696,0.0044418234,0.0044157109,0.0044716932,0.0041862759,0.0068272083,0.0068272083,0.0074499608,0.0063888622,0.0076887288,0.0074499608,0.0063776472,0.0063776472,0.0062997694,0.0076301577,0.006823642,0.0062479431,0.0064160847,0.0061789163,0.0073545566,0.003263304,0.003328446,0.0044270389,0.0085723674,0.0120886951,0.0086849722,0.0122102167,0.0093015573,0.0122341945,0.007979842,0.0098302545,0.0063562372,0.0062709906,0.0062351066,0.0063633486,0.0035273109,0.0039629349,0.0035686641,0.0035450856,0.0041937656,0.0048137759,0.0048630847,0.0050426587,0.0090176168,0.0095991672,0.0033779504,0.0033512094,0.0043334715,0.0045008212,0.0033929049,0.0027389252,0.002752863,0.004330061,0.0051640582,0.0046109245,0.0079818578,0.005431326,0.0055694854,0.0054039219,0.0051043566,0.0054288486,0.0036370422,0.0035244352,0.0039449778,0.0031037269,0.003972267,0.0035803795,0.0033637177,0.0034288062,0.0039169628,0.0034772038,0.0035358139,0.0045208688,0.0037604007,0.0041491764,0.0041839254,0.0058261016,0.0056956603,0.0054924837,0.0057843188,0.0055011691,0.004206184,0.0038490344,0.0037392674,0.0035934826,0.0061547809,0.0057350656,0.0058365247,0.0066678797,0.0058480835,0.0072109915,0.0082836484,0.0073425019,0.0071605728,0.0095481217,0.0073223943,0.0042008911,0.0080652738,0.0072002155,0.0084342623,0.0040052064,0.0040765738,0.0044270389,0.0043277979,0.0043348625,0.0055597979,0.0043218222,0.004881067,0.0052311806,0.0052603424,0.0043025392,0.0032530231,0.0032083905
0.0072032575,0.0068942734,0.0043418891,0.0043896196,0.0043651974,0.0044218509,0.0042595234,0.0068520958,0.0068520958,0.0074161181,0.0063294208,0.0076832729,0.0074161181,0.0064168781,0.0064168781,0.0063633233,0.007622759,0.0068363948,0.0063880875,0.0065356059,0.0062772945,0.0073348736,0.003237537,0.0033590863,0.0042322187,0.0096801583,0.0126446441,0.0099015469,0.0127666482,0.0103929316,0.0127619208,0.0088699507,0.010735208,0.0068603191,0.0067300792,0.0066844997,0.0068633753,0.0036110134,0.0040862929,0.0033247134,0.0033110477,0.0040271139,0.0047298349,0.0048421056,0.0049305871,0.0094183193,0.01000078,0.0032737674,0.0032393201,0.0041143115,0.0042874958,0.0031057052,0.0027733995,0.0027783356,0.0044332571,0.0051099866,0.0045890599,0.0080771762,0.0055430885,0.0057347889,0.0054946129,0.0051547958,0.0055316896,0.0037857088,0.0036453477,0.0036880358,0.0031185481,0.0038212674,0.0035222049,0.0032270028,0.0031965833,0.0038679142,0.0032237226,0.0032505837,0.0044136538,0.0035612344,0.0039978844,0.0040480375,0.0058247422,0.0057353745,0.0052994878,0.0055791618,0.0053075181,0.0039533507,0.0036615951,0.0035407031,0.0034168733,0.0065247198,0.0060381622,0.0061132271,0.0067773411,0.0060597488,0.0076812439,0.0089505061,0.0078278297,0.0076724064,0.0101407172,0.0078214012,0.0045553134,0.0087236519,0.0076673547,0.0091025228,0.0038741102,0.0039539491,0.0042322187,0.004159441,0.0041645507,0.0055403997,0.004148875,0.0048051903,0.005066566,0.005099208,0.004172584,0.0030424481,0.0030368585
0.0074655743,0.0077922372,0.0043876646,0.0044281774,0.0044019535,0.004469692,0.0043322972,0.006873792,0.006873792,0.0075351903,0.0064591212,0.0077757483,0.0075351903,0.0064260118,0.0064260118,0.0064177167,0.0077183299,0.0068676969,0.0063292056,0.0064784861,0.0062276351,0.0074141,0.0032110455,0.0033348476,0.0044554191,0.0098823632,0.0128208045,0.0101224681,0.0129438875,0.0102926226,0.0129237507,0.0092368819,0.0104479226,0.0069690191,0.0068399938,0.0067691872,0.0069483958,0.003612441,0.0039166656,0.0033255319,0.0033041705,0.0041056205,0.005198058,0.005000984,0.0051330188,0.0100923413,0.0106035879,0.0034231524,0.0033795837,0.0043221785,0.004507542,0.0029864292,0.002802158,0.002818267,0.0048724514,0.0058192073,0.0051321674,0.0088729379,0.005989301,0.0063254972,0.0059213313,0.0055263021,0.0059659167,0.0038414819,0.0036553767,0.0039182267,0.0031240024,0.0038555722,0.0035149882,0.0033039146,0.0031001236,0.003609666,0.0030971649,0.0031329997,0.0044874118,0.0034863753,0.0039642611,0.0040718504,0.0061931382,0.0063924493,0.005552275,0.0058542698,0.0055591594,0.0040701677,0.0035705663,0.0035176927,0.0036504451,0.0071182007,0.0064125486,0.0063545316,0.0075264816,0.0063850562,0.0078140826,0.0088891125,0.0079586497,0.0077399514,0.0102968309,0.0079305139,0.0045834014,0.0086729868,0.0078294944,0.0089848285,0.0037675382,0.003848259,0.0044554191,0.0043857993,0.0043865667,0.0057897903,0.0043734372,0.0050360347,0.0052611604,0.0052941205,0.0041365337,0.0029906503,0.0029892872
0.0079453962,0.0073836059,0.0042784491,0.0042791512,0.004279413,0.0043507262,0.0042143915,0.0070254285,0.0070254285,0.0074045358,0.0065996566,0.007587366,0.0074045358,0.0065810944,0.0065810944,0.0064887965,0.0075737191,0.0070119146,0.0065513802,0.006686409,0.0064102746,0.007250351,0.0033080922,0.0034523856,0.0043370014,0.01017635,0.0130177382,0.0103714271,0.0131279875,0.0106340424,0.0131593976,0.0096837629,0.0110336632,0.0072589958,0.0071242292,0.0070532372,0.0072513337,0.0038209503,0.0041625988,0.0035360649,0.0035185024,0.0043569177,0.0049464715,0.0052236087,0.005411766,0.0098210212,0.0103866698,0.0032987406,0.0032478795,0.004227384,0.0043932955,0.0031180385,0.0029056344,0.0029169441,0.0046549649,0.0056779885,0.005172908,0.0088924087,0.0059385406,0.0061972927,0.005871575,0.0054490361,0.0059028278,0.0038877472,0.0038002392,0.0037187431,0.0031577339,0.0037308274,0.0037435337,0.0030905615,0.0030967642,0.0038410052,0.0030350333,0.0029713399,0.0046940632,0.0036808024,0.0041918104,0.0042809063,0.0058362319,0.0060577243,0.0056743049,0.0060685757,0.005680859,0.0039492264,0.0037452774,0.0035220434,0.0035022722,0.0071408962,0.006410474,0.0065303556,0.0073134104,0.0064022438,0.0075452243,0.0086036483,0.0077034507,0.0074851882,0.009857809,0.0076763115,0.0043564236,0.0084104108,0.0075520372,0.0085967608,0.0037962234,0.003870079,0.0043370014,0.0042634101,0.0042703167,0.0057337979,0.0042578688,0.004964609,0.0054245299,0.0054545583,0.004395432,0.0031389063,0.0030705944
0.0071994231,0.0067609845,0.0042219778,0.0042456365,0.004232251,0.0042963983,0.0041166792,0.0072226167,0.0072226167,0.0073034792,0.0068799743,0.0075245201,0.0073034792,0.0068003313,0.0068003313,0.0068427882,0.0072508309,0.0071777389,0.0067174438,0.006824166,0.0065252806,0.007179107,0.0031453184,0.0032852076,0.0043837219,0.0099944889,0.0130363517,0.0100355847,0.013139851,0.0106009511,0.0131243917,0.0092047361,0.0110709122,0.006744743,0.0066623778,0.0066205368,0.0067325507,0.0037448377,0.004178317,0.0037487036,0.0037329168,0.0043827844,0.0048255842,0.0052328663,0.0055031295,0.0091806398,0.0098392227,0.0033889094,0.003347866,0.0042354288,0.0044208917,0.0032829979,0.0031029217,0.0031092484,0.0046006498,0.0053476269,0.0051410731,0.0080126533,0.0057887691,0.0060846403,0.0057464354,0.0054190823,0.0057617927,0.0039021148,0.003749938,0.0038691472,0.0031182372,0.0040805396,0.0037741493,0.0032664201,0.0032576938,0.0036547198,0.0032905517,0.0032842639,0.004664801,0.0037335003,0.0041728486,0.0042590233,0.0054962675,0.0056904463,0.0057571149,0.0061639816,0.0057770927,0.0041330361,0.0038533493,0.0036533493,0.0035552906,0.0068010448,0.0062648389,0.0064634455,0.0068658755,0.0063222911,0.0069888946,0.0080088603,0.0071481946,0.0069704936,0.0089788328,0.0071311554,0.0042238908,0.0078138925,0.0069847964,0.0080803227,0.0039717073,0.0040500094,0.0043837219,0.0043379319,0.0043427285,0.0056139566,0.004324625,0.0050141365,0.0055797212,0.0056051337,0.0044213156,0.0032968054,0.003225029
0.0072140248,0.0068257731,0.0042542677,0.0042841097,0.0042645969,0.0043321674,0.0041916299,0.0071935123,0.0071935123,0.0074226231,0.0069016516,0.0076197752,0.0074226231,0.0067967839,0.0067967839,0.0069058453,0.0075642623,0.0071289894,0.0067050262,0.0068489828,0.006564554,0.0072580734,0.0030452444,0.0031803875,0.0043276649,0.0095096771,0.012459693,0.0097879969,0.0125729587,0.0101360254,0.0126267462,0.0087151163,0.0106445764,0.0068264823,0.0067488149,0.0067015573,0.006800074,0.0037653203,0.0042106299,0.0038653682,0.0038429721,0.0047042958,0.0047040075,0.0055579403,0.0058318437,0.008612522,0.0091009443,0.0034254726,0.0033911056,0.0041995333,0.0043669837,0.0034907719,0.00307058,0.00309568,0.0045714415,0.0052161082,0.0052028988,0.0077146675,0.0058783358,0.0063909861,0.0058382444,0.005557392,0.0058262056,0.0039114964,0.0038069217,0.0038768128,0.0032050451,0.0039729377,0.0036900391,0.0032629413,0.003285499,0.0037913569,0.0032645705,0.0032322003,0.0051194319,0.0038274323,0.0044602712,0.0046176153,0.0053189359,0.0054872123,0.0058090898,0.0060346519,0.0058231936,0.0040442587,0.0040251837,0.0037603778,0.0035800368,0.0071614875,0.0064505924,0.006532192,0.0068750241,0.0065772078,0.0067714995,0.0076873696,0.0069201214,0.0066646502,0.0086780613,0.0068776075,0.0040117068,0.0075107922,0.0067873516,0.0078310793,0.0039312608,0.0040073767,0.0043276649,0.0042791045,0.0042783479,0.0054714639,0.004257392,0.0047822198,0.005563171,0.0055836863,0.0043720658,0.0033880151,0.0033700998
0.0067455476,0.006175091,0.0041888458,0.0042279965,0.0042041038,0.0042653535,0.0040802344,0.0070779427,0.0070779427,0.0073942816,0.006657575,0.0076052802,0.0073942816,0.0066703819,0.0066703819,0.0068266497,0.0074355906,0.0070287694,0.0066236455,0.0067780934,0.0065013753,0.0072761583,0.0030819754,0.0032471073,0.0046458724,0.008659022,0.0118796988,0.0089563988,0.0120243609,0.0092021467,0.0120453377,0.0083225616,0.0097027418,0.0065174915,0.0064026415,0.0063535804,0.0064961519,0.0035754295,0.0041004604,0.003562393,0.003549366,0.0042130172,0.004687242,0.0048945172,0.0050092613,0.0083567278,0.0088987031,0.0036159884,0.0035708585,0.0045182925,0.0047069238,0.003396979,0.0029712042,0.0029995399,0.0043969021,0.0049058097,0.0046403847,0.0073701372,0.0060852248,0.0062222526,0.0060411477,0.0056012082,0.0060719606,0.0038598455,0.0037726351,0.004034963,0.0031086278,0.0039465035,0.0038287806,0.0034018738,0.0033207682,0.0038039,0.003386762,0.0034606488,0.0045878974,0.0037437717,0.0042012786,0.0042554078,0.0054071149,0.0054164559,0.005540049,0.0058498719,0.0055403274,0.0043536721,0.0040538832,0.0039002661,0.0038141929,0.0068564661,0.006202062,0.0059468262,0.0061870278,0.0057032146,0.0067975212,0.007932634,0.0069657809,0.0068526403,0.0087223365,0.0069680996,0.004271383,0.007737217,0.0067828903,0.0080142608,0.0040522247,0.0041267177,0.0046458724,0.0045586266,0.0045701023,0.0060697977,0.0045529856,0.0052923113,0.0053964406,0.0054373757,0.0041448257,0.0033060062,0.003306624
0.0065232314,0.0066495009,0.0039666559,0.0040010267,0.0039755733,0.0040335691,0.0039582038,0.0070282365,0.0070282365,0.0074731441,0.0064354761,0.0077474264,0.0074731441,0.006572759,0.006572759,0.0066313406,0.0076573844,0.0070242125,0.0064629959,0.0066297503,0.0063690778,0.0073572205,0.0033176865,0.0034709882,0.0039005394,0.0085787349,0.0117666016,0.0088107304,0.0119042998,0.0091576273,0.0119229644,0.0080413085,0.0097122477,0.0059286387,0.0058193519,0.0057969866,0.0059331821,0.0039610255,0.0041137545,0.0037034846,0.0036899384,0.004195012,0.00496652,0.0045951852,0.0048507859,0.0083876016,0.0088702137,0.0034159634,0.0033828391,0.0037899602,0.0039683786,0.0033699179,0.0031691346,0.0031895773,0.004880705,0.0053796866,0.0049226394,0.0074253641,0.0049168356,0.0051575054,0.0048612908,0.0045394366,0.004889779,0.0041740422,0.0040442814,0.0036317363,0.0030711274,0.003734874,0.0038309392,0.0032257724,0.0031628432,0.003939262,0.0032156116,0.0032339599,0.0043433707,0.0035383741,0.0039063214,0.004037538,0.0057896516,0.0058334495,0.0056487358,0.0059636372,0.0056548382,0.0036695189,0.0036077432,0.0033957394,0.003564962,0.0059092054,0.0052667332,0.0055030915,0.0064743818,0.0057158929,0.0072292585,0.0084192068,0.0073994002,0.0072893127,0.0092683717,0.0074031988,0.0043439898,0.0082170769,0.0072161703,0.0084709412,0.0041760392,0.0042526292,0.0039005394,0.0037984293,0.0038072359,0.0051038453,0.0037943835,0.0043493627,0.0054513104,0.0054860132,0.0042376823,0.0034957741,0.0033399575
0.0065142028,0.0067709951,0.0039351399,0.0039674865,0.0039427229,0.004005008,0.0038805646,0.0071193042,0.0071193042,0.0074291844,0.0065955073,0.0076944486,0.0074291844,0.0066818858,0.0066818858,0.0067129549,0.0077394976,0.0070935545,0.0066738455,0.0067960788,0.0065041403,0.0073385604,0.0031675024,0.003286834,0.0041086828,0.008842713,0.0123928828,0.0091126148,0.0125154821,0.0097950325,0.0124718033,0.0080798158,0.0101347766,0.0060685248,0.005971137,0.005926471,0.0060607377,0.0038948507,0.004372417,0.0039450208,0.003934559,0.0045221224,0.0050827656,0.0048554818,0.0050900918,0.008884592,0.0094427847,0.0031401377,0.0031249491,0.0039976328,0.0041669179,0.0036717533,0.0031776399,0.0032008868,0.0048452653,0.0053819722,0.0050286507,0.0076167559,0.005248253,0.0054701231,0.0052082071,0.0048721821,0.0052323606,0.0040786854,0.0039415285,0.0035814637,0.0029468087,0.0037829108,0.0040186549,0.0031628995,0.0033375491,0.0035769953,0.0032921977,0.0032417116,0.0046470161,0.0037922523,0.0043027057,0.0043946033,0.0060980403,0.006024459,0.0056241924,0.0059745823,0.005638216,0.0037998009,0.0037946394,0.0035033894,0.0032870016,0.0060905283,0.0056001481,0.0057315922,0.0064722236,0.0057324965,0.0076997521,0.0088406663,0.0078457309,0.0076547559,0.0098394167,0.0078225382,0.0044647455,0.0086240337,0.007686707,0.0088603469,0.0042038365,0.0042866656,0.0041086828,0.0040318123,0.0040360675,0.0052591856,0.0040221137,0.0045614786,0.0054215854,0.005436159,0.0042821931,0.0035098295,0.0034345306
0.0071792972,0.0070174986,0.0040523389,0.0040958441,0.0040659038,0.0041269146,0.0040503771,0.0070280901,0.0070280901,0.0075279116,0.006700812,0.0078056595,0.0075279116,0.0065855047,0.0065855047,0.0064462092,0.0077396599,0.0070108859,0.0065931179,0.0067268241,0.006453729,0.0074337283,0.0031369837,0.0032656879,0.0047181045,0.0095631549,0.0129465073,0.0098088038,0.0130621632,0.0104028094,0.0130342691,0.0087604941,0.010752341,0.0067232868,0.0065994573,0.0065414226,0.0067132444,0.0039970889,0.0041266337,0.004013725,0.0039951312,0.0045981219,0.00513785,0.0050620955,0.0052736333,0.0095102087,0.010049374,0.0034392757,0.0033938649,0.0045636104,0.0047838389,0.0036498545,0.0032791701,0.003287199,0.0049582302,0.0055690122,0.0051414792,0.0080979066,0.0058670691,0.006071859,0.0058303122,0.0054532031,0.0058582694,0.0041453556,0.0040219462,0.0039884899,0.002983359,0.0037928852,0.0039580158,0.0033201049,0.0034432983,0.0034976109,0.0034551271,0.0034206611,0.0048547753,0.0039800573,0.0044898295,0.0045369458,0.0060916233,0.0061749226,0.0055349911,0.0058326245,0.0055372891,0.0043277174,0.004070499,0.0038841379,0.0036650698,0.0067296177,0.0062347993,0.0060405358,0.0066871937,0.0059549802,0.007678649,0.0092505632,0.007858082,0.0076932149,0.0101355087,0.0078410281,0.0040052038,0.0090069167,0.0076608035,0.009190775,0.0040323573,0.0041105691,0.0047181045,0.0046228115,0.0046324931,0.0059432413,0.0046158233,0.0052175608,0.005205045,0.0052272196,0.0039887578,0.0035116795,0.0034594611
0.0071796755,0.0066779807,0.0040452474,0.0041276311,0.0040812141,0.0041308175,0.0038574002,0.0069343156,0.0069343156,0.0073800597,0.0066662465,0.0077204156,0.0073800597,0.0065129646,0.0065129646,0.006370774,0.0077268278,0.0069013285,0.0065018247,0.0066292934,0.0063513212,0.0073180823,0.0031928502,0.0032048439,0.0048951144,0.0099276901,0.0129341248,0.0101150234,0.0130637241,0.0105863103,0.0131437082,0.0093934981,0.0110933099,0.0070463669,0.0069453793,0.0068769099,0.0070178405,0.0037245179,0.0041545925,0.0038288474,0.0038219953,0.0044556415,0.0050127505,0.0051910839,0.0053102644,0.0096841554,0.0103463457,0.0036513106,0.0036062943,0.0047785929,0.0049474748,0.0036741464,0.0031598644,0.0032050193,0.0044901495,0.0049686825,0.0046745964,0.0080224168,0.0064628325,0.0067440311,0.0064350429,0.0060898057,0.0064475286,0.0038564273,0.0037168036,0.0042270314,0.0031467047,0.003918699,0.0038315854,0.003665255,0.0035712266,0.003887925,0.0036578172,0.0037002394,0.0048745686,0.0040996623,0.0045679547,0.0045302366,0.0058683342,0.0057134026,0.0054626451,0.005762417,0.0054690948,0.0045647623,0.0043148075,0.0040580255,0.0038709637,0.0075081498,0.0067093783,0.0063188342,0.0064820394,0.006026655,0.0075959335,0.0092278953,0.0077810373,0.0076980932,0.0102497203,0.0077964099,0.0043679648,0.0089805186,0.007554405,0.009528462,0.0040372502,0.0041080137,0.0048951144,0.0048334186,0.0048294134,0.0060984408,0.004811828,0.0054286641,0.0052896632,0.0053196875,0.004252276,0.0035091745,0.0034329981
0.006934953,0.0071265113,0.0046221224,0.0046702922,0.0046428877,0.0047067339,0.0045180547,0.0070439278,0.0070439278,0.0072571323,0.0065471677,0.007564317,0.0072571323,0.0066211319,0.0066211319,0.0064037632,0.0075749674,0.0070067052,0.0065444337,0.0066978903,0.0064395931,0.0072353139,0.0033572661,0.0034270863,0.0048832714,0.010049763,0.0131275349,0.0102801335,0.0132452307,0.011020647,0.0133047998,0.0090810516,0.0113894599,0.0068020724,0.0067037609,0.0066334314,0.0067653807,0.0042666679,0.0042298915,0.0042509901,0.0042423745,0.0046343481,0.0055906203,0.0049898318,0.0052701811,0.0095151772,0.0104317366,0.004052879,0.0040082054,0.0047872189,0.0049422575,0.0039062714,0.0035080418,0.0035810887,0.00526117,0.005789154,0.00537292,0.0080433564,0.0063796946,0.0065670523,0.0063064106,0.0058777741,0.0063576908,0.0043731446,0.0042727012,0.00435403,0.0032995207,0.0040630101,0.0037237094,0.0037002148,0.0036136998,0.0041384707,0.0035936439,0.0036730762,0.0046874644,0.0039550307,0.0043303231,0.0044246224,0.0064835727,0.0064157123,0.0053852257,0.005668899,0.0053915132,0.0046374627,0.004117379,0.0039591564,0.0042370071,0.0072833377,0.0065320526,0.0060180672,0.0067600047,0.0059136498,0.007781345,0.0093541273,0.0079405405,0.0078149957,0.01020667,0.0079465474,0.0046735377,0.0090908814,0.0077542162,0.0096326248,0.0041011543,0.0041812592,0.0048832714,0.0048152109,0.0048142502,0.0061884727,0.0047984648,0.0054553641,0.0051895337,0.0052173326,0.0042247465,0.0039695894,0.0038157155
0.0073882712,0.0071900358,0.0046847505,0.0047214162,0.0046995276,0.0047718641,0.0045874651,0.0068915807,0.0068915807,0.0075634203,0.0065400703,0.0078351036,0.0075634203,0.0064086116,0.0064086116,0.0062338064,0.0078799425,0.0069125838,0.0062983776,0.0064434783,0.0061987304,0.0075142887,0.0034392276,0.0036150425,0.0050558521,0.0103877969,0.0135550042,0.0105628812,0.0136677972,0.0111933156,0.0137372017,0.0093853816,0.0115361851,0.006907816,0.0068534472,0.0068052406,0.0069072972,0.0044484847,0.0040389679,0.004523866,0.0045192913,0.0050340865,0.005606608,0.0054971969,0.0057593917,0.0097119285,0.0104543927,0.0040993563,0.0040518121,0.0049375104,0.0051218927,0.0043320181,0.0036401663,0.0037002983,0.0053301434,0.0056959625,0.005592408,0.0084494715,0.0064629122,0.0067459594,0.0064239382,0.0060311083,0.0064652014,0.0047070056,0.0045401604,0.0044455597,0.0034539995,0.0041530592,0.0036390873,0.0037044622,0.0039818858,0.0042775918,0.0039800361,0.0039214222,0.0052594424,0.0045380559,0.0048723344,0.0049431431,0.0064466028,0.0063455677,0.0052434939,0.005539038,0.0052489033,0.0047697552,0.0045145549,0.0042028299,0.0042808021,0.0075666826,0.0067162611,0.0064103444,0.0069689993,0.0064063854,0.0078852767,0.0092080271,0.0080405708,0.0079334056,0.0102757889,0.0080552955,0.0052617993,0.0089785441,0.0078531635,0.0094803504,0.0040048304,0.0040787231,0.0050558521,0.004969557,0.0049744986,0.006375191,0.0049566545,0.0056866184,0.0051214092,0.0051493571,0.0040302887,0.004150416,0.0041528618
0.0075319182,0.0078311193,0.0045552882,0.0046100816,0.0045790733,0.0046423677,0.0044816944,0.0068105392,0.0068105392,0.0074801229,0.0063512174,0.0077240792,0.0074801229,0.0063400889,0.0063400889,0.0061959254,0.0078078243,0.0068258545,0.0062302427,0.0063729264,0.006121092,0.0074025045,0.0034302358,0.003523766,0.0054220234,0.0105000974,0.0140625894,0.0106876717,0.0141943536,0.0114119575,0.0142583641,0.0094097502,0.0117292175,0.0070749175,0.0069568373,0.0068958078,0.0070589016,0.0049914273,0.0038713819,0.0047904856,0.0047579471,0.0053499436,0.0060735877,0.0057934016,0.0060675745,0.0100229582,0.0108313217,0.0044902717,0.0044321922,0.0053325825,0.0054897627,0.0044439457,0.0039282661,0.0039972783,0.0059027193,0.0063902495,0.0059681467,0.0086275279,0.0066065155,0.006860154,0.0065814235,0.006243646,0.0066076564,0.0049636786,0.0048478894,0.0049976109,0.0033233149,0.0041119566,0.0034749556,0.0043197964,0.0042734162,0.0043678545,0.0042447099,0.0043210321,0.0056015662,0.0047158988,0.0052472043,0.0052895498,0.0070914363,0.0071203547,0.0052462281,0.0055453906,0.005250807,0.0052825092,0.0048582332,0.0045346613,0.0046643231,0.0076247436,0.0067540932,0.0065391307,0.0074263849,0.0067275661,0.0086098929,0.0097813269,0.0087802342,0.0086333304,0.0108166189,0.0087862592,0.0047951207,0.0095518703,0.0085697575,0.0097245568,0.004026433,0.0041010504,0.0054220234,0.00534348,0.0053355363,0.0065879925,0.0053214821,0.0059166797,0.0050886691,0.0051260847,0.0038644104,0.0043783984,0.0042648918
0.0083627233,0.0084932965,0.0043466974,0.0043708377,0.0043519793,0.0044169033,0.0043675446,0.0068077418,0.0068077418,0.0072707085,0.006228888,0.0074591509,0.0072707085,0.0063005741,0.0063005741,0.0060349911,0.007370479,0.0068536748,0.0061206078,0.0062743908,0.0060485391,0.0071452818,0.0033331432,0.0034662568,0.0060187997,0.0106277885,0.0140384406,0.0108498344,0.0141565243,0.011389709,0.0141848021,0.0099074813,0.0117833257,0.0077464733,0.0076309337,0.007554826,0.0077272094,0.0047011535,0.0037381727,0.0049004771,0.0048593181,0.0058982767,0.0058963254,0.0064825351,0.0066701458,0.0111537622,0.0118520452,0.0045040552,0.0044568587,0.0059472236,0.0060871149,0.0046632594,0.0037476361,0.0038172559,0.0057706594,0.0068131618,0.0064185344,0.0096263847,0.0071689736,0.0073927445,0.0071301333,0.0067135698,0.0071752649,0.0048225549,0.0046836136,0.0052958944,0.0032868505,0.0038009012,0.0034716009,0.0044621431,0.0045903278,0.0049471804,0.0044991483,0.0045073618,0.0063199948,0.0052186236,0.0059736893,0.0059512743,0.0069287812,0.0071569163,0.0051702602,0.0054673491,0.0051770564,0.0057099608,0.005460268,0.0051087983,0.0047148934,0.0080971816,0.0073441913,0.0072064938,0.0081699458,0.0074141621,0.0086947719,0.0095288958,0.008845217,0.0086516868,0.0108301924,0.0088353334,0.0046577438,0.0093341774,0.0086779875,0.0093531622,0.0037345957,0.003798603,0.0060187997,0.0059526108,0.0059305236,0.007121666,0.0059145059,0.0064018101,0.0050391471,0.0050742731,0.0038908245,0.0042868399,0.0042509504
0.0087556354,0.0079355194,0.0041453347,0.0041679837,0.0041521233,0.004215966,0.0040910965,0.0068358219,0.0068358219,0.0074485833,0.0061907024,0.0076628177,0.0074485833,0.0063174733,0.0063174733,0.0061876809,0.0076158208,0.0068919191,0.0060360319,0.0062106965,0.0059975507,0.0073036931,0.0032169667,0.0033020017,0.0063971868,0.0116041847,0.014308951,0.0117138285,0.0144201455,0.0121616229,0.014433858,0.0106616941,0.0125153337,0.0082742347,0.0081349386,0.0080723691,0.0082603181,0.0045124413,0.0037504177,0.0047692153,0.0047451767,0.0057883379,0.0053562986,0.00666885,0.0068374364,0.0107179278,0.011363333,0.0044799274,0.0044361517,0.0062063917,0.0064816201,0.0044925729,0.0037001247,0.003758409,0.0053831385,0.0061548868,0.0061862104,0.0095837108,0.0077232271,0.0078730521,0.0077063941,0.0073189038,0.0077253896,0.004422776,0.0042775299,0.0053598726,0.0032406618,0.0035760635,0.0034747278,0.004558325,0.0046163483,0.0051908754,0.0045723392,0.0046537608,0.0062447927,0.0050963462,0.0057511667,0.0057097087,0.0061055552,0.0063681486,0.0055418569,0.0057441879,0.005556876,0.005917492,0.0054767017,0.0052657653,0.0046736861,0.0085161396,0.0077968469,0.0076895601,0.0079559917,0.0074944177,0.0075702146,0.0085831524,0.0077286542,0.0074974976,0.0101116907,0.007694051,0.0042860208,0.0083678941,0.0075816139,0.0085615479,0.0037162844,0.0037860538,0.0063971868,0.0062915083,0.0062961698,0.007454133,0.0062799837,0.0070576125,0.0053260865,0.0053635292,0.0040998754,0.0042574135,0.0041066295
0.0081569474,0.0069601915,0.0041338823,0.004138299,0.0041319337,0.0041999722,0.0041397819,0.0068535437,0.0068535437,0.0074030389,0.0062838965,0.0076260618,0.0074030389,0.0063835858,0.0063835858,0.0065157945,0.0075784021,0.0068703757,0.0062281694,0.0063790771,0.0061308847,0.0072321243,0.0032639253,0.0034059222,0.006115328,0.0109751026,0.0142379759,0.0109927436,0.0143676977,0.0118528061,0.0143213644,0.0100225898,0.0122650377,0.0078713988,0.007767836,0.0076895227,0.0078407432,0.0043220394,0.0039277333,0.0045888498,0.00456332,0.0055542422,0.0050188241,0.0063063661,0.0064149207,0.0094476217,0.0100100582,0.0045315877,0.0044658839,0.0059992981,0.006175796,0.0042832165,0.0036917481,0.0037742019,0.0049405995,0.0053469998,0.0055792328,0.0085202644,0.0076296012,0.0077063714,0.0075832998,0.0070610627,0.0076385925,0.0043210523,0.0042237335,0.0053410436,0.0031772358,0.0035627962,0.0035934576,0.0045163578,0.0043027689,0.0052384701,0.0042870443,0.0043931116,0.0059854266,0.004838496,0.005549055,0.0055254109,0.0056845217,0.0057327418,0.0060204504,0.0063003323,0.006031783,0.0057782311,0.0051814915,0.0050459964,0.004731695,0.0082912457,0.00750503,0.0073194425,0.0071808512,0.0070254366,0.0069711797,0.0084326634,0.0071160929,0.0070167814,0.0093715366,0.0071205682,0.0044801474,0.0082219728,0.0069639269,0.0084683825,0.0038677632,0.0039343146,0.006115328,0.0060606477,0.0060538717,0.0074444019,0.0060344047,0.0067777106,0.0056793528,0.0057149837,0.0044566017,0.0040292338,0.0038852807
0.0071724491,0.007251313,0.004247688,0.0042667297,0.0042534866,0.0043196196,0.0042029852,0.0068069575,0.0068069575,0.0072973502,0.0061940714,0.0075434099,0.0072973502,0.006335705,0.006335705,0.0064848033,0.0074426818,0.0068272495,0.0061490578,0.0063224408,0.006099178,0.0071503384,0.0033194783,0.0034290318,0.0057390839,0.0097002516,0.013099054,0.0098541043,0.013239396,0.0104560207,0.0132401391,0.0087882884,0.0108750721,0.0069105741,0.0068118849,0.0067756175,0.0068931877,0.0042721898,0.0042791998,0.0042932957,0.0042755543,0.0050922908,0.0055435186,0.0056702516,0.0057986102,0.0092176314,0.0096725432,0.0042449464,0.0041911061,0.0055804245,0.0057989981,0.0040511509,0.0035794491,0.0036466734,0.0052046286,0.0058101318,0.0054477713,0.0079575404,0.0067849915,0.0068544231,0.0067541269,0.0063195686,0.0067921096,0.0044296752,0.0042424651,0.0049817887,0.0032332675,0.0036826359,0.0036876693,0.0043363036,0.0041510116,0.0052451571,0.0040667595,0.0042090512,0.0054462422,0.0046857811,0.0052153696,0.0051652696,0.0064269991,0.0064365568,0.0060641922,0.0063637623,0.0060813939,0.0053841519,0.0050416627,0.0048544658,0.0045306255,0.0073439373,0.0066364332,0.00646997,0.0070164561,0.0063068693,0.0077950748,0.0090808144,0.0079425234,0.0078221474,0.009999578,0.0079431863,0.0046192669,0.0088748054,0.0077767231,0.0091105519,0.0040166588,0.0040925366,0.0057390839,0.0056692332,0.0056758512,0.0068202054,0.0056484755,0.0063343988,0.0057832443,0.0058127144,0.0046318679,0.0038285509,0.0038061786
0.0073443564,0.0079637859,0.0042008998,0.0042331568,0.0042145877,0.0042732661,0.004165329,0.0069472755,0.0069472755,0.0073393262,0.0060680405,0.0075756655,0.0073393262,0.0064723759,0.0064723759,0.0065028189,0.0075427342,0.0069635863,0.006210079,0.0064134613,0.0062121325,0.0072065193,0.0035691349,0.0036654151,0.0055225115,0.0093035455,0.0128928764,0.0096615038,0.0130076642,0.0101034444,0.0130200341,0.0086747986,0.010379666,0.006755266,0.0066575448,0.006621034,0.006748725,0.0047349189,0.0041596116,0.0047597366,0.0047386366,0.0054944771,0.0060761623,0.0059072642,0.0061183865,0.0099096589,0.0104723713,0.0039983556,0.0039548913,0.0053933715,0.0055724889,0.0043535503,0.0037053071,0.0037679679,0.0057167224,0.006276571,0.0061091363,0.0087519179,0.0064360656,0.0065528191,0.0063907521,0.0059567747,0.0064380997,0.0047457408,0.0045838988,0.0046990566,0.0033174592,0.0037242953,0.0036573651,0.0042752858,0.0042840889,0.0048822727,0.0041630316,0.0042524278,0.0057229295,0.004925717,0.0053384774,0.0053899549,0.006846879,0.0069596082,0.0058890964,0.0061354603,0.0058973835,0.0051284601,0.005006882,0.0047713861,0.0042508441,0.007055958,0.0064792493,0.006460259,0.0077391717,0.0067647193,0.0082087078,0.0093495644,0.0083519821,0.0082194821,0.0108478783,0.0083576745,0.0047001953,0.0091225471,0.0082021352,0.0093812054,0.0042714811,0.0043535537,0.0055225115,0.0054744236,0.0054539937,0.0065662396,0.005441633,0.0059526608,0.0056336398,0.0056703668,0.0045219655,0.0041327408,0.0040670217
0.0083622983,0.0080072413,0.0040297455,0.0040581642,0.0040429378,0.0040985292,0.0039053323,0.0069867641,0.0069867641,0.0075045061,0.0061850599,0.0077258599,0.0075045061,0.0065390016,0.0065390016,0.0066366887,0.0077712411,0.0069742064,0.006352354,0.0065310439,0.0063031887,0.0073522929,0.0035874385,0.0036802222,0.0059352069,0.0098869313,0.0131151868,0.0102465302,0.0132332299,0.0105383941,0.0132198135,0.0095735694,0.010857691,0.0078013552,0.007703741,0.0076209788,0.0077845622,0.004811383,0.0040775594,0.0050840549,0.0050630747,0.0058031865,0.0059489201,0.0062840243,0.0065528122,0.0105441764,0.0112158417,0.0043464576,0.0043006396,0.0057825382,0.005985958,0.0047263677,0.0037299948,0.0037878476,0.0057676417,0.0064591778,0.0062762847,0.0093097781,0.0073247802,0.0074257142,0.0072869014,0.0068532021,0.0073170955,0.0049067944,0.0047475583,0.0051519764,0.0033202115,0.003633238,0.0036428762,0.0045205528,0.0046400226,0.0046038382,0.0045165708,0.0046347597,0.0060936871,0.0051693389,0.0056632844,0.0057806993,0.0066642323,0.0068710535,0.0056105919,0.0059498575,0.0056205106,0.0056271792,0.0052816823,0.0050353743,0.0045593594,0.0079179285,0.0073660705,0.0071356979,0.0080558753,0.0073373254,0.0078913087,0.0089585122,0.0080328795,0.0078551097,0.0104629274,0.0080204208,0.004262599,0.0087312177,0.0078990344,0.0089233698,0.0041123642,0.0042018431,0.0059352069,0.0058764562,0.0058529076,0.0071229229,0.0058424451,0.006493925,0.0055284773,0.0055587092,0.0044404602,0.0044406576,0.0043566569
0.00809965,0.0078770677,0.004029472,0.0040477582,0.0040316391,0.0040930043,0.0040658446,0.0069333165,0.0069333165,0.0076348339,0.0063214981,0.0078793787,0.0076348339,0.0064598491,0.0064598491,0.0065188588,0.0078279606,0.0069481238,0.0062729814,0.0064545019,0.0062346957,0.0075373221,0.0034895248,0.003557337,0.0060728498,0.0103565481,0.013212253,0.010588428,0.0133423811,0.0107560162,0.0133846047,0.0097253175,0.0114386259,0.0077241109,0.0076424943,0.0075739231,0.0077092005,0.0043222125,0.0041312655,0.004782199,0.0047464882,0.0055348418,0.0055270392,0.0060860425,0.0062809328,0.0101570194,0.0105696566,0.0047315877,0.0046685592,0.0059550321,0.0061435547,0.0044720838,0.0035887458,0.0036565785,0.0053151726,0.0060643045,0.0058048806,0.0089921948,0.0073995602,0.0075378686,0.0073359557,0.0068890019,0.0073911703,0.0045217615,0.0043219149,0.0054209964,0.0031795523,0.0036966099,0.0036627436,0.0047365894,0.0043442401,0.0050461538,0.0044207661,0.0046492984,0.0058989116,0.0051958217,0.0056791179,0.0056553717,0.0064888368,0.0067147945,0.0056352828,0.0058666144,0.0056521175,0.0058641655,0.0053289009,0.0050759682,0.0048902804,0.0080927068,0.0074628707,0.0071274276,0.0076755312,0.0070409677,0.0081488014,0.0094235531,0.0083489694,0.0081525017,0.0104224063,0.0083279799,0.0042838361,0.0092280233,0.0081340222,0.0093232038,0.0041732186,0.0042601418,0.0060728498,0.0059920464,0.0059721828,0.0072839398,0.0059631526,0.006581846,0.0055376304,0.0055591846,0.0045234693,0.0042383,0.0041519313
0.0078624396,0.0079614163,0.0041397842,0.0041706168,0.0041499554,0.0042087144,0.0041592363,0.0070775938,0.0070775938,0.0077047674,0.0064338153,0.0079341875,0.0077047674,0.0066278934,0.0066278934,0.0066563983,0.0076429538,0.007064558,0.0064405583,0.0066378292,0.0064108003,0.0076194358,0.0033681998,0.0035169769,0.0054794141,0.0099390933,0.0131260224,0.0102069713,0.0132567488,0.0106602637,0.0133412332,0.0095272845,0.0111175846,0.0072729797,0.0071336057,0.0070771266,0.0072676783,0.004563209,0.0040909884,0.0047764125,0.0047516851,0.0055739946,0.0056428708,0.0059549929,0.0062674884,0.0100886535,0.010597842,0.0044239061,0.0043666095,0.0053661661,0.0055231773,0.0044845786,0.0037177639,0.0037582049,0.005480709,0.0062500507,0.0061712052,0.0090187694,0.0066055741,0.0067629696,0.0065502655,0.0061381478,0.0065928075,0.0046311938,0.0044770938,0.0048513814,0.0031824384,0.0037357264,0.0036387684,0.0045037036,0.0042907033,0.0053155905,0.0043048404,0.0044941554,0.0058069224,0.0049089523,0.0053981411,0.0055156391,0.0064711823,0.0066980774,0.0058357156,0.0061238226,0.0058421135,0.0052067033,0.0050422797,0.0046781335,0.0044714335,0.0073991047,0.0067163384,0.0067317467,0.0077893629,0.0069482021,0.008046443,0.0086674226,0.0082006219,0.0080584969,0.0100724719,0.0082021205,0.0046166778,0.0084981424,0.0080420584,0.0086005806,0.0041356311,0.0042146203,0.0054794141,0.0054417328,0.005426838,0.0065511189,0.0054087818,0.0059519786,0.0056307024,0.005661642,0.0045790733,0.0042555524,0.0041325153
0.0077910899,0.0071341413,0.0043508304,0.0043790988,0.0043602398,0.0044212675,0.0043606925,0.0071621552,0.0071621552,0.0076038549,0.0066029865,0.0078855305,0.0076038549,0.0067716396,0.0067716396,0.0069827691,0.007788915,0.007093274,0.0067437948,0.0069138778,0.0066425181,0.00756055,0.0033224085,0.0034959998,0.0054661946,0.009716912,0.0134083617,0.0097904269,0.0135299429,0.0104476769,0.0134842596,0.0090565929,0.010913378,0.0073643252,0.0072623852,0.0071919012,0.00735027,0.0043444028,0.0042488714,0.0046190101,0.0045918285,0.005524337,0.0057565573,0.0060320613,0.0062032283,0.0094828687,0.0100253226,0.0046035099,0.0045419332,0.0053579859,0.0055201894,0.0044570852,0.0037163,0.0037479052,0.005268483,0.0058116198,0.0056100743,0.0082351375,0.0066859616,0.0068230387,0.0066525759,0.0062658217,0.0066845811,0.0046255962,0.0044063688,0.0049475543,0.0032983123,0.0037882615,0.0038115722,0.0045378248,0.0044719436,0.0047647901,0.0044101529,0.0045035745,0.0058019217,0.0049863286,0.0054350794,0.0055232404,0.0064822174,0.0065518316,0.0058996556,0.0062845063,0.0059114368,0.0052171283,0.0051680613,0.0047932394,0.0047515918,0.0074024002,0.0068246689,0.0068376682,0.0070536997,0.0067577785,0.0074220705,0.0082425486,0.0075402101,0.0074234722,0.009454401,0.0075397326,0.0048176531,0.0080656181,0.007404817,0.0083422802,0.0041800425,0.0042423116,0.0054661946,0.0054086939,0.005388887,0.0067372554,0.0053737686,0.0059269589,0.0055906747,0.0056112493,0.0045900531,0.0040598479,0.0039945417
0.0078415168,0.0081587231,0.0044555172,0.0044581946,0.0044507536,0.0045219693,0.0045096568,0.0071542333,0.0071542333,0.007688684,0.0064820354,0.007940208,0.007688684,0.0067633076,0.0067633076,0.0068383604,0.0078994257,0.0070845747,0.0066460288,0.0068247792,0.0065763983,0.0076200056,0.0033486273,0.0036465151,0.0053205788,0.0099400712,0.0132904698,0.0100702267,0.0134149347,0.0107276844,0.0133574403,0.008988699,0.0112046854,0.0073015125,0.0072248306,0.007162916,0.0072823035,0.0050896425,0.0042298974,0.0048175234,0.0047854741,0.0055639184,0.0066296693,0.0059632424,0.0062556101,0.0100108092,0.01057558,0.0042483326,0.0042093184,0.0052091497,0.0053825972,0.0044588639,0.0040258783,0.0040729377,0.0061210627,0.0066998897,0.006353005,0.0087782425,0.0066016497,0.006778784,0.0065513851,0.0061123941,0.006596476,0.0053367238,0.0051244484,0.0047542552,0.0033952582,0.0036932552,0.0037944726,0.0043942719,0.0042391865,0.0048680016,0.0042158882,0.0043434066,0.0057757497,0.0048797795,0.0053533083,0.0054864618,0.0074447488,0.0075836766,0.0059525465,0.0064023868,0.0059636892,0.0050518743,0.005023792,0.0046105722,0.0044839608,0.0074820056,0.0069546722,0.0066972931,0.0078111967,0.0069158675,0.0088526807,0.010040262,0.00902127,0.0088506436,0.0110229099,0.0090094908,0.0049019484,0.0098290332,0.0088254175,0.0101206436,0.004171321,0.0042494019,0.0053205788,0.0052496101,0.005234775,0.006754259,0.0052222194,0.0058556945,0.0056107854,0.0056263108,0.0044555813,0.0043321787,0.0042092804
0.0087066288,0.0085053056,0.0041114389,0.0041197215,0.0041126885,0.0041740663,0.0041479403,0.00702727,0.00702727,0.0077908887,0.0063593123,0.0080834689,0.0077908887,0.006609754,0.006609754,0.0066450498,0.0079836245,0.0069881755,0.0064811248,0.006661121,0.0064183967,0.0076868842,0.0035702715,0.0037858979,0.005710525,0.0105252528,0.0139175288,0.0108708083,0.0140208399,0.0112603156,0.0140268764,0.0099940101,0.0117669316,0.0080895819,0.0079886111,0.0079176625,0.0080807785,0.0051388302,0.0042759476,0.0051526257,0.0051217062,0.0061024108,0.0062443021,0.0067031729,0.0069202917,0.0109483177,0.0116053698,0.0043972708,0.0043491812,0.0056047788,0.0057730674,0.0047619372,0.0037117392,0.0037526906,0.0062010556,0.0069626965,0.0067555882,0.0098548722,0.0071921754,0.0074069649,0.0071687868,0.0067623545,0.0071810024,0.0050640601,0.0048822,0.005071217,0.0032800455,0.003428838,0.00371448,0.0045278701,0.0044239153,0.0046805865,0.0044134486,0.0045452507,0.0064458386,0.0052410882,0.0059814063,0.0061051514,0.0071892688,0.0074413059,0.0059119036,0.0062719252,0.0059149477,0.0054284083,0.0053912431,0.0048884528,0.0046528618,0.0081210642,0.0075573233,0.0075037528,0.0084430313,0.0077054681,0.0089787465,0.0096982806,0.0091347615,0.0088984719,0.0111028313,0.0091174695,0.0045824622,0.0094855202,0.0089658212,0.0095039656,0.0041548656,0.0042376573,0.005710525,0.0056414701,0.005639283,0.0071103969,0.0056143358,0.0063229104,0.0055408405,0.0055525662,0.00447567,0.0045314545,0.0044563899
0.008318941,0.0077153958,0.0037496988,0.0037461172,0.0037455266,0.0038025095,0.003812855,0.0070613838,0.0070613838,0.0076309036,0.0063262161,0.0079315269,0.0076309036,0.0066161526,0.0066161526,0.0065728311,0.0080430464,0.0070469408,0.0065827717,0.0067429988,0.0064774165,0.0074868918,0.0035811707,0.0037179589,0.0063787639,0.0109662483,0.0141670781,0.0110887361,0.0143060111,0.0115319028,0.0143443757,0.0102856323,0.0120821316,0.0079747906,0.0078370118,0.007767034,0.007955384,0.0044763823,0.004351155,0.0046115055,0.0045492306,0.0059671378,0.0059812059,0.0065977948,0.0066818566,0.0097951649,0.0104612802,0.004807959,0.0047579608,0.0062162378,0.0064348406,0.004271134,0.0034555052,0.0034916035,0.0055938035,0.0063750097,0.0060744253,0.0087825608,0.0075393354,0.0076409351,0.0075139312,0.0070005097,0.0075552507,0.0045919594,0.0043651649,0.0054771028,0.0031044477,0.0031971918,0.0036689856,0.0047675611,0.0044377236,0.0049712882,0.0044062069,0.004589508,0.0064009847,0.0051694931,0.006030141,0.0060855108,0.0069057604,0.0070979889,0.0058470755,0.00617522,0.0058459134,0.0059375156,0.0055989698,0.0052435413,0.0050190177,0.008242601,0.007430725,0.0073332736,0.0077127365,0.0071977069,0.0082147385,0.0091412611,0.0083601524,0.0082472188,0.0102678219,0.0083773757,0.0046550337,0.0089336719,0.0081939712,0.0093061993,0.00425778,0.0043316825,0.0063787639,0.0063210601,0.0063102493,0.0076212854,0.0062904958,0.0070538722,0.0054264672,0.005444987,0.0045484154,0.0040261913,0.0039201983
0.0079446662,0.008289705,0.0034975896,0.0034971865,0.0034948312,0.0035455562,0.0036102646,0.007165063,0.007165063,0.0076931859,0.0063200023,0.0079726807,0.0076931859,0.0067213255,0.0067213255,0.0066337856,0.0080265384,0.0071445085,0.0066530648,0.0068443547,0.0065939908,0.0075534519,0.0034433625,0.0036512417,0.0053775121,0.0098797514,0.0135432094,0.010190283,0.0136895132,0.0104227375,0.0137267642,0.0094347372,0.0108959479,0.007453533,0.0073608781,0.0073180083,0.0074426792,0.0050038832,0.0041264861,0.00442592,0.0043929311,0.0053659962,0.0065893724,0.006138383,0.0063866445,0.0100030193,0.0105448335,0.00440595,0.0043573566,0.0052429153,0.0054490615,0.0039193483,0.0037216491,0.0037591953,0.006169029,0.0068421509,0.0064736807,0.0087414828,0.0067648073,0.0069643517,0.0067347736,0.0063479785,0.0067558691,0.0051643745,0.0049869741,0.0049011056,0.0029466948,0.0031970116,0.0038027092,0.0043552594,0.0038932142,0.0054072233,0.0039283254,0.0041641514,0.0057771781,0.0044031222,0.0051731868,0.0053238844,0.0076285797,0.0076572842,0.0058707373,0.0061465377,0.005881088,0.0051672733,0.0046882892,0.0043466521,0.0046369049,0.0074750993,0.0069874913,0.0069660163,0.0079179509,0.0070058262,0.0087490189,0.0097141696,0.0088888884,0.0087728533,0.0110428505,0.0089089231,0.0051817543,0.0094880099,0.0087231307,0.0098525318,0.0041716014,0.0042443937,0.0053775121,0.0052836868,0.0052841004,0.0066293101,0.0052637639,0.005940858,0.0054452318,0.0054787648,0.0044889238,0.0041349144,0.0039123741
0.0085860603,0.0090623964,0.0035971886,0.0036211073,0.0036061156,0.0036544177,0.0036709861,0.00715272,0.00715272,0.0077735585,0.0062828613,0.0080544766,0.0077735585,0.0066896811,0.0066896811,0.0067039029,0.0080885443,0.0071515623,0.006578295,0.0067585745,0.0065081842,0.0076372755,0.0036074462,0.0038904781,0.0053956729,0.0102401983,0.012987709,0.0105504621,0.013114617,0.0105262715,0.0131921649,0.0097177764,0.0109487788,0.0080313087,0.0079434253,0.0078954483,0.0080229816,0.0054324127,0.0042759885,0.005369345,0.0053388057,0.0062629031,0.0066944582,0.0067046028,0.0071047892,0.010828654,0.0114078602,0.004181634,0.004158451,0.0052765448,0.0054653368,0.0048011174,0.0040570682,0.0040999057,0.0064695724,0.0072475467,0.0070266443,0.00980068,0.0068466368,0.0072642788,0.0068200181,0.0065516719,0.0068150326,0.0055378845,0.0053691384,0.0046426069,0.0030875028,0.0033881387,0.003760903,0.0041621635,0.0041705594,0.0048263194,0.0040757278,0.0042199135,0.0063689684,0.0052375837,0.0058471628,0.0060674878,0.0076843162,0.0077916717,0.0059429963,0.0063674484,0.0059624554,0.005068999,0.0051146924,0.0046572073,0.004363951,0.0080101014,0.0075618736,0.0075368729,0.0087742686,0.0078611193,0.0091081901,0.0098607446,0.0092543786,0.0090270606,0.0114717214,0.0092364436,0.0047985266,0.0096375849,0.0090969936,0.0099005012,0.0043429948,0.0044236625,0.0053956729,0.0053075698,0.0053058,0.0066865931,0.0052848986,0.0058924167,0.0055793554,0.0056097988,0.004623953,0.0046835387,0.0045242814
0.0094094733,0.0090232705,0.0039572453,0.0039618842,0.0039507984,0.0040184509,0.0041012672,0.0071760014,0.0071760014,0.0077173542,0.0061939573,0.0079643587,0.0077173542,0.0067327149,0.0067327149,0.006773951,0.0078277018,0.0071541351,0.0066146142,0.0068053177,0.0065653108,0.0075760729,0.0036956182,0.0039616425,0.0063093785,0.0105021688,0.0133507076,0.0108706462,0.0134764531,0.010895025,0.0134722535,0.0102430115,0.0113957601,0.0087170347,0.0086120594,0.0085337386,0.0087105806,0.005303534,0.0042578807,0.0055063295,0.0054417667,0.0066562184,0.0061553361,0.0071208319,0.0074110969,0.0113633441,0.0119741347,0.0042521149,0.0042246913,0.0061167514,0.0063613031,0.0050546403,0.0042831267,0.0043297535,0.0061620493,0.0067499365,0.0067767021,0.0103784795,0.0076749406,0.0079604212,0.0076392073,0.0072589354,0.0076454149,0.0053405413,0.0052272278,0.0052429177,0.0033300905,0.0033642392,0.0036456941,0.0044941045,0.0045651042,0.004571059,0.0044602444,0.0045953,0.0068794951,0.0057483774,0.0063640799,0.0065696142,0.0073840288,0.0075093816,0.006148534,0.0064905361,0.0061570594,0.005755291,0.0057167257,0.0052628174,0.0045355021,0.008559841,0.008128392,0.0080685021,0.0089648733,0.0081287476,0.0091862073,0.0100691521,0.0093500695,0.0091896521,0.0115921323,0.0093554118,0.0048997951,0.0098407156,0.0091634118,0.0101658639,0.0041310102,0.0041989273,0.0063093785,0.0062432295,0.006239009,0.0075470017,0.0062156035,0.0068183719,0.0057890035,0.0058229424,0.0047900542,0.0047720882,0.004564451
0.0095432406,0.0090861344,0.0037205269,0.0037135234,0.0037139283,0.0037737998,0.0038529096,0.0072639844,0.0072639844,0.0077355184,0.006547626,0.0079802677,0.0077355184,0.0068724017,0.0068724017,0.0070227858,0.0080600073,0.0071911392,0.0067541962,0.0069317059,0.0066764719,0.007575008,0.0034018547,0.0035833846,0.0060955437,0.0111453486,0.0140278688,0.0114668924,0.0141440687,0.0116466563,0.0141896451,0.0107546445,0.0120735063,0.0088763236,0.0087596069,0.0086792972,0.008866775,0.0055563927,0.0042072005,0.0055511448,0.0055300531,0.0064749118,0.0066932698,0.0069549486,0.0073069868,0.011652135,0.0122949865,0.0044133042,0.0043872708,0.0058993972,0.0061661701,0.0050870049,0.0046091656,0.0046777948,0.0065975594,0.0072826191,0.0070150365,0.0103371059,0.007740282,0.0080845458,0.0076962333,0.0073036549,0.0077206264,0.0056746219,0.0055000517,0.0051531,0.0032522477,0.0031598295,0.0038587726,0.0044959667,0.0046451451,0.0051261823,0.0045582361,0.0046476194,0.0067625236,0.0056701556,0.0062666785,0.0064259479,0.0078231351,0.0079335788,0.0062832379,0.0065404017,0.0063018663,0.0055706354,0.0055743278,0.0050895194,0.0046441014,0.0089624889,0.0082955632,0.0081216,0.0089217087,0.0081812205,0.0094742524,0.010042151,0.0096115004,0.0094408163,0.0116838573,0.0096202969,0.0050373365,0.0098326601,0.0094499642,0.0100520955,0.0038818297,0.0039539741,0.0060955437,0.0059967646,0.0060053431,0.0076035986,0.0059835493,0.0067879569,0.0060397747,0.0060621191,0.0048969469,0.0050363545,0.0048389274
0.0095982715,0.009218134,0.0035754734,0.0036029255,0.00358762,0.0036345363,0.0036629519,0.0073952859,0.0073952859,0.0078602103,0.0066609467,0.0080756943,0.0078602103,0.0070364422,0.0070364422,0.0073047762,0.0081222401,0.0072870224,0.0069584564,0.0071309891,0.0068499224,0.0077326884,0.0032928297,0.0035543214,0.0062896056,0.0115479569,0.0143128518,0.0118935753,0.0144442775,0.0120882705,0.0145169233,0.0110607118,0.0124586007,0.0089070479,0.008796482,0.0087337351,0.0089003924,0.0054885351,0.0042955297,0.0058755663,0.0058484573,0.0068648142,0.0065776698,0.0073539896,0.0076815003,0.011504099,0.0121175986,0.0042485816,0.0042260497,0.0060605035,0.0063416444,0.0054674948,0.0045656448,0.0046264781,0.0066095563,0.0073167476,0.0073009198,0.0105952035,0.0079377101,0.0082858212,0.0078898639,0.0074984264,0.007907816,0.0055997795,0.0054361049,0.0051141094,0.0031109307,0.0033009839,0.0039946335,0.0044781795,0.0050272743,0.0050622312,0.0048583299,0.0048001542,0.0071257069,0.0059545695,0.006559092,0.0067407851,0.0076694097,0.0078729906,0.0063544488,0.0066314158,0.0063675842,0.0056454399,0.0059256049,0.0053441052,0.0044970531,0.0090272281,0.0083002545,0.0083776306,0.0090812535,0.0084863677,0.0090900781,0.0094159431,0.0092211024,0.008972975,0.0111111663,0.0091998344,0.004636343,0.0091997924,0.0090797684,0.0093838542,0.0040966616,0.0041763863,0.0062896056,0.0062197059,0.0062153531,0.0076670299,0.0061920639,0.0069723722,0.00599427,0.0060177835,0.0048876425,0.0050342524,0.0049821458
0.0093332361,0.0085117094,0.0038174689,0.003838263,0.0038251901,0.0038796575,0.0038516328,0.0072540526,0.0072540526,0.0078070901,0.0065720995,0.0080707845,0.0078070901,0.0068695446,0.0068695446,0.007100745,0.0081086877,0.0071751651,0.0068885151,0.0070405554,0.006747629,0.007707013,0.0035475165,0.003868447,0.0069900545,0.0118309642,0.0146124559,0.0120884069,0.0147393205,0.0123406677,0.0147614816,0.0114263434,0.0127451594,0.0092040445,0.0090938705,0.0089921212,0.009169351,0.0056097104,0.0044385498,0.006096943,0.0060580094,0.0068493368,0.0064610934,0.0072632833,0.0074678212,0.0105571222,0.0111962132,0.0050294726,0.0049781819,0.0068239174,0.0070489062,0.0057074517,0.0045029976,0.0045951469,0.0064304917,0.0068957903,0.0071824629,0.0095609215,0.0088783129,0.0091251253,0.0088103309,0.0082901413,0.0088649823,0.0054142472,0.0052753861,0.0058801563,0.0030532554,0.0034133203,0.0037934835,0.0052555288,0.0055712823,0.0050131965,0.0054741267,0.0055203042,0.0071104299,0.006292092,0.0067683736,0.0068161403,0.0074580677,0.0075144566,0.0065434328,0.0068318064,0.006553003,0.0064932226,0.0063604774,0.0059631503,0.0052819594,0.0097692392,0.008931191,0.0084001743,0.0085061104,0.0080178663,0.0087971816,0.0093458437,0.0089259122,0.008773525,0.0101983306,0.0089318149,0.0044104917,0.009148991,0.0087781615,0.0091956257,0.0043838064,0.0044673884,0.0069900545,0.0069212622,0.0069166195,0.0084430299,0.0068942632,0.0077816413,0.0062830516,0.0063081859,0.0051979186,0.0052752816,0.0050753371
0.008104724,0.0086384701,0.0039637927,0.0039845458,0.0039707219,0.0040292753,0.004024583,0.0075061884,0.0075061884,0.0079090384,0.0067689783,0.0081859318,0.0079090384,0.0071301915,0.0071301915,0.0073942502,0.0081395936,0.0074120363,0.0071275932,0.0072894047,0.0069890005,0.0078231769,0.003764151,0.0040478674,0.0069990674,0.0104128587,0.0138626837,0.0106990622,0.0139883392,0.0111340413,0.0139953996,0.0097413621,0.0117148629,0.0076648313,0.0075625427,0.0075133847,0.0076372882,0.0054878243,0.0046819483,0.0058991799,0.0058494003,0.0068005371,0.0068153552,0.006884575,0.0071957715,0.0101947847,0.0107465608,0.0056727896,0.0055888215,0.0069475229,0.0070999931,0.005547043,0.0043583705,0.0044514677,0.0066798354,0.0072534938,0.007123226,0.0090956785,0.008056333,0.0079512306,0.0079807753,0.0073533021,0.0080779465,0.0055839837,0.005317266,0.0064237205,0.0032400629,0.0034217672,0.0038730946,0.0057722767,0.0054167729,0.0057783792,0.0053710809,0.0055931233,0.006908975,0.0061248524,0.0065768951,0.006690626,0.0078451601,0.0079561538,0.0065586106,0.006885504,0.0065706498,0.0068538205,0.0061941351,0.0059587865,0.0058785698,0.0082617108,0.0074433917,0.0072699292,0.0084400219,0.0075237955,0.0090530875,0.0097872889,0.0091724649,0.0090729774,0.0107130423,0.009198999,0.0053612142,0.0095879247,0.0090289687,0.0097700413,0.0043168615,0.0043960604,0.0069990674,0.0068822625,0.0068594517,0.0083326781,0.0068491229,0.0075394396,0.0063218456,0.0063441227,0.0054071609,0.0050888944,0.0049108622
0.0084930583,0.0086965799,0.0041040804,0.0041467026,0.0041181627,0.0041732571,0.0042235929,0.0074235243,0.0074235243,0.0080659368,0.0069456549,0.0083539969,0.0080659368,0.007046525,0.007046525,0.0072760358,0.008284458,0.0073314687,0.0070513465,0.0072054608,0.0069120184,0.0080309379,0.0038204346,0.004025696,0.0065707503,0.0097278677,0.0131404566,0.0100021729,0.0132859163,0.0102779361,0.0132893003,0.0094594007,0.0108516281,0.0078642806,0.0077576035,0.0077090455,0.0078479069,0.0052258903,0.004793596,0.0054381757,0.0053858528,0.0066340979,0.0071408729,0.0068619014,0.0071913236,0.010300676,0.0108366753,0.0055242382,0.0054612698,0.0065038976,0.0066796118,0.0051217559,0.0041557295,0.0042267799,0.006829067,0.0074726226,0.0071656542,0.0092221601,0.0075452927,0.0075247864,0.007504118,0.0069933955,0.0075616503,0.0056700771,0.0053271069,0.0060394708,0.0034867425,0.0037585413,0.0041633774,0.0055891052,0.0051113372,0.0063614257,0.0051307174,0.0054439253,0.0067807163,0.0057517434,0.0063730347,0.0064938472,0.0081088319,0.0081355309,0.0062995868,0.0066337226,0.0063110274,0.0063775507,0.0059431156,0.0056460274,0.0056713785,0.0079860184,0.007304167,0.0073832576,0.0086004542,0.0077049833,0.0092156573,0.0102397309,0.0093670385,0.009314942,0.0112945472,0.0094055465,0.0054742715,0.0100099826,0.0091771823,0.0104017465,0.0045800182,0.0046652484,0.0065707503,0.0064337629,0.006421758,0.0077117976,0.0064066851,0.0069942948,0.0060379271,0.0060442691,0.0051306802,0.0048610219,0.0047004517
0.0085944892,0.0093806087,0.0043188163,0.0043531997,0.0043297632,0.0043901222,0.0044306271,0.0072070545,0.0072070545,0.0079079417,0.0066038219,0.0082638677,0.0079079417,0.0067713438,0.0067713438,0.0068905754,0.0082258709,0.0071774792,0.0067320781,0.0069003802,0.0066354865,0.0078779576,0.0038135587,0.0040149569,0.0060828955,0.0098266986,0.0125449302,0.0101296302,0.0126498372,0.010301008,0.0126987608,0.0096774066,0.0108191319,0.0079910868,0.0078926486,0.0078690059,0.0079944653,0.0061142156,0.0048219951,0.0059983194,0.005970199,0.0066536073,0.0076286726,0.0069981212,0.0073742805,0.0111389427,0.0116146399,0.0049854937,0.0049254014,0.0059780691,0.0061679646,0.0054664715,0.0051726944,0.0052585122,0.0073436121,0.0078231413,0.0073221347,0.0096988677,0.0071464913,0.0074157323,0.0070937976,0.0067316181,0.0071350194,0.0064446413,0.0062319931,0.0054704688,0.0036599097,0.0037422115,0.0040554712,0.0050662618,0.0049011337,0.0059651587,0.0047980677,0.0049650389,0.0068182816,0.0056060014,0.0062479441,0.006464267,0.008389875,0.0086694788,0.0062757174,0.0065194431,0.0063007174,0.0057638385,0.0057230861,0.0053175604,0.0052422351,0.0080638687,0.0075682531,0.0075939198,0.0090480635,0.0079302504,0.0098219028,0.0105405479,0.0099770469,0.0098283382,0.012023933,0.009990892,0.0054690573,0.0102784826,0.0097951274,0.0104926361,0.0046352486,0.0047247878,0.0060828955,0.0059796611,0.0059761587,0.0072028184,0.0059506163,0.0064807104,0.0060210247,0.006028041,0.0050952701,0.0056692413,0.005309008
0.0093898729,0.0102494382,0.0040613811,0.0040539561,0.0040512217,0.0041203099,0.0042577269,0.0071730924,0.0071730924,0.0077597684,0.0064986812,0.0080982597,0.0077597684,0.0066569511,0.0066569511,0.0068135358,0.0081586684,0.0072192121,0.0065547906,0.0067089309,0.0064504181,0.0076644181,0.0038514769,0.0041525825,0.0064134615,0.0106445826,0.0131995035,0.0110151753,0.0133231722,0.0110448566,0.0133527545,0.010295883,0.011555849,0.0086227566,0.0085112219,0.0084548358,0.0086263486,0.0063441892,0.0048303203,0.0063218007,0.0062869583,0.0070216229,0.0075027056,0.0072125601,0.0076215753,0.011841008,0.0122575813,0.0050462135,0.0049945517,0.0063260729,0.0065055198,0.0059442226,0.0052992351,0.005385658,0.0074098879,0.0082415931,0.0079131295,0.0108534212,0.0075989729,0.0078708518,0.0075578066,0.0072213816,0.0075781649,0.0064638938,0.006271417,0.0059314365,0.0032729654,0.0034698031,0.0040350885,0.0054219361,0.00554305,0.005404976,0.005390307,0.0055630837,0.0071485319,0.006213833,0.0067221698,0.0068654757,0.0087229635,0.0089812743,0.0064143097,0.0067034295,0.0064257108,0.0062222625,0.0061721493,0.005753408,0.0052758698,0.0085681906,0.0081253722,0.0081524268,0.0097466368,0.0085234181,0.0108390042,0.0117934889,0.0110398101,0.0108972243,0.0129259649,0.0110539246,0.0058492899,0.0115592677,0.0108034962,0.0115417226,0.0045225203,0.0046365495,0.0064134615,0.0063086077,0.0062812618,0.0074831722,0.0062692101,0.0068148365,0.0061817917,0.0061996201,0.0051224861,0.0058503101,0.0054429153
0.0101889613,0.0101546564,0.0038349285,0.0038582861,0.0038424326,0.0038990035,0.0039359958,0.007387562,0.007387562,0.0077842231,0.0066611918,0.0080230113,0.0077842231,0.006945712,0.006945712,0.0071344849,0.0080370231,0.0073582988,0.0068787057,0.0070400294,0.0067644724,0.0076466953,0.004132091,0.0044719806,0.0068338406,0.0110437448,0.0136470878,0.0115218899,0.0137637427,0.0112970899,0.0138366087,0.0109902441,0.0118332122,0.0091999038,0.0090596406,0.0090075059,0.0092083816,0.0063426627,0.0048896188,0.0063600814,0.0063315731,0.0071714747,0.0074511613,0.0077012441,0.0080377087,0.0121323912,0.0127621092,0.0052993344,0.0052437538,0.0067181483,0.0069037385,0.0059163003,0.0049512974,0.0050622238,0.0073467912,0.0080213557,0.007806905,0.0113603397,0.0081327441,0.0083945878,0.0081011358,0.0077463045,0.0081122163,0.0063261064,0.0061415467,0.006058783,0.0030569563,0.003640321,0.0041636953,0.0056761552,0.0058265288,0.0058707125,0.0056260038,0.0057477073,0.0075558448,0.0064128767,0.0070336073,0.0071744524,0.0086745779,0.0088778919,0.0063834849,0.0066453925,0.0063877314,0.0064779983,0.0065472358,0.0061584719,0.0054886684,0.0091110031,0.0084837789,0.0085938642,0.0100603967,0.0088933592,0.009950496,0.010811987,0.0100928432,0.0098720002,0.0123291703,0.0100856432,0.0056606377,0.0105410689,0.0099472745,0.0108624418,0.0045425056,0.0046473813,0.0068338406,0.006762224,0.0067281962,0.0079849726,0.006715117,0.0072775649,0.0061702641,0.006201187,0.0053612717,0.0059457155,0.0055908349
0.009998125,0.0096218764,0.0040373359,0.0040506967,0.0040351984,0.0040958481,0.004154537,0.0074672865,0.0074672865,0.0077329469,0.0065680368,0.0079244243,0.0077329469,0.0070981191,0.0070981191,0.0073579427,0.0077312146,0.0073733024,0.0071172191,0.007291934,0.0070056972,0.0076082236,0.0040558762,0.0044312328,0.0071015384,0.0114729193,0.0138100748,0.0119425849,0.01395112,0.0117958474,0.0140494265,0.0110490606,0.0122720311,0.0093603408,0.0092264089,0.0091578603,0.009349429,0.0060060681,0.0050588057,0.0060163632,0.0059757941,0.0069325811,0.0076038639,0.0075007682,0.0078027512,0.0118198431,0.0122943559,0.0055571821,0.0055060405,0.0069348901,0.0071874203,0.0056493512,0.0047479753,0.0048248354,0.0072622181,0.0081814045,0.0077059483,0.0107571649,0.0085975026,0.0087383766,0.0085470443,0.0080185099,0.0086047752,0.0062289559,0.0060162771,0.0062099134,0.0034573311,0.0037637594,0.0043188917,0.0057363366,0.0054660283,0.0059990122,0.0054890787,0.0056746564,0.0072294342,0.0059877849,0.0066398109,0.0068417183,0.0085679521,0.0087628142,0.0064702847,0.0068179879,0.0064845729,0.0066909224,0.006196246,0.0059673102,0.0057607686,0.0093926769,0.0088250193,0.0085964905,0.0096630229,0.0087842208,0.009912574,0.0104316591,0.0100555771,0.0099419584,0.0118407441,0.0100817872,0.0056204608,0.0102201688,0.0098931295,0.0103704202,0.0047964891,0.004904746,0.0071015384,0.0069972436,0.0069920526,0.0084919714,0.0069679821,0.0077743641,0.0062382538,0.0062601083,0.0054082771,0.0054608715,0.00514945
0.0098597156,0.0096203663,0.0042292698,0.0042645427,0.0042424712,0.0042982087,0.0043154886,0.0074394309,0.0074394309,0.0077964649,0.0066453337,0.0080160378,0.0077964649,0.0070574754,0.0070574754,0.0073580087,0.0078478656,0.0073558927,0.0070594559,0.0072189927,0.0069276712,0.0076792156,0.0041214615,0.0044183156,0.0067125089,0.0110467033,0.0138118908,0.0115085436,0.0139589248,0.011515295,0.0140942679,0.0108419484,0.0121249915,0.0090002589,0.0088660158,0.0088094304,0.0090006283,0.006234101,0.0052564733,0.005861101,0.0057954024,0.0069426082,0.0074219066,0.0074368707,0.0077870922,0.0119076642,0.0125738983,0.0052817221,0.0052185887,0.006619154,0.0068114873,0.0052073221,0.0050606552,0.005146924,0.0073926406,0.0081055483,0.007829008,0.0109433219,0.0078001554,0.0080635401,0.0077666047,0.0073542762,0.0077961915,0.0065100142,0.0063590844,0.0060600144,0.0036926906,0.003676083,0.0042708976,0.0053872248,0.0050294776,0.0061353439,0.00500987,0.0052071769,0.0071844089,0.0058240019,0.0065177887,0.0067819012,0.0083971087,0.0087123302,0.0066708274,0.0069726163,0.0066840288,0.0064461234,0.0059889234,0.0056987248,0.0055467533,0.0090074623,0.0083612123,0.0082699207,0.0094223434,0.008578292,0.0098860601,0.0106897774,0.010047433,0.0098900455,0.0121763455,0.0100581052,0.0056491976,0.0104845733,0.009872858,0.0104948066,0.0048069788,0.0049195809,0.0067125089,0.0065915998,0.0065816019,0.008013154,0.0065613971,0.0071802005,0.0062396892,0.0062633448,0.0055063816,0.0054095545,0.0049637476
0.0096875155,0.0094079949,0.004203545,0.0042463238,0.0042179342,0.0042755773,0.004302837,0.0073332215,0.0073332215,0.0079170243,0.0065882847,0.0081192097,0.0079170243,0.0069036115,0.0069036115,0.0071709913,0.0080355517,0.0072966583,0.0068497674,0.0070070271,0.0067289757,0.0077945104,0.0040527332,0.0042394259,0.0066854323,0.0112435729,0.0140347316,0.0115943111,0.0141708181,0.0115773288,0.0142955906,0.0111401972,0.0122927691,0.0091169833,0.0090189875,0.0089327903,0.0091088864,0.0062502043,0.0050472932,0.0059567918,0.005927722,0.0068253121,0.007255803,0.007392566,0.007735967,0.0116794214,0.0123689315,0.0052400201,0.0052102986,0.0065412715,0.006754007,0.0054477101,0.0053070655,0.0053749026,0.0072814023,0.0076712544,0.007635754,0.0104991738,0.0077139993,0.008080758,0.0076752621,0.0073561917,0.0076918396,0.0063643009,0.0062027828,0.0058491257,0.0035794432,0.0035380729,0.004266541,0.0054343424,0.0052478493,0.0059867526,0.0051477896,0.0053724969,0.0071064003,0.0058541743,0.0066221087,0.0067589941,0.0081210512,0.0083494036,0.0064609153,0.0067058198,0.0064712736,0.0063373257,0.006194466,0.005747492,0.0054211021,0.0090264531,0.0083943872,0.0083885118,0.0093360467,0.0085039102,0.0094455991,0.0100154436,0.0095760689,0.0093692436,0.0117762478,0.0095681557,0.0055935401,0.0098118293,0.0094353835,0.0099759308,0.0048873533,0.0049945276,0.0066854323,0.0066117844,0.006597967,0.0077196646,0.0065803649,0.0070709708,0.0061957844,0.0062252115,0.0056045198,0.0055699318,0.0051569613
0.0094119389,0.0093726576,0.004045842,0.0040721184,0.0040514254,0.0041117847,0.0042547139,0.0072639101,0.0072639101,0.007958366,0.0064816677,0.0082379267,0.007958366,0.0068272646,0.0068272646,0.0069531246,0.0083045396,0.0072370365,0.0067119017,0.0068942712,0.0066423629,0.0078592556,0.004157225,0.0044172142,0.0066033988,0.0110251703,0.0140196932,0.0113668109,0.0141484287,0.0115512106,0.01420912,0.0105560634,0.0123035557,0.0087402276,0.0086481561,0.0085768596,0.0087301641,0.0064261156,0.0047146375,0.0062300649,0.0062184076,0.0065620728,0.0076502545,0.0069276387,0.0072508731,0.0113787882,0.0119188656,0.005361796,0.005333538,0.0063914724,0.0067078967,0.0057477422,0.005645174,0.0057414104,0.0073819757,0.0077618729,0.0074216979,0.0103041313,0.0078640971,0.0082208707,0.0078466714,0.0075129974,0.0078485783,0.006614009,0.0064669639,0.0059711384,0.0035473243,0.0037125167,0.0039952368,0.0054536179,0.0051580672,0.0057800236,0.0051248491,0.0054449998,0.0066933964,0.0057597307,0.0062476502,0.0063854599,0.008581741,0.0088777125,0.0059117035,0.0062672146,0.0059263976,0.0063021655,0.0058314457,0.0054659335,0.0055747474,0.0089596707,0.0083157095,0.0081257484,0.0091519813,0.0082103021,0.0096020705,0.0101261639,0.0097362073,0.009614224,0.0116184844,0.0097559149,0.0055018969,0.0099421695,0.009583951,0.0102261458,0.0047535365,0.0048479847,0.0066033988,0.0064449234,0.0064515651,0.0079953915,0.0064329019,0.007224329,0.0058023424,0.0058165111,0.0048880455,0.0059583142,0.0055462837
0.0093572681,0.0095132507,0.0041745151,0.0041981689,0.0041782075,0.0042398398,0.0043948443,0.007215725,0.007215725,0.0080525385,0.006497566,0.0083317906,0.0080525385,0.0067685122,0.0067685122,0.0069034962,0.0083639149,0.007200809,0.0066076483,0.0068197858,0.0065894979,0.007953274,0.0040430366,0.0044584679,0.0065423419,0.0110095655,0.0144794533,0.0114050477,0.0146301318,0.0114051554,0.0146203751,0.010873421,0.012199705,0.0086117658,0.0085217227,0.0084539391,0.0086227273,0.0070084917,0.0046134172,0.006601367,0.0065799455,0.0070195165,0.0080069281,0.0070782144,0.007410237,0.0117443757,0.0123350455,0.0052662564,0.0052493693,0.0063804102,0.0066479304,0.0061079425,0.0057695958,0.0058791233,0.0078951649,0.0080639521,0.0077902653,0.0105384851,0.0075518415,0.0078998786,0.0075430359,0.0072049613,0.0075367946,0.0071216712,0.0069442257,0.0059154269,0.0037457137,0.0037913983,0.0040253163,0.0056741641,0.0055437755,0.0058935422,0.0054576332,0.00567243,0.0070227929,0.0060152151,0.006511904,0.0067463703,0.0086962483,0.0091394545,0.0061120104,0.0064687934,0.0061343208,0.0062565394,0.005883178,0.0056130839,0.0054715141,0.0086005238,0.0080521005,0.0079316943,0.0091803663,0.0080223726,0.0099469639,0.0108312941,0.0100830413,0.0098712948,0.0121630861,0.0100773639,0.0053101354,0.010611233,0.0099361674,0.0109147094,0.0047056259,0.0047907603,0.0065423419,0.0063948863,0.0063995964,0.0077593838,0.0063783373,0.0070263585,0.0059639663,0.0059881292,0.0048048281,0.0062885177,0.005729051
0.0098659148,0.0101427995,0.0041093451,0.0041001271,0.0040970396,0.0041633517,0.0044349292,0.0073590511,0.0073590511,0.008152083,0.0066364462,0.0084195542,0.008152083,0.0068935108,0.0068935108,0.0069857941,0.0083254372,0.0073522938,0.0066927674,0.0069217042,0.0067003795,0.0080873021,0.003880999,0.0042185649,0.006999316,0.0112323191,0.0146613125,0.011741457,0.0147905691,0.0115992754,0.0148114524,0.0111401247,0.0122629986,0.0091411441,0.0090536441,0.0089663278,0.0091376215,0.0073685721,0.0046686455,0.0068378505,0.0067796068,0.0076652531,0.0080259648,0.0078870524,0.0082574497,0.012023004,0.0127708242,0.0057328611,0.0056846045,0.0068559875,0.0070930813,0.0064324816,0.0058464241,0.0059194779,0.0083398655,0.0087165047,0.0084893561,0.0107081603,0.0081678969,0.0085102149,0.0081997525,0.0079492618,0.0081590087,0.0072779613,0.0071273109,0.0062377115,0.003933391,0.0036629552,0.0041775997,0.0060001302,0.0056493236,0.0058434207,0.0055938017,0.0059079149,0.0077318378,0.006343025,0.0070408472,0.0073696021,0.0090013474,0.0094870214,0.0064679132,0.0067592115,0.0064778184,0.0067020462,0.0063268514,0.0060651854,0.0058541629,0.0089224979,0.0087055816,0.0087120354,0.0098294169,0.0089247488,0.0104665505,0.0111655436,0.0106170415,0.0104352356,0.012551528,0.010624137,0.0055017109,0.010963595,0.0104399196,0.0110766571,0.0046924372,0.0047904028,0.006999316,0.0068780202,0.0068746517,0.0080553622,0.0068490632,0.0074717052,0.0063783535,0.0064113528,0.0049254271,0.0063679846,0.0059511887
0.0102588181,0.0104630327,0.0040846606,0.0040878741,0.0040801269,0.0041423196,0.0043467328,0.0075665835,0.0075665835,0.0082447023,0.0067188741,0.0085187179,0.0082447023,0.007132571,0.007132571,0.0072359759,0.0084791464,0.0075220724,0.0070409849,0.0072333898,0.0069726807,0.0081618557,0.0041432762,0.0044840634,0.0074590243,0.0113064757,0.0145750927,0.0118852705,0.0147283222,0.0115768416,0.0147648857,0.0112156052,0.0124068611,0.0095847643,0.0094676392,0.0094247552,0.0095702215,0.0067491712,0.0049342863,0.0064962656,0.0064416684,0.0078479896,0.0071670712,0.0083679886,0.0087651795,0.0122576278,0.0128454768,0.005841041,0.0057979431,0.0072303323,0.0075705059,0.0061290365,0.0055495371,0.0056530177,0.0075990056,0.0085436556,0.0086447312,0.0112485469,0.0089726337,0.0091546056,0.0089606934,0.0085338326,0.0089629094,0.0064167955,0.0063258948,0.0064075993,0.003728346,0.0036939352,0.0042251939,0.0060541608,0.0057822128,0.0061655809,0.0056258594,0.0059717295,0.0080864083,0.0063300892,0.0072464528,0.0075617188,0.0081626674,0.0087198115,0.0068093554,0.0070704637,0.0068219669,0.0069854948,0.006566066,0.0063068691,0.0059686608,0.0096231083,0.0089974097,0.0092436934,0.01042525,0.0095510208,0.0100282326,0.0111373611,0.0101967462,0.0100978976,0.0126932469,0.0102169184,0.0058786649,0.0108805632,0.0100227191,0.0111352715,0.0049512345,0.0050515814,0.0074590243,0.0072910438,0.0073032691,0.008825441,0.0072808174,0.0081307236,0.0067033825,0.0067279891,0.0054306439,0.0059573601,0.0056063889
0.0102129396,0.0101387566,0.004276492,0.0043072163,0.0042858597,0.0043470316,0.0044441778,0.0075450002,0.0075450002,0.0082255682,0.0067318419,0.0085375811,0.0082255682,0.0070828144,0.0070828144,0.0072624266,0.0085036297,0.007528263,0.0069228012,0.0071323432,0.0068924866,0.008155988,0.0046503083,0.0049086712,0.0073491387,0.0112090286,0.0140527412,0.0118018787,0.014208555,0.0115306071,0.0143122189,0.0111504182,0.0121886522,0.0095803203,0.0094648165,0.0094054661,0.009567112,0.0061276701,0.0048919399,0.0062191656,0.0061599177,0.0074347582,0.007145949,0.0080591752,0.0083200953,0.0120667726,0.0126857847,0.0056523332,0.0055799519,0.0071335172,0.0074387477,0.005790712,0.0050105302,0.0050952271,0.0071237264,0.0080832726,0.0079340941,0.0111041205,0.0090235724,0.0091380641,0.0089930547,0.0084179019,0.0090450047,0.0061133771,0.0059039146,0.0064624221,0.0039051375,0.0039351078,0.0041659283,0.0058264849,0.0055837029,0.0062998917,0.0055262932,0.0057720349,0.007783079,0.0063436842,0.0071187241,0.0073125307,0.0082638399,0.0085482135,0.0068231918,0.0070681693,0.0068382516,0.0069674443,0.0066893165,0.0063700592,0.0059639162,0.0097082064,0.0089855481,0.0091433467,0.0100706896,0.0092317729,0.0102606563,0.0115486056,0.0104276385,0.0102656389,0.0129903222,0.0104308215,0.0061821455,0.0112932264,0.0102577181,0.0116599576,0.0051369882,0.0052122031,0.0073491387,0.0072264991,0.0072305727,0.0087868533,0.0072048408,0.0080449602,0.0066561648,0.0066923832,0.0055816516,0.0055837594,0.0052056788
0.0099819281,0.0106263371,0.0043960734,0.004444547,0.0044128578,0.004471079,0.0045964342,0.0075481774,0.0075481774,0.0083002188,0.0065145941,0.0085956736,0.0083002188,0.0071134264,0.0071134264,0.0073304191,0.0085210889,0.0075110962,0.0069864774,0.0072127309,0.0069736413,0.0082311816,0.0047656352,0.0049544366,0.0072467528,0.0110995253,0.0140537927,0.0116352448,0.0141791882,0.011527766,0.0143161149,0.0109891011,0.0122729448,0.0092326917,0.0091303997,0.0090704427,0.0092188424,0.0065350594,0.0050941193,0.0066222219,0.0065808983,0.0074015299,0.0075269201,0.0079009361,0.0082534458,0.0124314622,0.0128977351,0.0055629816,0.0054967948,0.0070885483,0.007293058,0.0061641396,0.0053215997,0.0054044813,0.007673932,0.0085101521,0.0082084795,0.0113656396,0.0084210729,0.0088199753,0.0084299017,0.0081124139,0.0084085208,0.0065401566,0.0063051969,0.0063479139,0.0039648526,0.003953174,0.0042459788,0.0059952792,0.0056761406,0.0063652394,0.0056561823,0.005940283,0.0076165187,0.0064824347,0.0070577719,0.0071673882,0.0088350594,0.0090715969,0.0069191014,0.0072943396,0.0069371604,0.0068416056,0.0067805931,0.0064928035,0.0057936274,0.009514076,0.0088249028,0.0088181212,0.0102890354,0.0091477215,0.0110307222,0.0117497073,0.0112236885,0.0111073094,0.0131664837,0.0112465344,0.0063415181,0.0115237986,0.0110048806,0.0118003809,0.0050503453,0.0051519349,0.0072467528,0.0072039608,0.0071801038,0.008203533,0.0071509615,0.0076802167,0.0066762833,0.0067014167,0.0053544538,0.0061728917,0.005756817
0.0102595438,0.0104760576,0.0044725066,0.004510001,0.0044852781,0.0045450062,0.004659601,0.0075363623,0.0075363623,0.0082826193,0.0067169116,0.008615171,0.0082826193,0.0071210346,0.0071210346,0.0074349068,0.0085653936,0.0074818873,0.007134303,0.0073150884,0.0070342332,0.008254622,0.0047845826,0.0050353941,0.0078861556,0.0114367958,0.014326725,0.0118287594,0.0144427795,0.0118582632,0.0145276517,0.011313433,0.0124510861,0.0094514903,0.0093501524,0.0092838465,0.0094351722,0.0064082337,0.0050977271,0.0064341344,0.0064024872,0.0074595153,0.0079392733,0.0080515972,0.0083370392,0.0125174399,0.012957425,0.0062383715,0.0061574288,0.007663449,0.0079347885,0.0061847476,0.0053756986,0.0054479931,0.0076405222,0.0083948708,0.0079690913,0.0116693726,0.0087349073,0.0089596222,0.008732008,0.008432834,0.0087090132,0.0066061562,0.0063960135,0.006993391,0.0039724813,0.0038910005,0.0042210116,0.0065208788,0.0060925156,0.0062812097,0.0060997656,0.0064912608,0.0077733246,0.0066089965,0.0072366323,0.00734985,0.0090711323,0.0093486955,0.0069398228,0.0072691307,0.0069542078,0.0074556493,0.0070101535,0.0068298924,0.0065576708,0.0095184868,0.0090869309,0.0090870524,0.0103542521,0.0092877205,0.0107313441,0.011578774,0.0108890611,0.0108421292,0.0127725507,0.0109398438,0.0067118312,0.0113644146,0.0107133399,0.0116791941,0.0048989604,0.0050117458,0.0078861556,0.0078452771,0.0078123927,0.0086402608,0.007787608,0.0082143646,0.0067240651,0.0067632286,0.0054568304,0.0060679663,0.0057455837
0.0104559255,0.0101162384,0.004372525,0.0044116688,0.004386283,0.0044455997,0.004587949,0.0074004656,0.0074004656,0.0082597885,0.0067040288,0.0086243896,0.0082597885,0.0069343785,0.0069343785,0.0072273715,0.0086119542,0.0073933188,0.0068977493,0.0070821788,0.0068091865,0.0082469886,0.0047909667,0.005122025,0.0078137599,0.0116570721,0.0141129245,0.0122288224,0.0142334495,0.0121210821,0.0143671425,0.0116259255,0.0126358661,0.0097390735,0.0096292536,0.0095662266,0.0097275839,0.0065450116,0.0051549771,0.0062662307,0.0062514446,0.0073722516,0.0080060273,0.0080254564,0.0083233061,0.0127601328,0.0133317054,0.0065778769,0.0065323297,0.0076556995,0.0079216436,0.005965788,0.0051893314,0.0053003207,0.007762054,0.0083851922,0.0081331884,0.0114796394,0.0090867891,0.0093030783,0.0090390867,0.0085946346,0.0090586332,0.0067109516,0.0064990797,0.0070578856,0.0040783594,0.0038611097,0.0043165361,0.0065828429,0.005964828,0.0069447451,0.0059357023,0.0063896373,0.0077584911,0.0064844731,0.0071944418,0.0072858724,0.0088759891,0.009216255,0.0068253243,0.007093691,0.0068424858,0.0074933224,0.0069137981,0.0066579609,0.0067847002,0.0099075866,0.0091973325,0.0091572852,0.0099170103,0.0092060905,0.0108254283,0.0122873926,0.0110030707,0.0109221412,0.0133604582,0.0110389405,0.0069444137,0.0120140828,0.0108034113,0.0125133769,0.005182225,0.0053041924,0.0078137599,0.0076849814,0.0076689537,0.0090654439,0.0076440575,0.0082031294,0.0066325799,0.0066705597,0.0056381215,0.0059872116,0.0055970283
0.0102436493,0.0105118302,0.0042627589,0.0043069387,0.0042782807,0.0043332401,0.0045276446,0.0076206714,0.0076206714,0.0084606905,0.0066095116,0.0087914801,0.0084606905,0.0071651366,0.0071651366,0.0073650505,0.0086570269,0.0075936818,0.0070484443,0.0072452752,0.0069788189,0.0084454175,0.0049798703,0.0053499627,0.0076213458,0.0115981514,0.014719342,0.0121041431,0.0148471628,0.0121043761,0.014933159,0.011529824,0.0128243247,0.0095085274,0.0093892556,0.0093386059,0.0095031267,0.0064983681,0.0052781419,0.0063674702,0.0063551983,0.0073000854,0.0081308028,0.008096999,0.0084727042,0.0128050337,0.0133168316,0.0060220375,0.005978133,0.0074286618,0.0077210504,0.0059796788,0.0052219399,0.0053107354,0.0077005125,0.0083463878,0.0079350757,0.0115554587,0.0088712514,0.0090466233,0.0088530639,0.008439441,0.0088498767,0.0067534993,0.006484008,0.0068454163,0.0041686418,0.0040727359,0.0045028998,0.0061671601,0.0058778413,0.0069773536,0.0057541844,0.00599965,0.0078331781,0.0064023125,0.0071842715,0.0072752639,0.0093491379,0.009479234,0.0067673002,0.0071811272,0.0067841908,0.0072943722,0.0067667097,0.0064602434,0.0062820965,0.0096165184,0.0089191847,0.0090677764,0.0100813285,0.0092236195,0.0111999014,0.0125883055,0.0113941625,0.0111784042,0.0137696868,0.0113835799,0.0065848847,0.0123213913,0.0111971934,0.0125595108,0.0051598571,0.0052768304,0.0076213458,0.0075019681,0.0074898583,0.0088492347,0.0074694757,0.0081188358,0.0065507776,0.0065822293,0.0057881943,0.0059831785,0.0056155767
0.0106658063,0.0103303778,0.0042375832,0.0042940686,0.0042590734,0.0043100498,0.0044747179,0.0076736616,0.0076736616,0.008420945,0.0067495831,0.0087502714,0.008420945,0.0072503033,0.0072503033,0.0075399978,0.0087521991,0.0076160422,0.0071577318,0.007367388,0.0070998116,0.0083783485,0.0047381415,0.0049931783,0.0075559571,0.0118905467,0.0150489237,0.012451537,0.0151815509,0.0123613964,0.0153358477,0.0120652102,0.0129435016,0.0099313134,0.0097856165,0.0097052849,0.0099242602,0.0070390556,0.0050626345,0.0063782187,0.0063611472,0.0072482068,0.0084239111,0.0079665071,0.0083518769,0.0129208965,0.0134118146,0.0058527696,0.0058259332,0.0073945755,0.0076528537,0.0061347481,0.0056062215,0.0056705549,0.0082623583,0.0088784007,0.0083369993,0.0117662326,0.0089091811,0.0093273109,0.0088673401,0.0084691248,0.0088761821,0.0073932313,0.0072056083,0.0066811804,0.0041942519,0.0041182283,0.0045332255,0.0060568783,0.0056944175,0.0067444351,0.0056106106,0.0059373696,0.0076530668,0.0062964717,0.0070691408,0.0071914366,0.0093156681,0.0098430556,0.00677627,0.0071407693,0.0067944457,0.0071182943,0.0066672793,0.0064097255,0.0060749446,0.010114855,0.0093759932,0.0091469401,0.0101640569,0.0092184222,0.0107018924,0.0118830618,0.0108878417,0.0107302188,0.0134819514,0.0108996292,0.0065498354,0.0116119104,0.0106923327,0.0121246715,0.0052778852,0.0053874186,0.0075559571,0.0074265634,0.0074114286,0.0087413169,0.007387554,0.0079720932,0.0064680498,0.0064905325,0.0056417283,0.0060718076,0.0057140472
0.010526384,0.0104195722,0.0042953424,0.0043633368,0.0043256257,0.0043721917,0.0044009583,0.0075406189,0.0075406189,0.0083925265,0.0066742411,0.0087892488,0.0083925265,0.0070924106,0.0070924106,0.0073998925,0.0088302419,0.0075158911,0.0068468863,0.0070757328,0.0068467356,0.00834863,0.0048793431,0.0050998451,0.0076050677,0.012392708,0.015376917,0.0130156309,0.0155093712,0.0128135323,0.0155811781,0.0121259024,0.0133596857,0.009831917,0.0096933545,0.0096225802,0.009813574,0.007577416,0.0049925312,0.0068466139,0.0068207458,0.0076208385,0.0087744313,0.0082389726,0.0086195934,0.012709907,0.0132583792,0.0062946552,0.0062557865,0.0074221267,0.0076828385,0.0064447351,0.0064964069,0.0065669174,0.0086797014,0.0093046306,0.0086668695,0.0113333111,0.0088042295,0.0090826469,0.0087625254,0.0083752427,0.008773817,0.0077070104,0.0075086611,0.0069374809,0.0041428451,0.0039195016,0.0043205057,0.0063149115,0.0059203885,0.0066053509,0.0057207969,0.0060690219,0.0079390747,0.0065772503,0.0072917601,0.0073995635,0.0095889958,0.0100838368,0.0070054266,0.0073325113,0.0070217467,0.007274767,0.0068742219,0.0065704733,0.0065686114,0.009770383,0.0091644267,0.0093384545,0.0102273222,0.0094505938,0.0106733834,0.0120629514,0.0108563465,0.0108097333,0.013365618,0.0109039396,0.0066929417,0.0118369028,0.0106426708,0.0121250069,0.005067284,0.0051631458,0.0076050677,0.0075013927,0.0074970122,0.0088964184,0.0074639024,0.0080408052,0.0068003106,0.0068267571,0.0055867967,0.0067904479,0.0061175382
0.0109427773,0.0108576148,0.0041516064,0.0042038356,0.0041754328,0.0042259425,0.0042565411,0.0075993587,0.0075993587,0.0083644524,0.006518974,0.0086993649,0.0083644524,0.0071662427,0.0071662427,0.0074420684,0.0087183906,0.0075600267,0.0069291747,0.007191783,0.0069762524,0.0083136781,0.0049909877,0.0052348884,0.0082520201,0.0122006125,0.0147736417,0.0128716125,0.0148980604,0.0125176514,0.0150570125,0.0121340896,0.013059016,0.0100291785,0.0099211187,0.0098530306,0.0100229618,0.0075803606,0.0051493509,0.0075840557,0.007581705,0.0082525653,0.0089358134,0.0086735528,0.0091367646,0.0131592787,0.0136058196,0.0065470264,0.0064771944,0.008056766,0.0083445097,0.0070756653,0.0061270287,0.006239496,0.0087919203,0.0092542717,0.0091677655,0.0120547891,0.0091171681,0.0093391208,0.009109509,0.0087248076,0.0091129333,0.0075311384,0.0073157599,0.0074259979,0.0040237224,0.0038159816,0.0041961233,0.0068289347,0.0066493396,0.006888392,0.0065226972,0.006726916,0.0085069042,0.0073112632,0.0080376875,0.0080935049,0.0100925571,0.0103182779,0.0071311267,0.0075248448,0.0071491691,0.0078785007,0.0074875715,0.0070482167,0.0068954542,0.010084025,0.0094898875,0.0095106952,0.0106915168,0.0097118675,0.0113141766,0.0119947328,0.011461512,0.0113049849,0.0135550995,0.0114843509,0.0071541502,0.0117769835,0.0112966578,0.0120011981,0.0050379036,0.0051277196,0.0082520201,0.0081310708,0.0081222424,0.0090709347,0.0080953952,0.0086214646,0.0068559781,0.0068631094,0.0058097017,0.0072260363,0.0068123439
0.0112711304,0.0113269901,0.0040756243,0.0041013319,0.0040927195,0.0041451618,0.0041776389,0.0075640894,0.0075640894,0.0083127992,0.0063763519,0.0086317957,0.0083127992,0.0071204832,0.0071204832,0.0073638783,0.0085381346,0.0075361332,0.0068847818,0.0071463728,0.0069364665,0.0082546221,0.0046238403,0.0050023188,0.0084560393,0.0120890865,0.0148554378,0.0128038566,0.0149713115,0.0124603587,0.0151017573,0.0118917615,0.013167151,0.0104450684,0.0103720712,0.0103059101,0.0104348434,0.0074870589,0.0051788521,0.0076176901,0.0075988096,0.0081715379,0.0093153839,0.0090077823,0.009343717,0.0129981519,0.0134773248,0.0068456517,0.0067574761,0.0082531524,0.008559199,0.0071666087,0.0061431734,0.0062140228,0.0089719359,0.0096396964,0.0089921214,0.0118110262,0.0095299816,0.0098144691,0.0095580087,0.0092506462,0.009514083,0.0075839866,0.0073366818,0.007701208,0.0035870868,0.0037356359,0.0043079561,0.0073771358,0.0069562927,0.0073722618,0.0069303156,0.0072648268,0.0086114455,0.0074238886,0.0079796247,0.0080148351,0.0105184054,0.0109711533,0.0070457998,0.007358813,0.0070614582,0.0081331552,0.007654126,0.0073174483,0.0071201066,0.0104813656,0.0100396031,0.0099719594,0.0108539505,0.0100394978,0.011689486,0.0120207867,0.0118392644,0.0117060172,0.0133280873,0.0118744366,0.0065846241,0.011833445,0.0116777158,0.0120229581,0.0051293215,0.0052382076,0.0084560393,0.0083145539,0.0083077913,0.0094038017,0.0082780851,0.0088960205,0.0068049561,0.0068097339,0.0056942908,0.0070732783,0.0068734991
0.0115591651,0.0117898228,0.0040249014,0.0040357514,0.0040350181,0.0040883076,0.0041948757,0.0076666372,0.0076666372,0.0084885115,0.0065813198,0.0088542143,0.0084885115,0.007231676,0.007231676,0.0074262858,0.0088354219,0.0076255948,0.0071164059,0.007347124,0.0071069052,0.0084684621,0.0046004833,0.0051464167,0.0080715283,0.0120141318,0.0147853866,0.0126481484,0.0149377498,0.0125247602,0.0150367464,0.0123610762,0.013057986,0.010732913,0.0106497575,0.0105623443,0.0107228797,0.0078682012,0.005177175,0.0075441172,0.0075068498,0.0085353707,0.009688004,0.00897122,0.0094790172,0.0131053887,0.0134423505,0.0063731686,0.0063233957,0.0078516186,0.0081643901,0.0071024804,0.0064158269,0.0065006505,0.0092248075,0.0097425325,0.0094009978,0.0122878144,0.0095389922,0.0098584401,0.0095253533,0.0091250512,0.00952342,0.0079900325,0.0077125359,0.0070860957,0.0034651361,0.0038551635,0.0045451899,0.0068882311,0.0066217651,0.007664549,0.0065080248,0.006765047,0.0087258825,0.0073064943,0.0080129742,0.0082341742,0.0107595644,0.0109954054,0.0069546094,0.0073466837,0.0069745066,0.0075882665,0.0074431158,0.0069773089,0.0065702589,0.0106387603,0.0102041755,0.0102150228,0.011605429,0.0104821957,0.0120512415,0.0127508089,0.0122173908,0.0121203783,0.0139883853,0.0122612457,0.0068703728,0.0125249012,0.012034629,0.0127694297,0.0050995646,0.0051982347,0.0080715283,0.0079416561,0.0079388248,0.0093995026,0.0079094471,0.0085850999,0.0067279087,0.006742258,0.0055591066,0.007150529,0.006661204
0.0111235976,0.0111163212,0.0041387384,0.0041667106,0.004156805,0.0042078224,0.0043425502,0.0075673083,0.0075673083,0.0085226941,0.0066319275,0.0088945882,0.0085226941,0.0071204934,0.0071204934,0.0073876382,0.0088538712,0.0075382375,0.0070094535,0.0072276747,0.0069839771,0.0085213337,0.0048901148,0.0052975047,0.008295125,0.012389074,0.0147428351,0.013149858,0.014883417,0.0125711972,0.0150163826,0.0127581771,0.013228842,0.0105397948,0.0103856031,0.0102937576,0.0105162924,0.0086121455,0.0051496582,0.0079732799,0.0079388615,0.0086431424,0.0096721493,0.0089140865,0.0094414986,0.0135234885,0.014188216,0.0064320438,0.0063489715,0.0080835969,0.008365367,0.007250242,0.0067781667,0.0068693826,0.0095857965,0.0095409618,0.0097002271,0.0119913847,0.0098490396,0.0100690923,0.009824925,0.0093296076,0.0098124952,0.0083687629,0.0081793535,0.0073572931,0.0036971311,0.0039414,0.0044557458,0.0069128698,0.006760657,0.0070227776,0.00669525,0.0070420205,0.0088118389,0.0073561549,0.0081715146,0.0083949511,0.0105178889,0.0109391896,0.0068200431,0.007079199,0.0068353233,0.0078029774,0.0076308243,0.0072853361,0.006686233,0.0107795455,0.0100607181,0.0098295691,0.0108108257,0.0100351205,0.0117005997,0.0125546142,0.0118968674,0.011848933,0.0139712847,0.0119530569,0.0067320285,0.0123214785,0.0116759562,0.0125547729,0.0052357036,0.0053648175,0.008295125,0.0082060951,0.0082014903,0.009568216,0.008159009,0.008798067,0.0067154757,0.0067279417,0.0056174545,0.0076141503,0.0068975365
0.0114160524,0.0112412809,0.0041663195,0.0041835438,0.0041810882,0.0042329667,0.0043505361,0.0074581519,0.0074581519,0.0084333714,0.00651562,0.0088160971,0.0084333714,0.0069848165,0.0069848165,0.0072683561,0.0088632533,0.0074582512,0.0068720637,0.0071078637,0.0068821026,0.0084217269,0.0048815951,0.0049860896,0.0084707653,0.0122953292,0.0151465681,0.0130613396,0.0152662965,0.0128425132,0.0153487,0.0127380007,0.0134949035,0.010566032,0.010441116,0.0103573417,0.0105679986,0.0081822365,0.0050680271,0.0081704156,0.0081240719,0.0091052826,0.0090142886,0.0093374139,0.0097969306,0.0137561254,0.0141674615,0.0069916708,0.006914225,0.0082048521,0.0085201201,0.0077794264,0.0068960455,0.0069986844,0.0089083774,0.0093546031,0.0094901733,0.0124049865,0.0096138208,0.0098433181,0.0096180465,0.009229657,0.0095901903,0.0080501261,0.0078960406,0.0075569583,0.0039344271,0.0039840783,0.0042381964,0.0072979861,0.007337759,0.007307041,0.0072724063,0.0074395271,0.0093392486,0.0080434743,0.0087267694,0.0089548382,0.0097647379,0.0102146913,0.0066644589,0.0070000978,0.0066866721,0.0079169195,0.0081026924,0.0076484903,0.00718235,0.0105484535,0.0100197479,0.0100654826,0.011038367,0.0104356775,0.0114623066,0.012782824,0.0116935184,0.0115701788,0.0139867365,0.0117161893,0.0069821892,0.0125284886,0.0114488059,0.0128583934,0.0053153278,0.0054302097,0.0084707653,0.0084098035,0.0083944493,0.0092330563,0.0083591785,0.0088425889,0.0066433658,0.0066573505,0.0057156262,0.0075030566,0.0070737233
0.0117869813,0.0110267611,0.0042223986,0.0042369208,0.0042342431,0.0042892701,0.0043714139,0.0073762019,0.0073762019,0.0084136373,0.0061965741,0.0088077804,0.0084136373,0.0069026109,0.0069026109,0.0071591589,0.0087999762,0.0073786325,0.0067201019,0.0069546582,0.0067336373,0.0083870387,0.0048842847,0.0051631181,0.0088324603,0.0124733582,0.0153440352,0.0130302082,0.0154676506,0.012835038,0.0155303262,0.0128765408,0.0135178998,0.0108924047,0.0107760964,0.01072042,0.0109109345,0.0084121076,0.005150025,0.0080070785,0.0079768868,0.0088228491,0.0091118931,0.0091678464,0.0094784589,0.0136978618,0.0141346611,0.007050588,0.0069760998,0.0087333811,0.0089076026,0.0077014422,0.0073590945,0.0074245146,0.0091276584,0.009379725,0.009321107,0.0125888868,0.0098215339,0.0100507693,0.0098360582,0.0093950276,0.0098266019,0.0082866125,0.0081414375,0.0080492547,0.003848491,0.003822404,0.0043540519,0.0076449429,0.0074501568,0.0075276757,0.0074539964,0.0077667186,0.0090822707,0.0078790353,0.0084310991,0.0086447971,0.0100980514,0.0103079146,0.0068940116,0.0071881644,0.0069189255,0.0085897582,0.0080296332,0.0078244387,0.0073496082,0.0107675547,0.0103198943,0.0102725853,0.0107870632,0.010304209,0.0115088972,0.0127277174,0.0116791278,0.0115402215,0.0139623722,0.0117044313,0.0071490653,0.0124841445,0.0114977646,0.0127650007,0.0052684667,0.0053750417,0.0088324603,0.0087551366,0.0087184457,0.0098122269,0.0086929144,0.0092300332,0.0067889415,0.0068041845,0.0056492609,0.0075935444,0.0071393056
0.0116698993,0.0118889104,0.0042286938,0.004229816,0.0042298972,0.0042928174,0.0045915917,0.0076742854,0.0076742854,0.0083329271,0.0066000785,0.0086465465,0.0083329271,0.007258657,0.007258657,0.0075604966,0.0085168313,0.0076143716,0.0072454604,0.0074429167,0.0071682243,0.0082895868,0.0048876792,0.0054613785,0.0088749651,0.011871688,0.0152384061,0.0125708519,0.0153610436,0.0123275332,0.0153952859,0.0122619839,0.01299192,0.0108074505,0.0107215624,0.0106679464,0.0108205818,0.0086244528,0.0050813104,0.0085478792,0.0085124583,0.0095925471,0.0099639958,0.0098881471,0.0104504741,0.013500482,0.0137802084,0.0068315165,0.0067586637,0.0086659457,0.0089634248,0.0080727179,0.0073077945,0.0073820056,0.0099332167,0.0105502472,0.0103905035,0.0123808965,0.0097950144,0.0101135512,0.0098390616,0.0094728943,0.0097764547,0.0085063104,0.0082999917,0.0079193117,0.0038193833,0.0039566535,0.0046917389,0.0076662109,0.00762282,0.0079958596,0.0074402748,0.0076947026,0.0097596172,0.0082454207,0.0089217228,0.0092355332,0.0110186632,0.0114408743,0.0073104208,0.0075684174,0.0073324084,0.0084441873,0.0083315339,0.0079313408,0.0072022318,0.0108749811,0.0105870075,0.0106458964,0.0115918104,0.01091985,0.0123505313,0.0132534299,0.0124908695,0.0123660861,0.0143589382,0.0125303368,0.0072760736,0.0130097354,0.0123415792,0.0133066577,0.0052646257,0.00539125,0.0088749651,0.0087641179,0.0087507929,0.0096020082,0.008717363,0.0091710491,0.0071802938,0.0072032792,0.0057524736,0.0080105389,0.0075674778
0.0119352691,0.0126317767,0.0042894531,0.0043052038,0.004300342,0.0043563038,0.0045795316,0.0077709946,0.0077709946,0.0083732558,0.006699246,0.0086684314,0.0083732558,0.0073897821,0.0073897821,0.007767455,0.0085669766,0.00767758,0.0073277988,0.0075558113,0.0072976662,0.0083407425,0.0049158649,0.0053152566,0.0093593597,0.0122039562,0.0149607236,0.0130753007,0.0151000875,0.0125365368,0.0152724674,0.0126329792,0.0131352319,0.0110438264,0.0109452035,0.0108884556,0.0110599118,0.0081625434,0.005233108,0.0082588983,0.0081912142,0.0098186063,0.0099464851,0.0103937361,0.0108042854,0.0137928656,0.0141578539,0.0073779722,0.0072794,0.0091479361,0.0094546743,0.0077542479,0.0068495983,0.0069315677,0.0098342573,0.0111519504,0.0106230629,0.0128988156,0.0105787208,0.0108637708,0.0106003035,0.0101690375,0.0105761722,0.0079656573,0.0077624892,0.0083002597,0.0038342733,0.0042579724,0.0047044738,0.0077129118,0.0076045507,0.0078620165,0.0074371097,0.0076942799,0.0102396723,0.0084976521,0.0094361868,0.0095972236,0.0112104288,0.0119301129,0.0075405613,0.007796862,0.0075570085,0.0089241875,0.008988384,0.0084541125,0.0077000688,0.0113860174,0.0109502479,0.0110075007,0.0121660615,0.0111943712,0.0128331316,0.0136572121,0.0129975455,0.0128263601,0.0147959177,0.0130211441,0.0069637254,0.0134185511,0.0128317524,0.0136036087,0.0053798733,0.005481108,0.0093593597,0.0092342715,0.0092383792,0.0103592146,0.0091990042,0.0098926542,0.0073756155,0.0074009071,0.0062303002,0.0076768809,0.0071862858
0.0121140606,0.0122553217,0.0043871724,0.0043862273,0.0043904335,0.0044522592,0.0047384537,0.0078086557,0.0078086557,0.0084126155,0.0067534946,0.0087558349,0.0084126155,0.0074085307,0.0074085307,0.0078225821,0.008675262,0.0077315766,0.0073823439,0.0076031655,0.0073381925,0.0083900696,0.0051541682,0.0054417488,0.0095459596,0.012835695,0.0152740471,0.013675988,0.0154184588,0.0130468853,0.0155786984,0.0131187776,0.0136907415,0.0114270318,0.0113018769,0.0112339596,0.01143207,0.0078120245,0.0054229835,0.0075283252,0.0074715995,0.0089483707,0.0098366759,0.0099974422,0.0103387991,0.0140842509,0.0146198536,0.0072887929,0.0072157089,0.009288938,0.0097053609,0.007114329,0.0066626099,0.0067319759,0.0096904766,0.0107087863,0.0100819557,0.0127864967,0.0107409964,0.0109868318,0.0107661734,0.0103511026,0.0107353985,0.00785713,0.0075665627,0.0083464096,0.0040252606,0.0041970155,0.0046740175,0.0075659109,0.0069312443,0.0082267139,0.0068378561,0.0072415887,0.009583679,0.0077959818,0.0088546165,0.0089263797,0.0109978495,0.0115348842,0.0074314169,0.0077524953,0.0074422002,0.0090421616,0.0084120644,0.0079202012,0.0075114519,0.0117366144,0.0110242346,0.010937263,0.0118657988,0.0111827606,0.012294637,0.0134959932,0.0124546856,0.0123012016,0.0145852662,0.0124789002,0.0068104856,0.0132629537,0.0122891418,0.0134802439,0.0054739203,0.0055897675,0.0095459596,0.0093136943,0.0093198485,0.0104578436,0.0092894485,0.0100273888,0.0071423509,0.0071775564,0.0061014175,0.0072028696,0.0066657134
0.0119737766,0.0122919724,0.0044930747,0.0045129872,0.0045080955,0.004563992,0.004766033,0.0078186443,0.0078186443,0.008536029,0.0068134068,0.0088913234,0.008536029,0.0074284415,0.0074284415,0.0078016991,0.0087897276,0.0077297741,0.0074260241,0.0076410186,0.0073714367,0.0085251866,0.0052915879,0.0056990101,0.0084663884,0.0131292328,0.0155273904,0.0138042058,0.0156444988,0.0135997273,0.0158263849,0.012887255,0.0140820523,0.0112110544,0.0111075974,0.0110637141,0.0112212384,0.0083746335,0.005720549,0.0082069064,0.0081804266,0.0093182092,0.0097573787,0.0101934009,0.0105098814,0.0140581161,0.0143020898,0.0066990099,0.0066624689,0.0081514495,0.0085753544,0.0075504273,0.0072829099,0.0073367668,0.0097506328,0.0104906766,0.0100445023,0.0128829092,0.0102896946,0.0106406856,0.0102933884,0.0098529585,0.0102795203,0.0084633412,0.0082376814,0.0075611835,0.0042553684,0.0041923353,0.0047019526,0.0068433898,0.0069143432,0.0082763151,0.0066693682,0.0068429967,0.0098915634,0.0078724252,0.0088628412,0.009103121,0.0109517835,0.0113988564,0.00730547,0.0076003505,0.0073175179,0.0078800266,0.0079288905,0.0071733488,0.0070256648,0.011655487,0.0109934307,0.0109671398,0.0119336141,0.0112229585,0.0123453668,0.0131790182,0.012492705,0.0122495377,0.0146500349,0.012489328,0.007167878,0.0129067418,0.0123458655,0.0133451446,0.0056236448,0.0057385545,0.0084663884,0.0082991502,0.0083261738,0.0100113544,0.0082866509,0.0092261002,0.0071814109,0.007203011,0.0062762672,0.0078512315,0.0073112675
0.0118757708,0.0124799827,0.0045980194,0.0046443646,0.0046238042,0.0046753417,0.0047763625,0.0077884794,0.0077884794,0.0086759794,0.0068829273,0.0090401808,0.0086759794,0.0073828766,0.0073828766,0.0076972766,0.0089188932,0.007715453,0.0074436217,0.0076380092,0.0073476189,0.008685605,0.005440425,0.0058169847,0.0090284512,0.0131032478,0.0156660637,0.0138750089,0.0157877582,0.0134490943,0.0159812471,0.0130226498,0.0140489915,0.0114007589,0.0112912866,0.011217254,0.0113998984,0.0085700077,0.0057721111,0.0085714452,0.008531425,0.0095651512,0.0106345028,0.010331204,0.0107343005,0.0140482104,0.0143515,0.0067351658,0.0067107505,0.0087664346,0.0091048908,0.0079598832,0.0078115097,0.0078651945,0.0099518715,0.0107677153,0.0102207514,0.012766498,0.0104748922,0.0108056228,0.0104973026,0.0101918401,0.0104556707,0.0088441709,0.0085812667,0.0077792193,0.0042590014,0.0042487745,0.0047968794,0.0073356123,0.0075136665,0.0074987349,0.007260913,0.0075586575,0.0100286818,0.0082768471,0.0090588234,0.0093019943,0.0116690458,0.012005841,0.0072024551,0.0076046884,0.0072154877,0.0083487984,0.0084261005,0.0078263262,0.0069391401,0.0115198742,0.0111498672,0.0111005352,0.011979641,0.0112813695,0.0127317799,0.0135660514,0.0128540326,0.0126641194,0.0147224688,0.0128769201,0.0075545028,0.0133130014,0.012734125,0.0136412486,0.0061308722,0.0062576028,0.0090284512,0.0089275082,0.0089292526,0.0100813693,0.0088876769,0.0095462547,0.0072728967,0.0072753453,0.0062807717,0.0081318452,0.0077009632
0.0121481125,0.0129190187,0.004742655,0.0047643328,0.0047568891,0.0048186842,0.0049112203,0.0076898972,0.0076898972,0.0088440181,0.0066594292,0.0092086382,0.0088440181,0.0072558695,0.0072558695,0.0075491604,0.009037807,0.0076472181,0.0071342132,0.0073778188,0.0071412285,0.0088558278,0.0057244009,0.0063058856,0.0090122995,0.0130778662,0.0158633905,0.0137788738,0.016016044,0.0134667356,0.0161673391,0.0132493634,0.0141549335,0.0112903884,0.0111742898,0.0111278933,0.0113112071,0.0093161917,0.0056773252,0.0089434368,0.0089095285,0.0095568162,0.0113418,0.0100570196,0.0104946689,0.0141960563,0.0144474993,0.0074002467,0.0073515613,0.0088272176,0.0091142912,0.0083249481,0.0078980806,0.0079811202,0.0108499868,0.0113361195,0.0105786486,0.0130183639,0.0105097939,0.0107627585,0.0105432203,0.0101387356,0.0104756377,0.0096750917,0.0093054347,0.0080998169,0.0045800689,0.0042918583,0.0047322889,0.0078061932,0.0075936189,0.0077260547,0.007604003,0.0078735287,0.0098219523,0.0083146307,0.0090524856,0.0092947696,0.0123564924,0.0127476583,0.0073134667,0.0076801639,0.0073332167,0.0085811175,0.0085390821,0.0079486189,0.0076180585,0.0113884599,0.0108343064,0.0110827773,0.0121546486,0.0113207181,0.0135739771,0.0144493785,0.0137372014,0.0135835861,0.0153403965,0.0137686653,0.0079860813,0.0142176812,0.0135594035,0.0141297257,0.0060097905,0.0061364773,0.0090122995,0.0088754384,0.0088758495,0.0098996446,0.0088371918,0.0094323696,0.0073932007,0.0074031208,0.006130032,0.0086126535,0.0081932195
0.0122244351,0.0128156115,0.0047824335,0.0048006266,0.0047990287,0.0048578912,0.004910455,0.0078256844,0.0078256844,0.0086875657,0.006546883,0.0090647948,0.0086875657,0.007418774,0.007418774,0.0077405358,0.0090221108,0.0077554754,0.0073954636,0.0076241941,0.0073572316,0.0086766573,0.0058706585,0.0062947967,0.0096402038,0.0128207997,0.0157234851,0.0137890031,0.0158679913,0.0132496997,0.0160507184,0.0133569844,0.0139530302,0.0113991406,0.0112644247,0.0112154399,0.0114133191,0.0094311455,0.0058268814,0.0090458552,0.0089708281,0.0101248018,0.0110363344,0.0104790365,0.0109094191,0.0145293288,0.014935749,0.0075756948,0.0074939844,0.0094161809,0.0097252476,0.0085358031,0.0078663441,0.0079576649,0.0108716539,0.0114910476,0.0109496497,0.013038383,0.0108761177,0.0110160816,0.0109265066,0.0104490295,0.0108785045,0.0093119892,0.0090453927,0.0084786267,0.0046697162,0.0042378351,0.0048867726,0.0081086997,0.0078182573,0.008064962,0.0076223663,0.00810184,0.0104599434,0.0087732608,0.0096766066,0.0099277879,0.0120925879,0.0127490198,0.0073954983,0.0077303754,0.0074121087,0.0090420288,0.0089519198,0.0083615219,0.0077925288,0.0115800129,0.0109480531,0.0112146094,0.0121669663,0.0114384073,0.0133410573,0.0143005288,0.0135032753,0.0133239629,0.0152421212,0.0135330545,0.0081934094,0.0140520302,0.0133260393,0.0140965018,0.006123487,0.0062731828,0.0096402038,0.0095338108,0.0095262886,0.0105128788,0.0094840774,0.0102005719,0.0074903934,0.0075069316,0.0063415969,0.008451001,0.0079072045
0.012392425,0.0127000396,0.0046693965,0.0046912139,0.0046872167,0.0047433438,0.0048060702,0.0079532358,0.0079532358,0.0086424351,0.0068926309,0.0089930657,0.0086424351,0.0075751594,0.0075751594,0.0079087962,0.0088693559,0.007851733,0.0076107879,0.0078228275,0.0075448413,0.0086161733,0.0058108347,0.0061683452,0.0101263215,0.0129455111,0.0156735459,0.0139030181,0.0158035417,0.0134115243,0.0159365437,0.0131003896,0.0140676257,0.0115436993,0.011429707,0.0113595882,0.0115605188,0.0092284542,0.0057676986,0.0087524278,0.0086827604,0.0103316445,0.0104201903,0.0108033868,0.0112373889,0.0146089528,0.0149174208,0.0074885243,0.0074066125,0.0098080313,0.0102052396,0.0082596861,0.0074273389,0.0075326604,0.0105400896,0.0112252847,0.0108609028,0.0131894618,0.0112553945,0.0112218174,0.0113025757,0.0107411958,0.0112853826,0.0092192917,0.0089710368,0.0085738118,0.0048649847,0.0042280879,0.0047782448,0.0078991278,0.0078096063,0.0084311316,0.0074852111,0.0076897063,0.0106845597,0.0089461188,0.0099310653,0.0101007521,0.0110279688,0.011895416,0.0075088691,0.007842542,0.0075162615,0.0092417847,0.009455991,0.0087320833,0.0077140313,0.0116827472,0.0113199153,0.0113854951,0.012363632,0.0117748549,0.012299025,0.0134004486,0.012449173,0.0122145493,0.0150040014,0.0124515264,0.0080129681,0.0131048313,0.0123139431,0.0132592854,0.0060437931,0.0061728459,0.0101263215,0.0100206264,0.0100087299,0.0109474195,0.0099736146,0.0105998403,0.0074839656,0.0075076795,0.006355124,0.0081633459,0.0076504646
0.0126424109,0.0123826846,0.0047049528,0.004703132,0.0047129,0.0047726986,0.0049869202,0.0079893714,0.0079893714,0.0087991839,0.0071217498,0.0091571408,0.0087991839,0.007611638,0.007611638,0.0079978005,0.0090532082,0.0078847227,0.0076847137,0.0078755214,0.0075799325,0.0087992172,0.0060550125,0.0063939354,0.0101168347,0.0129006827,0.0157371201,0.0138024806,0.0158364868,0.0131970181,0.0159262778,0.0135708222,0.0139944493,0.0119330528,0.0118023389,0.0117154146,0.0119339,0.0089700839,0.0056244952,0.0088750568,0.0087954012,0.0101273632,0.0100224818,0.0106652875,0.0111779299,0.0142064401,0.0147401026,0.0075165257,0.0074369222,0.0098687493,0.0102171375,0.0082551431,0.0074946748,0.0075810061,0.0102160596,0.0107064992,0.0106943713,0.0131364595,0.0112522917,0.011297459,0.0112676556,0.0106935083,0.0112679167,0.0089581734,0.0087167568,0.0088177889,0.0048822174,0.0042425873,0.0047153512,0.0083734493,0.0080299167,0.0085209833,0.0079387827,0.0083686792,0.010553741,0.0090538264,0.0100051042,0.0100201688,0.0109455964,0.0115221964,0.0075742623,0.0079777603,0.007595488,0.0094800576,0.0095365577,0.0088886694,0.0077769236,0.0119695313,0.0114937278,0.0114646597,0.012274595,0.0119213575,0.0119656512,0.0128665867,0.0120999179,0.0119017936,0.0140108957,0.0121129436,0.0078574158,0.0126055513,0.0119663012,0.0128461374,0.005882216,0.005987891,0.0101168347,0.0099919722,0.0099700188,0.0110949167,0.0099395382,0.0106649577,0.0075918498,0.0076052873,0.0064353207,0.008209263,0.0077922269
0.0123774901,0.0123264922,0.0046409245,0.0046562488,0.0046547648,0.0047106176,0.0048846752,0.0079975313,0.0079975313,0.0088008729,0.0069979104,0.0091493049,0.0088008729,0.0076148063,0.0076148063,0.0080343306,0.0090177236,0.0078964229,0.0075756493,0.0078047104,0.0075366924,0.0088208653,0.0063936134,0.0067275634,0.0098756906,0.0134456913,0.0158541691,0.014191051,0.0159577656,0.0135026483,0.0160255622,0.0137430372,0.0142800879,0.0118079802,0.0116681149,0.0116044504,0.0118187698,0.0086451596,0.0056915446,0.0085794887,0.0084595318,0.0101395476,0.0104709936,0.0106763205,0.0110874635,0.0139446311,0.0142453797,0.0079099288,0.0078450094,0.0095982101,0.009982508,0.0081401094,0.0074193297,0.0074927234,0.01028017,0.0109095339,0.0106651992,0.0130882464,0.0112130504,0.0112713205,0.0112243031,0.0106080858,0.0112362393,0.0088937221,0.0085709714,0.0086720358,0.0049152773,0.0040329507,0.0046545681,0.0084570768,0.0082493184,0.0087753153,0.0080831608,0.0084258566,0.0105603976,0.0091919344,0.0100099511,0.0100728802,0.0115750304,0.0119817221,0.0074982229,0.0079977125,0.0074983958,0.0092190858,0.0093634379,0.008673549,0.0080726636,0.0120356261,0.0112704413,0.0115352601,0.0120004422,0.0117456825,0.0126458367,0.013158504,0.0127711068,0.0126149151,0.0143000978,0.012803788,0.0076942387,0.012911579,0.0126317193,0.0130311609,0.0058783516,0.0059988398,0.0098756906,0.0097305129,0.0097169017,0.0109692934,0.0096874233,0.0104100858,0.0074440493,0.0074416847,0.0063571396,0.0076627866,0.0073178276
0.0123871582,0.0126839353,0.0045444649,0.0045667677,0.0045611115,0.0046140712,0.0047398066,0.0079705286,0.0079705286,0.0087903224,0.0069005759,0.0091568988,0.0087903224,0.0075813828,0.0075813828,0.0079649668,0.0089958634,0.0078772162,0.0075459599,0.0077616703,0.0074905307,0.0087841745,0.0059798295,0.0063345004,0.0099108108,0.0134266788,0.015791224,0.0143354726,0.0159050295,0.0138189837,0.0160778337,0.0135322295,0.0142779427,0.0117497149,0.011613633,0.0115404691,0.0117533615,0.0085798158,0.005680317,0.0083669922,0.0083081096,0.0094893351,0.0102148908,0.0103591545,0.0107127136,0.0140955567,0.0142218089,0.0083899656,0.0082949865,0.0096286629,0.010035424,0.0081119351,0.0075818797,0.0076540859,0.0101183137,0.011004854,0.0102732151,0.0132475734,0.0111878622,0.0112375177,0.0112004226,0.010617976,0.0112066545,0.0089194304,0.0086454873,0.0088109601,0.0047541413,0.0040518085,0.0047964648,0.0084185087,0.0078163587,0.0086439337,0.007823633,0.008188226,0.010121767,0.008461858,0.0094156629,0.0094470386,0.0114407623,0.0119605693,0.0076488578,0.00812783,0.0076512037,0.0092895122,0.0089943559,0.0085400156,0.0085555636,0.0118169323,0.0112849226,0.0114394795,0.01233107,0.0116293547,0.0127326831,0.0137147714,0.0128902596,0.0127727255,0.0147681616,0.0129328693,0.0085376644,0.013465061,0.0127029588,0.0136860714,0.0059276156,0.0060589177,0.0099108108,0.0097213629,0.0097326288,0.0111365469,0.0096960504,0.0104993128,0.0074833599,0.0074856703,0.0062834648,0.0081041332,0.0076903471
0.0122580965,0.0124685625,0.0044462663,0.0044845108,0.0044707372,0.0045211566,0.0045648483,0.0080101988,0.0080101988,0.0088930398,0.0069445446,0.0092952335,0.0088930398,0.0076080037,0.0076080037,0.0080560516,0.009146596,0.0079303509,0.0075573932,0.0077915891,0.0075253002,0.0089275328,0.0058205136,0.006520999,0.0098179521,0.0129997764,0.0156467368,0.0138608562,0.0157708104,0.0135021743,0.015967,0.0134946451,0.013968707,0.0116837479,0.011547041,0.0114958569,0.0116911896,0.0091722556,0.0058063948,0.0087964639,0.0087465028,0.0095099354,0.0110124243,0.0100998813,0.0105788618,0.0139580014,0.0143236,0.008173582,0.0081052646,0.009602916,0.0099303222,0.008586259,0.0082115139,0.0082746542,0.0105054139,0.0111180625,0.0105847729,0.0128192847,0.0111964452,0.0113193278,0.0112014271,0.0105886625,0.0111962764,0.0093683084,0.0091736306,0.0087322431,0.0046202941,0.0040950606,0.0049410446,0.0084379938,0.0079632702,0.0087988288,0.0079402591,0.0082806653,0.0099302042,0.0085744194,0.0092989389,0.0093818014,0.0120076091,0.0124675632,0.0078746967,0.0082989967,0.0078676009,0.009296816,0.0088468195,0.0084595847,0.0083994313,0.0119970861,0.0112529716,0.0112573813,0.0121385014,0.0115139431,0.0127580236,0.0135231528,0.0128791403,0.0128052222,0.0145950431,0.0129397771,0.008730282,0.0132905604,0.0127189451,0.0134959042,0.0059940517,0.0061297538,0.0098179521,0.0096693403,0.0096592514,0.0109542813,0.0096226702,0.0103777958,0.0076484356,0.0076626307,0.0064014224,0.0084985452,0.0081028709
0.0124099214,0.0128751707,0.0046472431,0.0046864785,0.0046715292,0.0047289132,0.0047710667,0.0080742478,0.0080742478,0.0089575554,0.0073309818,0.0093876068,0.0089575554,0.0077250367,0.0077250367,0.0083890172,0.0092791408,0.0079418068,0.0077998693,0.0080038783,0.0077044825,0.0089994346,0.0062196382,0.0067224028,0.0104028231,0.0132829453,0.0158815891,0.0140643675,0.0160080474,0.0137531266,0.0161661432,0.0138629356,0.014487637,0.0118888391,0.0117882377,0.0116968016,0.0118788106,0.0090568519,0.005860266,0.0088919728,0.0088092894,0.0100566773,0.010999079,0.0108266203,0.0112903113,0.0140710589,0.0145754748,0.0082368183,0.0081473148,0.0101854696,0.010508012,0.0086263821,0.0079520804,0.0079996047,0.0108480589,0.0115780721,0.0110609096,0.0132409346,0.0113694557,0.0115011787,0.0114080738,0.0108643433,0.011379253,0.0092378825,0.009036795,0.0092275537,0.0046845188,0.0041426776,0.0050348991,0.0088988169,0.0084563919,0.0086897604,0.008470462,0.0088908745,0.010673278,0.0091570877,0.0099685939,0.0100929787,0.0121453922,0.0128978637,0.0080949443,0.0084570679,0.0080882741,0.0099491384,0.0094874891,0.0090552995,0.0084848238,0.0120313828,0.0116068238,0.0115870794,0.0125006554,0.0119613401,0.013333786,0.0137118506,0.0134570485,0.01339077,0.0149077915,0.0135235721,0.0085572304,0.0134940499,0.0133169609,0.0136504644,0.0060684577,0.0062009375,0.0104028231,0.0102728231,0.010247887,0.0113205794,0.0102123933,0.0108086419,0.0080356554,0.0080358193,0.0064377686,0.0083903589,0.0079520623
0.0130172762,0.0130344471,0.004812184,0.0048462438,0.0048288466,0.0048978681,0.0050416049,0.0080659664,0.0080659664,0.0088925886,0.0069917858,0.0093455143,0.0088925886,0.007687067,0.007687067,0.0082615351,0.0092541143,0.007963058,0.0077034698,0.0079533851,0.0076777552,0.0089182122,0.0063210312,0.0067538639,0.0108390568,0.0134762047,0.0161900984,0.0142230477,0.0163040249,0.013937904,0.0164402033,0.0142324068,0.0148037971,0.0121666422,0.0120604311,0.011995038,0.0121813228,0.0090959776,0.0060673813,0.0086308255,0.0085580651,0.0101839846,0.0111832665,0.0113134679,0.0116784978,0.0150215943,0.0153574109,0.0086554866,0.0085287693,0.0105926082,0.0109732484,0.0084157714,0.0077702561,0.0078566346,0.010796311,0.0117198547,0.0110294144,0.0138022859,0.0115254061,0.0116612179,0.011582761,0.0111357901,0.0115409346,0.0090799783,0.0088794866,0.0097390894,0.0047241452,0.0043408059,0.0050087518,0.009083645,0.0082919943,0.0091836981,0.0081646096,0.0086094651,0.0109183978,0.009107538,0.0101875387,0.0102267075,0.0124099318,0.0129439874,0.0082878108,0.0086798038,0.0082765434,0.0104403679,0.0098102367,0.0093303228,0.0090542846,0.0119681318,0.0117713269,0.0119361436,0.0128551679,0.0123303624,0.0131948332,0.0143360345,0.0133319999,0.0133308866,0.0155030325,0.013419195,0.0088387804,0.0140568964,0.0131601776,0.0143493387,0.0062486188,0.0063791493,0.0108390568,0.0106596686,0.0106326019,0.0115721568,0.0106031526,0.0110700054,0.008272824,0.0082909115,0.0068510066,0.0081812755,0.0077714429
0.0132914875,0.01360755,0.0048527422,0.0048981783,0.0048753179,0.0049439748,0.0050080179,0.0081061945,0.0081061945,0.0089513424,0.0070606861,0.0093774833,0.0089513424,0.0077425959,0.0077425959,0.0082810118,0.0091852445,0.0079887611,0.007852966,0.0080775403,0.0077805889,0.0089925264,0.0065041124,0.0068421242,0.0107259936,0.0134843748,0.0161850985,0.0143806811,0.0162877429,0.0139291457,0.0164579818,0.0142089728,0.0147315429,0.0125305651,0.0124131769,0.01235007,0.0125360742,0.008764359,0.0063825686,0.0086644799,0.0086252882,0.0101066762,0.0110178028,0.011209304,0.0116716783,0.0149388215,0.0153155583,0.0084848561,0.0084113894,0.0104077894,0.0108474825,0.0083121609,0.0074216569,0.0074905229,0.0106255896,0.0118399507,0.0110600931,0.0138640868,0.0119033582,0.0121720137,0.0119502235,0.0114906943,0.0118970526,0.0087293813,0.0085096424,0.0095217186,0.0048397068,0.0045231521,0.005354934,0.0088185276,0.0081840325,0.0096751499,0.0080538853,0.008441836,0.0108309082,0.0089968901,0.0099509228,0.0100254637,0.0123051813,0.0129917792,0.0080730792,0.0086065271,0.008073875,0.010189304,0.0097410075,0.0092939714,0.0088042262,0.0124821964,0.0121494387,0.0122133498,0.0132497841,0.0125771188,0.0136314702,0.0146234562,0.0137942528,0.0137152923,0.0158208479,0.0138545854,0.0093281056,0.0143487583,0.0135977826,0.01462995,0.006322445,0.0064606727,0.0107259936,0.0105513943,0.0105415728,0.0117010026,0.0105076047,0.0112338082,0.0081941334,0.0081891188,0.0069596368,0.0078619542,0.0076617021
0.0136343156,0.0136511899,0.0050172879,0.0050778774,0.0050483892,0.0051146254,0.0051272892,0.0081746236,0.0081746236,0.0088869729,0.007019841,0.0093093118,0.0088869729,0.0078508216,0.0078508216,0.0083789556,0.0091663417,0.0080161507,0.007964416,0.0082023722,0.0078975854,0.008892557,0.006269767,0.0066096913,0.0104491007,0.0135325083,0.0161207618,0.0146331257,0.016218534,0.0138075806,0.0164107285,0.0142200542,0.0146896382,0.0126452604,0.0125326347,0.0124908799,0.0126716473,0.0089059573,0.006302683,0.0084599816,0.0084448976,0.0095861181,0.0108816913,0.0108741139,0.0113592257,0.015267892,0.0154600691,0.008347032,0.0082785465,0.0101713132,0.0105703188,0.008047734,0.0079025802,0.0079138045,0.0105594788,0.0113641566,0.0109194011,0.0144206128,0.0120235125,0.0123211125,0.0120465562,0.0115447792,0.011991591,0.0093068191,0.0090644011,0.0092634764,0.0046337594,0.0047145347,0.0052903653,0.0088819639,0.0082142243,0.0094583554,0.0082423202,0.0086864743,0.0102531007,0.0088791292,0.0095910611,0.0095367396,0.0125922872,0.0127376899,0.0080010812,0.0085297993,0.0079988174,0.0099375007,0.0095107688,0.0090533139,0.0086410431,0.0130182896,0.0125062535,0.0122282507,0.0133087066,0.0126829878,0.014094742,0.0149029629,0.0142618622,0.0142724761,0.0158950767,0.0143559184,0.009362349,0.014671183,0.0140484872,0.0148622073,0.0063370129,0.0064640163,0.0104491007,0.0102772188,0.0102657834,0.0116049924,0.0102305819,0.0110554472,0.0081702618,0.0081593966,0.0069615368,0.0080040038,0.0077039872
0.0136212505,0.0136430345,0.0051865972,0.0052438271,0.0052141215,0.0052838243,0.0053292188,0.008267511,0.008267511,0.0089541012,0.0073697373,0.0093640089,0.0089541012,0.00793787,0.00793787,0.008530695,0.0092310214,0.0081102839,0.0080696033,0.0082592762,0.0079255464,0.0089928998,0.0061019042,0.0065693396,0.0098470382,0.0139611722,0.0163643292,0.0149991924,0.0164781375,0.0140724222,0.0165971389,0.0146000833,0.014824734,0.012793182,0.0126540535,0.0125984493,0.0128151743,0.0096849491,0.0061110486,0.0087916568,0.0087788422,0.0098424243,0.010985611,0.0108554958,0.011341909,0.0158108276,0.0158657755,0.0083089306,0.0082506743,0.0095553521,0.0099415076,0.0083102764,0.0085103505,0.0085437637,0.0108207311,0.0114860825,0.0109877033,0.0148143658,0.0115993563,0.012043073,0.0116066201,0.0111681972,0.011580291,0.0098744137,0.0097687242,0.0090090174,0.0047505611,0.0047049825,0.0052509693,0.008568057,0.0079948104,0.0092068347,0.0080138632,0.0084244674,0.0103770597,0.0087574403,0.0094928736,0.0096345778,0.0126967241,0.0129191936,0.0080050846,0.0084224248,0.008008461,0.0093629521,0.0090877889,0.0086517653,0.0085573195,0.012846693,0.012248441,0.0121831139,0.0130598359,0.0123015332,0.0142745123,0.0153502575,0.0144466366,0.0142884088,0.0162015463,0.0144808713,0.0091950255,0.0151091415,0.0142618665,0.0152683318,0.0061726882,0.006292982,0.0098470382,0.0097199215,0.0097205445,0.0110843139,0.0096764514,0.0103384375,0.0082672255,0.0082492533,0.0070127123,0.0085017235,0.0080186707
0.0136911455,0.014112949,0.0051600137,0.0052230172,0.005190729,0.0052590165,0.005302604,0.0081416891,0.0081416891,0.0089920002,0.0074028627,0.0094060072,0.0089920002,0.0077792669,0.0077792669,0.0083303148,0.009217887,0.0080187085,0.0078507287,0.0080395328,0.007723337,0.0090385794,0.0063517096,0.0067370443,0.0102415922,0.0142799867,0.0165020609,0.0149766464,0.0166120935,0.0146886221,0.0168298658,0.0150150581,0.0153455429,0.0129120387,0.0127870985,0.0127306019,0.0129341464,0.0101118122,0.0063877998,0.0097695288,0.0097716052,0.0105369575,0.0111772267,0.0115162964,0.011959354,0.0158296288,0.0158892323,0.0085012249,0.0084602832,0.0100077151,0.0103241103,0.0092561554,0.0089515983,0.0090489976,0.0112647552,0.0117147066,0.0114356212,0.0147452094,0.01180042,0.0120158061,0.011832445,0.0113777366,0.0117748248,0.0103065469,0.0101710184,0.0091621644,0.0050100012,0.0046384585,0.0051059571,0.0087869908,0.0085296533,0.0089945743,0.0084260894,0.00871402,0.0111364943,0.0095100179,0.0104400165,0.010516438,0.0123225601,0.0127681024,0.0082134933,0.0086194898,0.0082010828,0.0097236936,0.0097999887,0.0091878964,0.008693004,0.0128795999,0.0122910429,0.0124955123,0.0136738212,0.012833976,0.0141406274,0.0151695149,0.0143598177,0.0141918392,0.0163437719,0.014387799,0.0093320379,0.0149329052,0.0141089281,0.0150936163,0.0062271061,0.0063538547,0.0102415922,0.0101494103,0.010151861,0.0112692248,0.0101033533,0.0107692068,0.0082425155,0.0082690196,0.006999196,0.0095613795,0.0090198226
0.0136963636,0.0137300976,0.0050211059,0.0050632788,0.0050399399,0.0051107608,0.0051822844,0.0079809516,0.0079809516,0.008972403,0.0068081474,0.009377462,0.008972403,0.007552762,0.007552762,0.007934378,0.0092473835,0.0079274662,0.007516178,0.0077531905,0.007486596,0.0089927947,0.0063910747,0.0067915976,0.0110398061,0.0143332776,0.016850813,0.0150450172,0.0169510575,0.0147961401,0.0170832665,0.0150090193,0.0154676568,0.0131713748,0.0130303623,0.0129349019,0.0131535887,0.0105988872,0.0063434108,0.0100868413,0.0100920143,0.0107121026,0.0118705809,0.0114707547,0.0118556367,0.0154185254,0.0156282122,0.0091495318,0.0090631839,0.010742579,0.0111585408,0.0095918665,0.009251033,0.0093285531,0.0117012198,0.0119564254,0.0115996087,0.0144072802,0.0124399707,0.012789788,0.0125006533,0.0120334109,0.012429113,0.010814074,0.010699808,0.0097639485,0.0048366816,0.0045286669,0.0050570967,0.009468138,0.0090181721,0.0091128415,0.0089625915,0.0093002311,0.0112904811,0.009855061,0.0105831095,0.0106351096,0.0126863948,0.0132975955,0.0081869356,0.0085665745,0.0081934502,0.0103326825,0.0102859887,0.0096880304,0.0093476165,0.0135053505,0.0127886471,0.0127213429,0.0133375281,0.0128482004,0.013853458,0.0147976066,0.0140329684,0.013950392,0.0159478129,0.0140919337,0.0095569073,0.0145710684,0.0138157309,0.0147283976,0.0062284934,0.0063755663,0.0110398061,0.0108759741,0.0108774859,0.0121455971,0.0108368874,0.0116472512,0.0082775065,0.0082902141,0.0069721314,0.0097637608,0.0093415122
0.0136135625,0.0138379716,0.0048451587,0.0049158358,0.0048781406,0.0049393802,0.0050808038,0.0082699175,0.0082699175,0.0090263439,0.0069163703,0.0094396356,0.0090263439,0.0078703433,0.0078703433,0.0082446085,0.0093002905,0.0081823071,0.0079508814,0.0081868148,0.0078927217,0.0090260419,0.0061990358,0.0067475816,0.0111980276,0.0143894346,0.0168068949,0.0151309623,0.0169006901,0.0149679596,0.0170912672,0.0147037783,0.0155549137,0.0130429644,0.0129073235,0.0128520325,0.0130553276,0.0108734215,0.0062049517,0.0107541472,0.0107278063,0.0113731519,0.0119268472,0.0118479949,0.0123540769,0.0155005479,0.0156847945,0.0095355762,0.0094442964,0.0109841353,0.0113430276,0.0101870241,0.0092214167,0.0093074736,0.0120412917,0.0125088806,0.0123814,0.0143317521,0.0122772971,0.0125658304,0.0123124623,0.0118007304,0.0122766269,0.0108760223,0.0107124458,0.0101677623,0.0046367899,0.0044170898,0.005288453,0.0099072929,0.0094667714,0.0097446401,0.0094956853,0.0098413533,0.0118009005,0.0103036804,0.0110077547,0.0111917547,0.0130361174,0.0138842778,0.0080712377,0.0086085606,0.0080630169,0.0107281853,0.0105794262,0.0099117943,0.009656561,0.0132942124,0.0126090415,0.0128055964,0.0135378723,0.0129835799,0.0141831243,0.014885032,0.0143480097,0.0142316923,0.015992916,0.0143979459,0.009577541,0.0146652,0.0141587556,0.0145810153,0.0062397698,0.0063898782,0.0111980276,0.0109969179,0.0109804859,0.0122752394,0.0109484103,0.0116835846,0.0082652106,0.0082553377,0.0071034891,0.0102749778,0.0098232243
0.0137099171,0.0141095121,0.0050069571,0.0050502453,0.0050246405,0.0050944044,0.0053130127,0.0082036816,0.0082036816,0.0090994615,0.0069875893,0.0094967261,0.0090994615,0.0077717344,0.0077717344,0.0080832497,0.0093314407,0.0081448615,0.0078109031,0.0080479261,0.007766017,0.0090970143,0.0063753752,0.007006369,0.0118754222,0.014610775,0.0167789236,0.0154717743,0.0168594472,0.0150756229,0.0170689695,0.014846691,0.0154240382,0.0131159563,0.0129845042,0.0129142972,0.013124175,0.0101118177,0.0062079905,0.0106295955,0.0105929198,0.0117433715,0.0114891288,0.01238635,0.0129023597,0.0158208004,0.0158827122,0.0102484069,0.0101426,0.0117569076,0.0120415486,0.0104846223,0.0085721608,0.008692399,0.0117038281,0.0124562073,0.0122316066,0.0146191254,0.0126031452,0.0125842737,0.0126739361,0.0120715236,0.0126321486,0.010125692,0.0099444066,0.0110443959,0.0047579675,0.0044782372,0.005242342,0.0106063264,0.0102563368,0.0101223561,0.0101379445,0.0104775347,0.0123505299,0.0110922042,0.0116745695,0.0117308479,0.0125004365,0.0133165976,0.0083015761,0.0087406087,0.0082977782,0.0116646736,0.011293557,0.0107373972,0.010463991,0.0131300639,0.0126673285,0.0131148382,0.0140189004,0.0134257532,0.0139200323,0.0146925031,0.0140877413,0.0140137747,0.0163006295,0.014152576,0.0096434497,0.0144195115,0.0138867101,0.0146106608,0.0063175981,0.0064592537,0.0118754222,0.0116586951,0.0116386854,0.0126674188,0.0116093729,0.0122533354,0.0085805344,0.0085830559,0.0069832399,0.0098897462,0.0097239726
0.0138753425,0.0141228953,0.0048026281,0.0048581045,0.0048281677,0.0048929469,0.0050226163,0.0081654179,0.0081654179,0.00910517,0.0069254547,0.0094952137,0.00910517,0.007703579,0.007703579,0.0079694256,0.009329745,0.0081354026,0.0076441117,0.0078842964,0.0076233978,0.0090995207,0.0063032927,0.0067920337,0.0120069977,0.0146232915,0.0167618005,0.0154503964,0.0168291818,0.0151862533,0.017029163,0.0151553867,0.0156824234,0.0133873596,0.0132698838,0.013213295,0.0133739957,0.0105803405,0.006283908,0.0104989439,0.0104726509,0.0114906234,0.0118148696,0.0123201367,0.0126534408,0.0155587183,0.0157305509,0.0100501068,0.009937588,0.0116934332,0.0121430644,0.0100449214,0.0091383912,0.0092272912,0.0120810203,0.0125360016,0.0122089085,0.0144303724,0.0131920054,0.0131906082,0.0132525867,0.012494486,0.0132169047,0.0105348287,0.0103608453,0.0107978596,0.0046367073,0.0044490165,0.0052653172,0.0101673769,0.0094399665,0.0109862674,0.0094131929,0.0098816408,0.0122800387,0.010530911,0.0114921762,0.0115167832,0.0127339849,0.0134286814,0.0081132568,0.0087536276,0.0080991061,0.0114314582,0.011105529,0.0104575915,0.0104165227,0.013743788,0.0130420131,0.0133121943,0.0139555175,0.013315171,0.0137853148,0.0145159752,0.0139238599,0.0138405148,0.0158487169,0.0139878023,0.0100763454,0.0142772634,0.0137502197,0.0145751148,0.0062140108,0.006342724,0.0120069977,0.0118090769,0.0118041249,0.0130363964,0.0117682519,0.0126798658,0.0083523776,0.008343913,0.0070226686,0.0099120877,0.0094128919
0.0142141731,0.0148210981,0.0048535821,0.0049135967,0.0048808328,0.0049471037,0.0050150051,0.0081312024,0.0081312024,0.0091142552,0.0066527483,0.0095184955,0.0091142552,0.0077105399,0.0077105399,0.0079922754,0.0093722858,0.0080619844,0.0075956615,0.0078898976,0.0076544823,0.009089249,0.0065427245,0.0071220127,0.011601229,0.0151649568,0.0170174109,0.0160858652,0.0170971852,0.0155006783,0.0172493235,0.0153562415,0.0159363818,0.0136896603,0.0135765686,0.0135110193,0.0136807783,0.0098803009,0.0063473439,0.0102202606,0.0101472766,0.0115453561,0.0118473127,0.0124388943,0.0129039165,0.0160577912,0.0162763522,0.0093753985,0.0092790825,0.011300145,0.0117145957,0.0097361853,0.0082782134,0.008377171,0.0118665065,0.0130274023,0.012384444,0.0150106911,0.0132165498,0.0133569131,0.0132695568,0.0126452665,0.0132111616,0.0097339787,0.0094434669,0.010311395,0.0046879092,0.0044752698,0.0052671073,0.0097792992,0.0093518304,0.0107080068,0.0093302971,0.0097052575,0.012211013,0.0103534443,0.0113873526,0.0114094964,0.0133163037,0.0139936148,0.0082124011,0.0088043823,0.0082019184,0.0110038408,0.0109296394,0.0102133311,0.0096444617,0.0138940116,0.0132800804,0.0134891735,0.0144129564,0.0138717391,0.0145833891,0.0152340147,0.0147331078,0.0146742558,0.0165513912,0.0148048571,0.0101949835,0.0150028731,0.0145393502,0.0150426044,0.0064680266,0.0066188641,0.011601229,0.0114455776,0.0114321811,0.0128699387,0.0113925797,0.0123241922,0.0085095025,0.0084870594,0.007045501,0.0093201224,0.0090427398
0.0152354019,0.015377488,0.0047324299,0.004802484,0.0047646743,0.0048250667,0.0049068479,0.008266242,0.008266242,0.0090263858,0.0069358726,0.0094004629,0.0090263858,0.007875517,0.007875517,0.0082550198,0.0092543941,0.0081649997,0.007860933,0.008102424,0.0078218524,0.008987233,0.0068921861,0.0074429007,0.0110814077,0.0152285868,0.0170514424,0.0161786361,0.0171459611,0.0154306431,0.0173529854,0.0157542285,0.0162209479,0.0143677986,0.0142195701,0.0141417701,0.0143747903,0.0096013019,0.0064790111,0.0090343825,0.0089498512,0.0108003466,0.0120345998,0.0122214243,0.0127050771,0.0165815609,0.016788672,0.0091358597,0.0090476306,0.0107203271,0.0111800007,0.0086392806,0.0081720582,0.0081809651,0.0114210658,0.0133061846,0.0117766262,0.0158367457,0.0134036181,0.0137433889,0.013444641,0.012909982,0.0133677514,0.0098052408,0.0096033304,0.009853466,0.0047885722,0.0044404031,0.0053338524,0.0093178271,0.0086863972,0.0102144374,0.008692132,0.0090518972,0.0116372875,0.009513541,0.0105601431,0.0106926146,0.0136541193,0.0145022026,0.0084473934,0.0088641608,0.0084453191,0.0104437424,0.0100799187,0.0095263146,0.0094195618,0.0145515952,0.0138671,0.0141157292,0.0151560019,0.0144416193,0.0150878936,0.0156098075,0.0152420617,0.0151301061,0.0169727068,0.0153011936,0.0103317026,0.0153799012,0.0150589665,0.0152871783,0.0065137361,0.006656225,0.0110814077,0.0109349827,0.0109507111,0.0127420757,0.0108995618,0.012065675,0.0087001545,0.0086671274,0.0070234392,0.0083485422,0.0079880026
0.0152302358,0.0148128254,0.0048261835,0.0048946717,0.0048572516,0.0049190599,0.0050775453,0.0083449252,0.0083449252,0.0091529981,0.0073195079,0.0095139981,0.0091529981,0.0079704391,0.0079704391,0.008351728,0.0093360051,0.0082268863,0.0080384766,0.0082892363,0.0080043141,0.009162196,0.006885728,0.0074179474,0.0108011308,0.0156072231,0.0173656967,0.0164269752,0.0174571724,0.0156941786,0.0176535752,0.0161825273,0.0163799016,0.0143517578,0.0141829537,0.0141035946,0.0143655439,0.0098642191,0.0066127252,0.0089318934,0.0088754913,0.0103566078,0.0122180712,0.0117654523,0.0121409592,0.0168907372,0.0169527788,0.0089206231,0.0088461932,0.0104727891,0.0108996544,0.008436571,0.0085321907,0.0085454823,0.0117877781,0.0127069344,0.0116845788,0.0159225323,0.0134189988,0.0138777717,0.0134572613,0.0129172786,0.0133899057,0.0106758705,0.0105053337,0.0095725474,0.0050380467,0.0045569391,0.0055161085,0.0089556849,0.0082358863,0.0097810577,0.0083103071,0.0087887134,0.0110783613,0.0091296113,0.0101796821,0.0102092495,0.0133395184,0.0137308066,0.0082384919,0.0084748384,0.008237028,0.0100865676,0.0097929377,0.009389412,0.009157462,0.0146750162,0.0139639356,0.0138447808,0.014722867,0.0138211983,0.0149004177,0.015894424,0.0150849427,0.0150914379,0.0169373566,0.0151737365,0.0110008038,0.0156489309,0.0148542184,0.0155800962,0.0063345676,0.0064761203,0.0108011308,0.0106608439,0.0106763974,0.0124811634,0.0106249106,0.0117960571,0.0084987592,0.0085020849,0.0072518884,0.0084543476,0.0079992865
0.0147460584,0.0144883778,0.0049233393,0.0050142594,0.0049680212,0.0050257413,0.0050896386,0.0082367006,0.0082367006,0.0092487964,0.0071247526,0.0096685276,0.0092487964,0.0078502443,0.0078502443,0.0081931915,0.0094872874,0.0081370658,0.007974861,0.0081808651,0.0078734082,0.0093023922,0.0069511413,0.0073190372,0.0110437764,0.0160133618,0.0174616111,0.0166177986,0.0175512653,0.0160446368,0.0176983069,0.016240366,0.0167097285,0.0137442,0.0135847639,0.0135189667,0.0137703341,0.0105309868,0.0066298601,0.0101572486,0.0100830062,0.0110887848,0.0123865597,0.011670509,0.0122505424,0.0168665174,0.0169013805,0.0090447181,0.0089759931,0.0107459861,0.0111376216,0.0094225118,0.0091887875,0.0092353174,0.0121094264,0.0125520403,0.0121035347,0.0155187105,0.0130752778,0.0135211826,0.0130865563,0.012631284,0.0130268903,0.010903575,0.0107230403,0.00964815,0.0050843851,0.0048434846,0.005246254,0.0093324514,0.0087242945,0.0094905745,0.0087151285,0.0092048222,0.011411959,0.0097461077,0.0106109799,0.0108290042,0.0132518361,0.0135850264,0.0081624596,0.008629413,0.008155729,0.0103417695,0.0100891861,0.0096964396,0.0092227229,0.0143400708,0.0133846181,0.0132354958,0.0143390118,0.0135227743,0.014594507,0.0157271771,0.0147855569,0.0148255118,0.0170203299,0.0148791612,0.0108603098,0.0154853583,0.0145476403,0.0154951292,0.0065137406,0.0066637143,0.0110437764,0.0109221375,0.0109270584,0.0124360181,0.0108727451,0.0117186542,0.008261486,0.0082562679,0.0072740429,0.009448634,0.0089952979
0.0145531066,0.0143041136,0.0049720123,0.005052088,0.0050082103,0.0050720179,0.0051863991,0.0082565701,0.0082565701,0.0092038722,0.0072888396,0.009574475,0.0092038722,0.0078669577,0.0078669577,0.0082203875,0.0093678083,0.0081581563,0.008002859,0.0081858042,0.0078656604,0.0092306889,0.0066348012,0.0069378846,0.0118162009,0.0159210627,0.0175367668,0.016475396,0.0176334377,0.016048094,0.0178260155,0.016088003,0.0166929911,0.0133551738,0.01319608,0.0131410009,0.0133926717,0.011209858,0.0063788207,0.0106507615,0.0106092531,0.0117835189,0.0127800878,0.0123475676,0.0128546162,0.0166519073,0.0168446844,0.0093528238,0.0092625585,0.0114922071,0.0119090502,0.0103985544,0.0098919483,0.0099437587,0.0125510809,0.0128070122,0.0125269406,0.0155167893,0.0131133224,0.0133012106,0.0131687134,0.0126024599,0.0131183412,0.0111714698,0.0110321295,0.0103776488,0.0050987811,0.0044977188,0.0054124813,0.0098954245,0.0094439307,0.0095695188,0.0093632064,0.0098399974,0.0123193668,0.0108126356,0.0116783162,0.011778305,0.0134681205,0.0139493879,0.0080355028,0.0084687875,0.008038025,0.0111081072,0.0110805197,0.0103750544,0.0097081252,0.0138289259,0.01297858,0.0130201835,0.0142943733,0.0134824649,0.0145718976,0.0155870767,0.0147592253,0.0147058573,0.0169180934,0.0148267844,0.0105712212,0.0153556177,0.014530624,0.0155778712,0.0066018811,0.0067448429,0.0118162009,0.0116946412,0.0116882467,0.0129879454,0.0116410537,0.0125227877,0.0080820236,0.0080648972,0.0068914354,0.0101085754,0.0097678295
0.0145515333,0.0146454938,0.0049455778,0.0050194986,0.0049781993,0.0050455528,0.0053148195,0.0080940248,0.0080940248,0.0091669686,0.0069072873,0.0095746665,0.0091669686,0.0076521193,0.0076521193,0.0079671436,0.0094306971,0.0080491491,0.0076141186,0.0078485957,0.0075871269,0.0091705776,0.0067443681,0.007028584,0.0122793691,0.0156463511,0.0173189045,0.0163245059,0.0173912281,0.0160044003,0.0176135038,0.0155440254,0.0163974177,0.0137423038,0.0135848879,0.0134965983,0.0137558233,0.011739507,0.0061840028,0.0110924486,0.0110316521,0.0121904726,0.0134343361,0.012832958,0.0133313504,0.0165116917,0.0167176417,0.0096444795,0.0095515337,0.0119937441,0.0123899754,0.010864167,0.010086157,0.0101683507,0.0131974563,0.0135760382,0.0130953243,0.0153361062,0.0131133073,0.0133374156,0.0131741073,0.012647133,0.0131274233,0.0116249993,0.0115152091,0.0107196205,0.005125475,0.0043618429,0.005272129,0.010294583,0.0101417122,0.0102881738,0.010096417,0.0104286212,0.0127831615,0.0110876108,0.0120222767,0.0121760163,0.0142139966,0.0148023695,0.0081097804,0.0085286797,0.0081239735,0.0115519823,0.0116160476,0.0109377511,0.0100317559,0.0140395941,0.0133801399,0.0135197538,0.0143050098,0.0139341132,0.0148592479,0.0158207514,0.0150175562,0.0150018847,0.0170533222,0.0151003056,0.010205598,0.0155629048,0.0148165479,0.0156690764,0.0065992063,0.006742691,0.0122793691,0.0121387281,0.0121163747,0.0131029427,0.0120787094,0.0128621726,0.0083390269,0.0083071394,0.0069441262,0.0104662653,0.0100835833
0.0147895281,0.0149828018,0.00500738,0.0050564425,0.0050251801,0.0051008821,0.0054342384,0.0081717252,0.0081717252,0.0092277495,0.0069031564,0.009618896,0.0092277495,0.0077368634,0.0077368634,0.0079578426,0.0094797787,0.008117344,0.0077078946,0.0079599835,0.007698778,0.0092008495,0.0069733238,0.0072169377,0.0125876363,0.0156845071,0.0172924155,0.0161993432,0.0173583308,0.0160091731,0.0175136356,0.0158731224,0.0165154023,0.014100778,0.0139937308,0.0139159141,0.0141045613,0.0114794809,0.006121412,0.0110865934,0.011023074,0.0124894613,0.0137222552,0.0132193342,0.013646412,0.0168225524,0.0170322948,0.0101704585,0.0100801835,0.0121299877,0.0127175141,0.0105131259,0.0094282997,0.0095413864,0.0134561837,0.0139571455,0.0134704031,0.0155461629,0.0136161835,0.013743744,0.0136673092,0.0131749974,0.0136207259,0.011205124,0.0109961372,0.0109162634,0.0052074182,0.0044168043,0.0052319676,0.0106408974,0.0099807044,0.0106385094,0.0099367203,0.0104074106,0.0131777405,0.0111024495,0.0123702516,0.0124409815,0.0146048969,0.0153211232,0.0080946787,0.008498321,0.0081161523,0.0116717967,0.011720712,0.0110494141,0.0105086655,0.0143074856,0.0138681835,0.0141407981,0.0144965101,0.0142329407,0.015188142,0.0154619066,0.0153066059,0.0153290982,0.0167067914,0.0154105517,0.0102961615,0.0152610844,0.0151432344,0.0151273316,0.0064940648,0.0066305356,0.0125876363,0.0123821537,0.0123920419,0.0135382536,0.0123488509,0.0133036655,0.0083404884,0.0083167363,0.0070238967,0.0104823406,0.0100747379
0.0148515653,0.0151231237,0.0048742734,0.0049365193,0.0049022603,0.0049709235,0.005236504,0.0081763703,0.0081763703,0.0093175849,0.0067041425,0.0097157724,0.0093175849,0.0077149447,0.0077149447,0.0079794502,0.0095690912,0.0081514064,0.007542737,0.0078460204,0.0076312176,0.0092832141,0.0071883241,0.0074078623,0.0121468815,0.0157655988,0.0173199759,0.0162878578,0.0173791898,0.0160309245,0.0176088182,0.0161520182,0.0165909516,0.0140494807,0.013934396,0.0138622294,0.0140609627,0.0107406389,0.0059759318,0.0106821375,0.0106271917,0.012288987,0.0130918118,0.0133764661,0.0139621085,0.0167455771,0.0167535355,0.0096982939,0.0096219321,0.0118315766,0.0122843842,0.0103022134,0.0093939271,0.0094505146,0.0128062556,0.0138448604,0.0133486,0.015718882,0.0134030953,0.0136207932,0.0134801509,0.0130311731,0.0133886544,0.0109551063,0.0106292451,0.0108468328,0.005074529,0.0043491912,0.0051589426,0.010376903,0.0099495745,0.0108587571,0.0099582384,0.0102830502,0.0130383509,0.0108118092,0.0119693412,0.0122380752,0.0146377639,0.0152114799,0.0082037953,0.008698412,0.0082275766,0.0115270516,0.0112987592,0.0107012412,0.010099921,0.0142563911,0.0137024766,0.0142423099,0.0148201917,0.0144310542,0.0151248618,0.0156589035,0.0152347326,0.0152530889,0.0168791118,0.0153373243,0.0108150466,0.01543705,0.0150897653,0.0154760292,0.006349054,0.0064621408,0.0121468815,0.011950162,0.0119546349,0.0130346044,0.0119091661,0.0127416571,0.0082962384,0.0082818967,0.0070173127,0.0099835542,0.0096248896
0.0148369726,0.0151300448,0.0049440896,0.0050142771,0.0049727139,0.0050402917,0.0054268903,0.0081287894,0.0081287894,0.0093646783,0.0065063866,0.0098027005,0.0093646783,0.007652279,0.007652279,0.0078597186,0.0095960082,0.0081160887,0.0074404721,0.0077705179,0.0075714762,0.0093421679,0.0072414077,0.0075084674,0.0116263049,0.0159434396,0.0174596556,0.0164318716,0.0175320257,0.0162970181,0.0177596459,0.0160507917,0.0169010486,0.0138525195,0.0137545118,0.013681866,0.0138572105,0.0110424427,0.0060830306,0.0107474226,0.0107319518,0.0118089993,0.0126555011,0.0128888264,0.0133547854,0.0165983629,0.0167610545,0.0095994577,0.009543198,0.0112624132,0.0117046556,0.0105645903,0.0097456948,0.0098168038,0.0124304649,0.0133633358,0.0127415101,0.0156303913,0.0131253139,0.0135087917,0.0132215903,0.0129591521,0.0130808771,0.0110044837,0.0108824983,0.0102777611,0.005307825,0.0044606908,0.0051344873,0.0101394632,0.0100551827,0.0107837474,0.0099216285,0.010311898,0.0124790653,0.0109519146,0.0115769319,0.0117003882,0.0141449295,0.0145961878,0.008271295,0.0088113158,0.0082928526,0.0108824799,0.0113387535,0.0105514875,0.0100183479,0.014055057,0.0135430091,0.0141067486,0.0147123358,0.0142715143,0.015024242,0.0156224372,0.0151594566,0.0151248316,0.0169391163,0.0152406296,0.0115301219,0.0153797532,0.0149853462,0.0154378309,0.0064357403,0.0065301847,0.0116263049,0.0115190465,0.0115289847,0.0127006514,0.0114698764,0.0123047514,0.008482213,0.0084712019,0.0069855276,0.0103322101,0.010054883
0.0143481945,0.0148091348,0.0050456321,0.0051364439,0.0050862752,0.0051490189,0.005439778,0.0081568212,0.0081568212,0.0093908927,0.0063276754,0.0098362879,0.0093908927,0.007715342,0.007715342,0.0078736275,0.0097231552,0.0081087684,0.0076478698,0.0079429726,0.0077023587,0.0093743094,0.0069994085,0.0072265905,0.0118751542,0.0160433271,0.0174602625,0.0165511486,0.0175237847,0.0164865806,0.0177360652,0.0161760875,0.0170010347,0.0136378111,0.0134968104,0.0134380209,0.0136367452,0.0119771472,0.0061527252,0.0112532695,0.0112198903,0.0118630715,0.0127174681,0.0124655403,0.0130121722,0.0163440556,0.0165071854,0.0099223361,0.0098192382,0.0115719632,0.0119837605,0.0106534924,0.0102205,0.0102925924,0.0127466806,0.0134262472,0.0130344847,0.0153003535,0.0129656743,0.0133440618,0.0130475868,0.0126739896,0.0129469097,0.0117731938,0.0116057576,0.0106641854,0.0052346557,0.0044547094,0.005040158,0.0104289889,0.0101044333,0.0102316702,0.009945759,0.010323357,0.0123790917,0.0109482132,0.0115628778,0.0117148167,0.0135800979,0.0142612882,0.0084883393,0.0089249656,0.0085121761,0.0112802569,0.011452482,0.0107981702,0.0102788007,0.0140538021,0.013356834,0.0136126215,0.0144130673,0.0136742417,0.014513032,0.0149974424,0.0146308167,0.0145189174,0.0163509056,0.0146884757,0.0117853375,0.0147540528,0.0144878958,0.0150389111,0.0065013689,0.0066507411,0.0118751542,0.0117261757,0.0117239535,0.0127846604,0.0116749431,0.0123144375,0.0087073448,0.0086782726,0.0070400462,0.010996566,0.0104928361
0.014567129,0.0146172984,0.005053234,0.0051291229,0.0050858333,0.0051501389,0.0054775986,0.0081560248,0.0081560248,0.0092421915,0.0065542255,0.0096811707,0.0092421915,0.0077336012,0.0077336012,0.007858129,0.0095896651,0.0080912992,0.0076583533,0.0079490658,0.0077174943,0.0091858922,0.006670025,0.0069992104,0.0124845483,0.01595569,0.0175545517,0.016340999,0.0176174073,0.0163818573,0.0178067614,0.0160182135,0.0168978455,0.0136084177,0.0134860823,0.0134183795,0.0136165004,0.0126869026,0.0061159618,0.0118249831,0.0117708415,0.0125536649,0.0131096554,0.0130059497,0.0134881747,0.0163860463,0.0165782915,0.0099987608,0.0098927045,0.0122120837,0.0126367962,0.0110572906,0.0108968304,0.0110064117,0.0135493505,0.0134477943,0.0134561922,0.0152363505,0.0133333642,0.0133814115,0.0133958038,0.0127232247,0.0133308157,0.0123759318,0.0122948193,0.0110878761,0.0052010132,0.0043863408,0.0051130228,0.0107238594,0.0102607628,0.0106091986,0.0099825497,0.0103030844,0.0131052837,0.011221942,0.0122756476,0.0124801427,0.0135857331,0.0143410713,0.0085261846,0.0088538436,0.0085504228,0.0119379983,0.0116828295,0.0110410691,0.0103629671,0.0139966941,0.0133362934,0.0135943816,0.0143185943,0.013940413,0.0143328207,0.0151105679,0.0144660255,0.0143794839,0.0163712603,0.0145272457,0.0113732547,0.0148757679,0.014287736,0.0150940352,0.0063153215,0.0064710202,0.0124845483,0.0122739365,0.0122687511,0.0133166177,0.0122292427,0.0129170462,0.0087861714,0.0087777505,0.0073851165,0.0113943957,0.0108049776
0.0146278278,0.0153092438,0.0048316912,0.0048788134,0.0048523516,0.0049215224,0.0052534787,0.0081430393,0.0081430393,0.0091941261,0.0066012337,0.0096097601,0.0091941261,0.0076977219,0.0076977219,0.0077807254,0.0095198622,0.0081022594,0.0075974406,0.0078857032,0.0076605545,0.0091091552,0.0067599592,0.0070830863,0.0123784872,0.0158272712,0.0172089698,0.0163089879,0.0172673643,0.0161081087,0.0174163378,0.0159445844,0.0166030288,0.0137215948,0.0135797372,0.0135248726,0.0137311011,0.0129575285,0.0060136078,0.0124515167,0.0123909049,0.0131023114,0.013490959,0.0132862629,0.013806767,0.0166536715,0.0166874153,0.0105905198,0.0105180531,0.0120775261,0.0124925504,0.0116204768,0.0112777111,0.0114002132,0.0136667264,0.0137774347,0.0137314889,0.0154538792,0.0130944267,0.013273115,0.0131727504,0.012636751,0.0130970407,0.012590866,0.0125367514,0.0113229115,0.0050695023,0.0041823913,0.005173274,0.0109823789,0.0104882761,0.0110022886,0.0102847142,0.0107130767,0.0135320538,0.0117027906,0.0126958538,0.0129223733,0.0140884625,0.0148814278,0.0086646184,0.0089466441,0.0086863886,0.0118704851,0.0118832358,0.0111552441,0.010646465,0.0138589635,0.013229656,0.0136711177,0.0147257757,0.0141632264,0.0146407569,0.0150178882,0.0147421229,0.0146786709,0.0164955112,0.0148160362,0.0109078952,0.0148108555,0.014599257,0.0150166098,0.0062888648,0.0064600439,0.0123784872,0.0122223712,0.0122245615,0.013602142,0.0121763976,0.0129715719,0.0089415886,0.0089254191,0.0074229379,0.0118373931,0.0114376646
0.0148414203,0.0155361196,0.0047350163,0.0047674885,0.0047477018,0.0048204712,0.0052452163,0.0083686353,0.0083686353,0.0092603957,0.0068298894,0.0096502721,0.0092603957,0.0079625068,0.0079625068,0.008077136,0.0095465207,0.0082875172,0.0079814811,0.0082565929,0.0079979068,0.0091879575,0.0067961017,0.0072350802,0.0128451849,0.0157661036,0.0169595301,0.0162117953,0.0170365537,0.0158461502,0.0171416523,0.016121903,0.0163740676,0.0138017196,0.0137015405,0.0136412078,0.0138081175,0.0127402689,0.0064260406,0.0125969044,0.0125676196,0.013218362,0.0128350717,0.0134460953,0.0141042731,0.016919805,0.016926903,0.010684821,0.0106144169,0.0125225814,0.0129613426,0.0121649266,0.0109816877,0.0110578599,0.0134924252,0.0138914259,0.0138790578,0.0156327696,0.0134538863,0.0136334134,0.0135589432,0.0130666453,0.0134471655,0.012375221,0.0124328779,0.0113083787,0.0052590587,0.0042244894,0.005269654,0.011209462,0.0110917474,0.011269683,0.0108632537,0.0112744196,0.0137048363,0.0123878446,0.0130751134,0.0131712953,0.0137018835,0.0145917148,0.0089007374,0.009203945,0.0089480457,0.0120642252,0.0125301731,0.0118778113,0.0107308571,0.0140844182,0.0135003397,0.0139165133,0.0150757974,0.0144402043,0.0147414322,0.0152821009,0.0148644703,0.0147601745,0.0169167384,0.0149277933,0.0105746432,0.015037287,0.0147124134,0.0153495516,0.0062781191,0.0064556462,0.0128451849,0.0126890162,0.0126843127,0.0138214342,0.0126356599,0.013328078,0.0094057894,0.0093724012,0.0080140908,0.0118510071,0.0116462259
0.0150566002,0.0151077155,0.0047608502,0.0047943613,0.0047721752,0.0048468856,0.0052487009,0.0085098332,0.0085098332,0.0093226151,0.0071904464,0.0097031575,0.0093226151,0.0081738429,0.0081738429,0.0083771276,0.0094656853,0.0083571068,0.0083003068,0.008550445,0.0082516547,0.0092880742,0.006661737,0.0070607183,0.0134990551,0.015777796,0.0172950926,0.0163244016,0.0173783085,0.0159509418,0.0174749196,0.0160832085,0.0166396293,0.0142204273,0.0141127759,0.0140415905,0.0142120981,0.0122028606,0.0069260689,0.0117567981,0.0117017197,0.012971287,0.0127568335,0.0134795301,0.0140028377,0.0171137843,0.0170712543,0.0111290092,0.0110284176,0.0130566849,0.0136220398,0.011282669,0.010283996,0.0103921696,0.0133044155,0.0135771488,0.0135353689,0.0158301141,0.0142523231,0.0142924842,0.0142978932,0.0137086856,0.0142613349,0.0117898217,0.0117935717,0.0118328745,0.0052675377,0.0042066943,0.0054749873,0.0114991995,0.0110569641,0.0112683606,0.0109504162,0.0114736342,0.0135753592,0.0120278703,0.0130010564,0.013003896,0.0136241509,0.0145812037,0.0085747734,0.0091417186,0.0085918526,0.0126709217,0.0125659238,0.0120638551,0.0112843613,0.0146940043,0.0140702995,0.0142753002,0.0146499071,0.0144695606,0.0146294981,0.0150666266,0.0147365912,0.0145843794,0.016968137,0.0147834579,0.0104745717,0.0148197127,0.0146157738,0.0151117433,0.0063247606,0.0065037856,0.0134990551,0.0133137044,0.0133128599,0.0143296016,0.0132655391,0.0139624738,0.0088352998,0.0087960686,0.0079845519,0.0109774592,0.0106666516
0.0152474658,0.0150425061,0.0047906731,0.0048418634,0.0048106676,0.0048814544,0.0052866717,0.0083831754,0.0083831754,0.0093157157,0.0070503177,0.0096983781,0.0093157157,0.0080075407,0.0080075407,0.0081700212,0.009476883,0.0082694636,0.0080359552,0.0083046865,0.0080387552,0.0092607031,0.0065687807,0.006904705,0.0136076403,0.0160855889,0.0173839527,0.0164352243,0.017444493,0.0162694868,0.0175674882,0.0162766042,0.016853184,0.0146303362,0.0145015375,0.0144245632,0.014623,0.0118156144,0.0065126398,0.0111770901,0.0111233804,0.0125399451,0.0130537012,0.0133587598,0.0136941146,0.0172261825,0.0170199526,0.0115602715,0.0114004556,0.0132508618,0.013726059,0.0107006097,0.0100114179,0.0100877471,0.0131628505,0.0135223589,0.0131829193,0.0160767263,0.0144177472,0.0146164451,0.0144973632,0.0139768597,0.0144016528,0.0118903089,0.0118503089,0.0124187396,0.0051695648,0.0041049663,0.0054606941,0.0121455396,0.0110258847,0.0117546266,0.0111867299,0.011789509,0.0133895368,0.0116255688,0.0127074986,0.0126818243,0.013953636,0.0147920603,0.0084240518,0.008855933,0.0084461288,0.0131969674,0.0125755833,0.0121519945,0.0118740847,0.0150132618,0.0142700951,0.014404725,0.0146891985,0.0144848999,0.0146140971,0.0152521374,0.0147495103,0.0146679262,0.0171655873,0.0148209637,0.0106143235,0.014996463,0.0145863005,0.0152876874,0.0063268696,0.0065039655,0.0136076403,0.013450184,0.0134367813,0.0145006945,0.0133940285,0.0141633097,0.008529449,0.0084898254,0.007549526,0.0106062165,0.0101743047
0.0152123762,0.0151626172,0.0049096177,0.0049489858,0.0049242226,0.0049941886,0.005426808,0.0082663648,0.0082663648,0.0095082426,0.0068293557,0.0099059946,0.0095082426,0.0078314571,0.0078314571,0.0080106245,0.009674196,0.008209753,0.007741471,0.0080224446,0.0077829683,0.0094315509,0.0068016955,0.0073284052,0.0130642932,0.0162878835,0.0173791411,0.0166776266,0.0174346932,0.0164172147,0.0175982252,0.0165207606,0.0169218092,0.0144866849,0.0143025502,0.0142379627,0.0144757641,0.0120651818,0.0066103656,0.0116027929,0.0115770901,0.0122504384,0.0129935214,0.0130331564,0.0135384842,0.0170767623,0.0169686102,0.0115730155,0.0114637675,0.0127097064,0.013180939,0.0109218321,0.0106571082,0.0107038095,0.0131122978,0.0136652679,0.0131681054,0.0159680832,0.0142196953,0.0143735016,0.0143297321,0.0137269689,0.0142076335,0.0120339255,0.0119382749,0.0119199551,0.0052239649,0.0041926189,0.0055279196,0.0118159544,0.0105115016,0.0123799576,0.0106934655,0.0113214578,0.013042605,0.0114032023,0.0122988842,0.0122679113,0.0139795401,0.0147750283,0.008520862,0.008938828,0.0085368078,0.0125450453,0.0120311307,0.0115068988,0.0117203377,0.014680844,0.0139736266,0.0140773863,0.0149787582,0.0142979943,0.0144317512,0.0153959526,0.0145699443,0.0144283512,0.0170629026,0.0146228867,0.010845711,0.0151158401,0.0144020832,0.0154589026,0.0062492983,0.006425458,0.0130642932,0.0128973703,0.0128991703,0.0143575079,0.0128534738,0.0139555953,0.0086082898,0.0085879412,0.0074057689,0.011159011,0.0107096026
0.0151944504,0.0154527045,0.0049014988,0.004920478,0.0049069759,0.00498243,0.0054361814,0.0083206629,0.0083206629,0.0096027962,0.0067841323,0.0100082462,0.0096027962,0.0079009601,0.0079009601,0.0079802379,0.0098157261,0.0082502302,0.0077568837,0.0080557407,0.0078327038,0.0095552052,0.0070039155,0.0072318939,0.0131416552,0.0163751663,0.0174020677,0.0166732517,0.0174431726,0.016456326,0.017633751,0.0165564483,0.0170046976,0.014550949,0.0144194295,0.0143419302,0.0145539948,0.0124977295,0.0065745919,0.0120561031,0.0120493254,0.0127855469,0.0129808607,0.0132140275,0.013826065,0.0171928559,0.017074417,0.0114068886,0.011321524,0.0127755309,0.0132564288,0.0115220281,0.0112304788,0.0113034844,0.0133541524,0.0141212726,0.013453267,0.0161434483,0.0145339698,0.0145193559,0.0145758483,0.0137571024,0.0145520948,0.0120897393,0.0120832664,0.0119759761,0.0053880446,0.0043231163,0.0054419559,0.0118041601,0.0110064108,0.0119039905,0.0109458157,0.0114649698,0.0133132781,0.0117213622,0.012539283,0.0126594809,0.0139769837,0.0151605698,0.0086036858,0.0091868233,0.008600242,0.012627133,0.0121331039,0.0117152143,0.0114930316,0.0148921177,0.0142385379,0.0141906323,0.0150186754,0.014308301,0.014860651,0.0155231552,0.0149758372,0.0148297899,0.0173800039,0.0150280156,0.0114085767,0.0152668615,0.014829683,0.0156223267,0.0065668391,0.0067474752,0.0131416552,0.0129774594,0.0129774871,0.0144281615,0.0129329469,0.0139321101,0.0086845775,0.0086746476,0.0072294309,0.0115835101,0.0109857677
0.0150416484,0.015896479,0.005082396,0.0051211717,0.0050948217,0.0051715974,0.0056594432,0.0083330821,0.0083330821,0.009634544,0.0067880259,0.0100525141,0.009634544,0.0079281981,0.0079281981,0.0080400182,0.0098654384,0.0082517009,0.0077280981,0.0080603474,0.0078605106,0.0095675322,0.0071099717,0.0074139516,0.0135189002,0.0164841557,0.0174124988,0.0168388654,0.0174376467,0.0165338509,0.0175883252,0.0166296738,0.0171242259,0.0144435148,0.0143011536,0.0142217926,0.0144212044,0.0126786297,0.0062175967,0.0120908151,0.0120343665,0.0130443773,0.0135517401,0.0135135266,0.0141548905,0.0174410269,0.0172521658,0.011874546,0.0117772113,0.0131967912,0.013616778,0.0116397877,0.0112334929,0.0112888318,0.0138661568,0.0144311512,0.0140489971,0.0161663457,0.0145704002,0.0144700835,0.0146475564,0.0138377481,0.0145934919,0.0125071651,0.0124621721,0.0123887342,0.0055732273,0.0043583634,0.0053494516,0.0121945654,0.0112747134,0.0119413629,0.0112036856,0.0117765009,0.0135260023,0.0120378849,0.0127174078,0.0127647724,0.0147520484,0.0156725846,0.0086854252,0.0093011266,0.0086899967,0.0129278828,0.0124129717,0.0119566516,0.011962112,0.014963796,0.0142016995,0.014174196,0.0151683665,0.0145981505,0.0153751679,0.0157059783,0.0154816825,0.0153018756,0.0173666575,0.0155322762,0.01119982,0.0154513839,0.0153416332,0.0156751082,0.0065400793,0.0066940099,0.0135189002,0.0133960717,0.0133866134,0.0146825724,0.0133400266,0.0141856592,0.0089044828,0.0088641488,0.0070747169,0.0115439568,0.0109155471
0.0151765417,0.0161432549,0.0053645037,0.0054040085,0.0053808287,0.0054573273,0.0058862759,0.0083320782,0.0083320782,0.0096230129,0.0066050073,0.0100474407,0.0096230129,0.007905108,0.007905108,0.0078747879,0.0098495691,0.0082714663,0.0076995427,0.0080591872,0.0078725983,0.0095309518,0.0074238405,0.007748621,0.0134920974,0.0166902939,0.0174149176,0.0171637787,0.017444903,0.0168695953,0.0176699849,0.0168497439,0.0171457508,0.0143781085,0.01425848,0.0142025211,0.0143729835,0.0131980854,0.0062025023,0.0128721396,0.0128099396,0.0136533405,0.0141045,0.0138251648,0.0145744391,0.017373682,0.0172579355,0.0115223766,0.0114053947,0.0131611863,0.0136263405,0.0121470245,0.0113818361,0.0114624646,0.0145520632,0.0148568799,0.0147436118,0.0162643,0.014263637,0.0142574967,0.0143163807,0.0134890773,0.0142945495,0.0131069244,0.0130843063,0.0124573058,0.0055667634,0.0043060899,0.0052532545,0.0118710176,0.0109188919,0.0123616905,0.0108083433,0.011434303,0.0139886203,0.0123803307,0.0131205162,0.0132735078,0.0151808459,0.0159151799,0.0089587754,0.0094670594,0.0089636261,0.0130940794,0.0126042301,0.0120912182,0.0117725724,0.0148577391,0.0140598676,0.0142856044,0.0156789021,0.0149854333,0.015607816,0.0155686736,0.015693616,0.0155462202,0.0173516882,0.0157612993,0.0115434063,0.0153361736,0.0155700799,0.0154083695,0.0064942398,0.0066726565,0.0134920974,0.0133018412,0.0132986127,0.0145250926,0.0132547127,0.0140623426,0.0092229504,0.0091742913,0.0071782893,0.0122172584,0.011675982
0.0155752538,0.0161464594,0.0053361196,0.0053610155,0.005342153,0.0054243412,0.005914578,0.0083544384,0.0083544384,0.0095916391,0.0065281432,0.0100170808,0.0095916391,0.0079334946,0.0079334946,0.0079140356,0.0097920571,0.0082856002,0.0078484814,0.0081622057,0.0079354481,0.0094802683,0.0075157683,0.0077024745,0.0133781507,0.0168509493,0.0175329097,0.0172884312,0.0175648486,0.0169352139,0.0177522319,0.0169970646,0.017299825,0.01457365,0.0144157104,0.0143417959,0.0145791112,0.0132319774,0.0065770259,0.013184258,0.0131012281,0.0137799423,0.0143276712,0.0139555431,0.0147422618,0.0173858677,0.0173187031,0.0110190694,0.0109312792,0.0131359243,0.0135158584,0.012455284,0.0116520122,0.0116830955,0.0148227163,0.014960708,0.0147747288,0.016483349,0.0142847521,0.0143708444,0.0143461722,0.0136318465,0.0143008244,0.0130790129,0.0130293622,0.0121982209,0.0056600377,0.0042205703,0.0052193551,0.0117863695,0.0110900285,0.0124007821,0.0110120208,0.0115273667,0.0141862146,0.0127068236,0.0134219584,0.0135247604,0.015001042,0.015911915,0.0091805912,0.0097898349,0.0091878627,0.0129496132,0.0129570966,0.0121207077,0.0112338209,0.015019023,0.0141604729,0.0143752827,0.0157215983,0.0150240281,0.0154884504,0.0155012677,0.0155834754,0.015411624,0.0173507427,0.015637258,0.0117746997,0.0152366601,0.0154605462,0.0154094441,0.0064448655,0.0066154002,0.0133781507,0.0132025903,0.013184191,0.0145596,0.0131465111,0.0137941188,0.0095097738,0.0094624696,0.0075779467,0.01234774,0.0119299782
0.0156169747,0.0160181289,0.0051487761,0.0051725788,0.0051559052,0.0052352705,0.0056628066,0.0084780267,0.0084780267,0.0095788671,0.0067649865,0.0100163698,0.0095788671,0.0081059948,0.0081059948,0.0081764948,0.0098318129,0.0083620261,0.0081273108,0.0084182337,0.0081604768,0.0094805865,0.0075877767,0.0077133962,0.013641182,0.0170011035,0.0176661014,0.0173545979,0.0176968799,0.0169497792,0.0178219555,0.0170920472,0.0173590319,0.0148471229,0.0146933375,0.0145865854,0.0148137889,0.0129132955,0.0065140837,0.0124622205,0.0123827698,0.0132821903,0.0143174247,0.0138697334,0.0146409202,0.0173759531,0.0172630712,0.0114866931,0.0113979111,0.0132468424,0.0137656743,0.0118111479,0.0115512191,0.0116128302,0.0145860129,0.0150407878,0.0145799129,0.016367133,0.0144138278,0.0146520459,0.0144639368,0.0137157507,0.0144331736,0.0128149844,0.0126306816,0.0121573945,0.0055367066,0.0042781948,0.0054441177,0.0121561243,0.0114715167,0.0121207542,0.0115126986,0.0120319903,0.0138933889,0.0124464688,0.0131650319,0.0131451459,0.0145594302,0.015782374,0.0092300858,0.0098073608,0.0092391427,0.0129755792,0.0129276104,0.0122560417,0.0115683993,0.0153641792,0.0145192097,0.0145689764,0.0158073677,0.0152163511,0.0151676844,0.0156198559,0.0152739163,0.0150464629,0.0174348573,0.0153033128,0.0120634004,0.0153624913,0.0151494663,0.015535726,0.0063907552,0.0065778712,0.013641182,0.0134719702,0.0134441716,0.0148184695,0.0134150076,0.0141059945,0.0094439316,0.0094051608,0.0076662233,0.0118958768,0.011573624
0.0155248334,0.01614835,0.0053205554,0.0053391172,0.0053270596,0.0054051186,0.0058582568,0.0084639132,0.0084639132,0.0096823917,0.0068971882,0.0101000195,0.0096823917,0.0080752097,0.0080752097,0.008136982,0.009921716,0.0083597181,0.0079281118,0.0082657542,0.0080566959,0.0095929007,0.007666079,0.0078677964,0.0128705642,0.0168959795,0.0179758129,0.0171829997,0.0180237468,0.0170165725,0.0181198156,0.0172428955,0.017425442,0.014685483,0.0144884844,0.0144033407,0.014676433,0.0131386577,0.0062663783,0.0123472611,0.0122610778,0.0134155497,0.0142629771,0.0142305337,0.0150185726,0.0174616548,0.0174762951,0.011037658,0.0109310552,0.0124493538,0.0130013004,0.0114880545,0.0116340563,0.0116747987,0.0146169688,0.0150095396,0.0149502229,0.0163688868,0.0143633601,0.0146746427,0.0143968878,0.0137073677,0.0143663559,0.0132629598,0.0131313118,0.0116415101,0.0054716165,0.0045589785,0.0052989278,0.0115546504,0.0108313955,0.0121178841,0.0108861184,0.0113708344,0.0140846399,0.0117648712,0.0129016288,0.0131157906,0.0146935528,0.0158066882,0.0090087327,0.0094833257,0.0090157098,0.0122167448,0.0121664115,0.0114411705,0.011290424,0.0153365469,0.0144517302,0.0147117379,0.0159594813,0.0153246972,0.0150604278,0.0155962618,0.0151509063,0.0149018257,0.0174852611,0.0151758423,0.0120524229,0.0153425736,0.0150478806,0.0155988805,0.0062117623,0.006375804,0.0128705642,0.0126650226,0.0126882837,0.0146485212,0.0126334011,0.0136110886,0.0092683056,0.0092119549,0.0075180736,0.0118817861,0.0114336979
0.0157537569,0.0162631049,0.0055642042,0.005572841,0.0055623361,0.0056491104,0.0062558028,0.0085347643,0.0085347643,0.0097360879,0.0066789566,0.010164149,0.0097360879,0.0081350025,0.0081350025,0.008174967,0.0100154573,0.00843774,0.0079728017,0.0083147872,0.0080999101,0.0096341497,0.0075368431,0.0075083229,0.0128162321,0.0169561252,0.0178723786,0.0172388085,0.0179101446,0.0169908877,0.0180270092,0.0171278599,0.0174220793,0.0147532411,0.0146487703,0.0145837189,0.0147828988,0.0134255847,0.0063689465,0.0126533181,0.0125458222,0.0137283745,0.014250257,0.0141704287,0.0149130675,0.0176300556,0.0174561827,0.0107702252,0.0106500328,0.0125664439,0.0129358585,0.0118892321,0.011836884,0.0118988986,0.0145936257,0.0148499826,0.0145338799,0.0165883312,0.0146064085,0.0150766981,0.0146619912,0.0140151113,0.0146156113,0.0132445639,0.0130940111,0.0117072551,0.0059343334,0.0048166684,0.0054147386,0.011294853,0.01113693,0.0115775636,0.0108455203,0.0111947419,0.0141373224,0.0122313738,0.013189128,0.0134740856,0.0149176216,0.0158555785,0.0091139052,0.0096759566,0.00912109,0.0123578606,0.0123345953,0.011662371,0.0111120773,0.0155973974,0.0146829294,0.014791819,0.0160342035,0.0153750299,0.015319341,0.0156251979,0.015418816,0.0150824431,0.0175564313,0.0154214875,0.0117262556,0.0153458792,0.0153074847,0.01564665,0.0063873945,0.0065372632,0.0128162321,0.0126663224,0.0126670926,0.0144225037,0.0126174599,0.0134994217,0.0094392532,0.0093992191,0.007382742,0.0120614695,0.0115673452
0.0158332172,0.0164780262,0.0057022188,0.0057127299,0.0057025209,0.0057942535,0.006338316,0.0085811662,0.0085811662,0.0097549071,0.0067078495,0.0101913252,0.0097549071,0.008186303,0.008186303,0.0082026967,0.0100884905,0.0084789308,0.0080755377,0.0083999926,0.0081734752,0.009663678,0.0079346139,0.0079036653,0.0128959669,0.0171419168,0.0177983009,0.0174699252,0.0178414884,0.0170667182,0.0179652245,0.0169897988,0.0173787648,0.0149789599,0.0148582189,0.0148109912,0.0150146127,0.01380707,0.0066720285,0.0126590387,0.0126318408,0.0131907946,0.0141460756,0.0136747745,0.0143409335,0.0178564623,0.0174021866,0.011135037,0.0110164266,0.0126823411,0.0130003842,0.0118456134,0.0122794318,0.0123357499,0.0146691165,0.015041113,0.0143271019,0.0167751908,0.0141639793,0.0146204224,0.0142052967,0.0136475509,0.0141720925,0.0135562915,0.0133762471,0.0119530655,0.0060846778,0.0046536502,0.0055016502,0.011923369,0.011504562,0.0116188273,0.0115517183,0.0119671773,0.0135325037,0.0120395086,0.0128126099,0.0129572217,0.0147524477,0.015810222,0.0094430134,0.0100366051,0.0094565405,0.0125186203,0.0121979655,0.0117329898,0.0113690245,0.0153024974,0.0145842245,0.014664971,0.0161289214,0.0149763012,0.0153885248,0.0155557852,0.0154902214,0.0151594395,0.0176107408,0.0154987783,0.01173832,0.015296388,0.0153821304,0.0156552811,0.0065348014,0.0066799327,0.0128959669,0.0127753738,0.0127615724,0.0143588606,0.012717403,0.0134749328,0.0097575474,0.009707737,0.0076629627,0.0123619582,0.0117066672
0.0157095644,0.016189763,0.0057392705,0.0057481052,0.0057389587,0.0058301337,0.0064233351,0.0086259731,0.0086259731,0.0097509037,0.0066856495,0.0101735759,0.0097509037,0.008233603,0.008233603,0.0082423606,0.0101074301,0.008520421,0.008054021,0.0083838363,0.0081716058,0.0096824724,0.0079235441,0.0077557962,0.013082346,0.0172862099,0.0177680391,0.017477828,0.0178099842,0.017206871,0.0180181918,0.0171703106,0.0175002599,0.0149068759,0.0147500405,0.0147000349,0.0149206169,0.0138035006,0.006699933,0.0128623012,0.012859111,0.0132475266,0.0140993477,0.0135177307,0.0142052072,0.0178039068,0.0176719339,0.0117656092,0.0116706551,0.0127744425,0.0132193704,0.0120999536,0.0125492012,0.0126318866,0.0142280019,0.0147490985,0.0140603547,0.0165150658,0.0147049898,0.0149988536,0.014738321,0.0140308752,0.0147149356,0.0133184311,0.0132340436,0.0121253821,0.00645534,0.0047509502,0.0055952884,0.0120412245,0.0113187509,0.0118983453,0.0113613641,0.01182343,0.0133944648,0.0120992564,0.0126533759,0.0128522655,0.0149288908,0.015806161,0.0094173335,0.0099606058,0.0094411071,0.0125841294,0.0122275238,0.0116940509,0.0118684453,0.0155779585,0.0145878071,0.0145652662,0.0158137887,0.0150589283,0.0155293734,0.0158793707,0.015643738,0.0152642624,0.0174094533,0.0156302193,0.0117654804,0.0156214693,0.0155400936,0.0158924089,0.0065533559,0.0066830587,0.013082346,0.0128908731,0.0128865426,0.0146841682,0.0128494453,0.0138418328,0.0097019078,0.0096509662,0.0078910967,0.0127357498,0.0122027804
0.0152497514,0.0160918584,0.0059701828,0.0059898856,0.0059717655,0.0060704488,0.0068037724,0.0087121214,0.0087121214,0.009866545,0.0067442769,0.0103053992,0.009866545,0.0083136242,0.0083136242,0.0082960756,0.0101767283,0.0086116395,0.0081201082,0.0084691151,0.0082716242,0.0097550547,0.0076538356,0.007434937,0.0133935205,0.0171443108,0.0176750885,0.0174726837,0.0177060413,0.0171564691,0.0178692677,0.0173906892,0.0175602378,0.0148695844,0.0147127823,0.0146332705,0.014856383,0.0136440195,0.0067123912,0.0131421875,0.0131232368,0.0132324802,0.0143245396,0.013292049,0.0139242511,0.0178800952,0.0176971375,0.0120179524,0.0118687691,0.0131403038,0.0135572177,0.0122000622,0.011980391,0.0120304486,0.0141702729,0.0146847875,0.0141003014,0.0163491694,0.0142136212,0.0144810879,0.0142590782,0.0136083865,0.0142470094,0.0134633368,0.0134222882,0.0127929233,0.006853346,0.0046673811,0.0055114026,0.0123499573,0.0117471274,0.0120638314,0.0117142573,0.0121859191,0.0133840281,0.0123898094,0.0129906413,0.0129735566,0.0149115202,0.0160272098,0.0094094061,0.0099730825,0.0094228998,0.0131643407,0.0125292316,0.0120673969,0.0123107059,0.0154151122,0.0145220205,0.0141346303,0.015338907,0.0144209674,0.0158160681,0.0158531104,0.015903057,0.01555015,0.0177565708,0.0159069097,0.0115654716,0.0156192972,0.0158340438,0.0157833382,0.006419903,0.0065349606,0.0133935205,0.0131664705,0.0131588149,0.0146949441,0.0131254476,0.0139984198,0.0096179082,0.0095680978,0.0075957054,0.0125690722,0.0119384368
0.0156020891,0.0163843731,0.006460761,0.0064964235,0.0064651561,0.0065709158,0.007408336,0.0086104122,0.0086104122,0.0099421983,0.0067145615,0.0104289115,0.0099421983,0.0081971747,0.0081971747,0.0081551844,0.0103748122,0.0085221129,0.0079676421,0.0083205768,0.0081284428,0.0098893608,0.0077532332,0.00743302,0.013435457,0.0171699368,0.0177741597,0.0174198758,0.017808791,0.0172272903,0.0180263965,0.0172463556,0.0176283674,0.0147407334,0.0146553389,0.0145696299,0.0147641466,0.0137549398,0.0065830728,0.0130744814,0.0130093891,0.0136849111,0.0142111203,0.013902109,0.0145928542,0.0178034141,0.0177805669,0.0115691744,0.0114650111,0.0130890458,0.0135858264,0.0121133271,0.0121618425,0.0121925884,0.0147704675,0.0149672051,0.0148219009,0.0164593245,0.0141462355,0.0143086611,0.0141763959,0.0134944855,0.0141612584,0.0136019523,0.0136284405,0.0123586424,0.0068641311,0.0049837302,0.0054477747,0.0119283841,0.0112516389,0.0127652018,0.0112476209,0.0116941292,0.0140128924,0.0128063875,0.0135222632,0.0135156014,0.015042919,0.015989335,0.0094874518,0.0098886587,0.0095043455,0.0128859223,0.012878125,0.0121437459,0.0118108764,0.0149649098,0.0144764841,0.0144574389,0.0159557155,0.0150663828,0.0158068738,0.015568578,0.0158821599,0.015498221,0.0177237391,0.0158823051,0.0117067231,0.0153278724,0.0158292731,0.0155814738,0.0063555533,0.0064646332,0.013435457,0.0132166403,0.0132067139,0.0147114479,0.0131694771,0.0138793965,0.0098113824,0.0097652282,0.007787633,0.0124007113,0.0118901287
0.0158177502,0.0166396558,0.0068050698,0.0068400059,0.0068076865,0.0069165309,0.0077700858,0.008594854,0.008594854,0.0099595262,0.0068504721,0.0104369853,0.0099595262,0.0081718804,0.0081718804,0.0081001575,0.0103653971,0.0085152186,0.0080459818,0.0083555832,0.0081316186,0.0098967742,0.00782684,0.0075573705,0.0136541363,0.0171647363,0.0178321891,0.0173516273,0.0178735509,0.0171962856,0.0181027189,0.0170561148,0.0175581592,0.0150825669,0.0149862793,0.0149214252,0.0151017807,0.0138770648,0.0064498559,0.0129560064,0.0129119065,0.0139552391,0.0142177808,0.0145646474,0.0152133912,0.0177955891,0.0178843738,0.0112084002,0.0111198196,0.013307571,0.0137874419,0.0120573794,0.0116607627,0.0117320467,0.0147225571,0.014612621,0.0148321196,0.01674943,0.0148125134,0.0148832752,0.0148652953,0.0142238162,0.0148324606,0.0137541655,0.0137865342,0.0123235398,0.0068326393,0.0051563658,0.0054077054,0.0118232092,0.0115915363,0.0122878264,0.0114412426,0.0117811599,0.0144228307,0.0128737433,0.0137244377,0.013795178,0.0153420974,0.0158271148,0.0092106464,0.0096637825,0.0092309665,0.0130302461,0.0130536773,0.012529394,0.0114242085,0.0152846412,0.0147526182,0.0150364551,0.0164100454,0.0156160203,0.0155290981,0.0154566071,0.0156127147,0.0152587627,0.0175214773,0.0156162356,0.0118805821,0.0152312613,0.0155536321,0.0154211696,0.0062642997,0.0063704434,0.0136541363,0.0134701613,0.0134640648,0.0151764342,0.0134232419,0.0142944314,0.0095706325,0.0095315783,0.0078121256,0.0124164127,0.0119012676
0.0159648936,0.0167894464,0.0070504539,0.0070716733,0.007046008,0.0071619782,0.0080175032,0.0085934386,0.0085934386,0.0100772622,0.0069369684,0.0105276448,0.0100772622,0.0081565448,0.0081565448,0.0079747677,0.0104224788,0.0085266337,0.0079535691,0.0082837309,0.008081433,0.0100095428,0.0079180622,0.007707274,0.0134594338,0.0171533776,0.0178092727,0.0173032345,0.0178561207,0.0171993082,0.0180447832,0.0172287624,0.017543027,0.0151489276,0.0150580095,0.0149956304,0.0151455075,0.0132448672,0.0063830893,0.0127887714,0.0127547089,0.0138394596,0.0145246519,0.0143214874,0.0149291797,0.0180140193,0.0179377082,0.0116009339,0.011493754,0.0131973971,0.0135605922,0.0119323776,0.0113547082,0.0113664283,0.0146163609,0.0149377929,0.0146857075,0.0169201498,0.0150367936,0.015101638,0.0150210533,0.014177513,0.0150333179,0.013519179,0.0133336235,0.0124571491,0.0067422094,0.0054205157,0.0054882108,0.0118414172,0.0113817922,0.0122245655,0.0113177846,0.0116999672,0.0141908762,0.012555195,0.0134641526,0.0135286554,0.0150186922,0.0158230964,0.0092737295,0.0097068157,0.0092939566,0.0130667082,0.0129202387,0.0122451728,0.0118077985,0.0155677957,0.014760711,0.0150328443,0.0165549491,0.0154114401,0.0151858464,0.015710729,0.0152680283,0.0149538394,0.0178518151,0.0152769457,0.0118806901,0.0154312519,0.0152063443,0.0158770769,0.0065545115,0.0066962955,0.0134594338,0.0133442783,0.0133176436,0.0150967498,0.0132795429,0.0141850874,0.0093814629,0.0093396198,0.0072655413,0.0118758922,0.0116239804
0.0162294872,0.0170392899,0.007129462,0.0071569335,0.0071262926,0.0072469113,0.0079229835,0.0087130382,0.0087130382,0.0101855896,0.0066643021,0.0106166743,0.0101855896,0.0082912542,0.0082912542,0.0080670847,0.0104539972,0.0086333146,0.0081239056,0.0084700847,0.0082646153,0.0101153549,0.007837878,0.0078332585,0.0134759993,0.0172122806,0.0177240979,0.0173011751,0.0177558674,0.0172124403,0.0179694979,0.0173837632,0.0176974257,0.0150146167,0.0149171938,0.0149159764,0.0150362347,0.0134038406,0.0065903412,0.0125676323,0.0125189844,0.0138609556,0.0146016226,0.014242916,0.0149392452,0.0182066878,0.0181493767,0.0115618146,0.0114507868,0.013137041,0.0135654597,0.0116208257,0.0115301483,0.0115101906,0.0151798462,0.0152919018,0.0150569594,0.0173988059,0.0146905341,0.0148100361,0.0146794056,0.0139457743,0.0146828576,0.013943306,0.0136470851,0.0124657389,0.0065916905,0.0055692584,0.0056428445,0.0119571299,0.0109666681,0.0123498908,0.0110890215,0.0115882563,0.0141667729,0.0124385951,0.0134593459,0.0136032625,0.0150230865,0.0161733983,0.0094724271,0.0099720563,0.0094939618,0.0129413841,0.012696266,0.0119080826,0.0117823618,0.0153884056,0.0145000841,0.0148031965,0.0165293705,0.0155068177,0.0152755226,0.0158625052,0.0153736941,0.0149803059,0.018003501,0.0153587441,0.0119163247,0.0155735837,0.0152916448,0.0160491274,0.0068858182,0.0070337828,0.0134759993,0.0133726368,0.013353423,0.0150621403,0.0133151848,0.0141816966,0.0095450632,0.0095090632,0.0074734347,0.0116982108,0.0114379212
0.0166775606,0.0172637967,0.0071725229,0.0072342424,0.0071834174,0.0072964611,0.0080320938,0.0087501151,0.0087501151,0.0102043964,0.0065806818,0.0106520519,0.0102043964,0.0083368221,0.0083368221,0.0081778485,0.0104368165,0.008659779,0.0081954103,0.0085370151,0.0083184783,0.0101591464,0.0076868028,0.0074304667,0.0136582528,0.0171613882,0.0178117174,0.0173032069,0.0178463722,0.0169524563,0.0180260611,0.0176538965,0.0176330167,0.0153787257,0.0152339563,0.0152093827,0.0154026868,0.0137097328,0.0067334639,0.0127618029,0.0127259808,0.0138906153,0.0147321405,0.0145047049,0.0152584827,0.0184829023,0.0182440523,0.0117619542,0.01165065,0.0132693778,0.0138150361,0.0119909139,0.0120607724,0.0120608183,0.0156021432,0.015773846,0.0153654779,0.0176825683,0.0148348306,0.0150207813,0.0148443035,0.0141536375,0.0148290202,0.0140579564,0.0139298322,0.012610541,0.0065750757,0.0055625547,0.0057621228,0.0120109847,0.0112543799,0.0123803389,0.0112937202,0.0117733181,0.0143175806,0.0127299868,0.013674198,0.0136419639,0.0151891106,0.016381846,0.0093723492,0.0099230457,0.0093863103,0.0131539174,0.012875082,0.0120522139,0.0119948688,0.0154654827,0.0147810667,0.0151312875,0.0168435037,0.016015971,0.0157428752,0.0159221272,0.0158378148,0.015454828,0.0181555522,0.0158302815,0.0118214183,0.015640337,0.0157668696,0.0160683238,0.0068260125,0.0069634195,0.0136582528,0.0134440118,0.013432534,0.0151408319,0.0133961604,0.0142564236,0.0094687241,0.009429554,0.0075277832,0.0121708356,0.0118452557
0.016736074,0.0174214372,0.0070688476,0.0071399545,0.0070864524,0.0071918768,0.0079020837,0.0086984028,0.0086984028,0.0101776139,0.0066164368,0.0106317035,0.0101776139,0.0082862952,0.0082862952,0.0081346507,0.0104434118,0.0086034486,0.0081692243,0.0084667195,0.0082250757,0.0101155611,0.0080328344,0.0075810323,0.0141970896,0.0173392861,0.0178137556,0.0176017063,0.017846725,0.0171049778,0.0180781403,0.0177266528,0.0176887931,0.0155010625,0.0153909146,0.0153551097,0.0155267646,0.0145208747,0.0065552969,0.0135688865,0.0135381455,0.0140718952,0.0147373406,0.0145118285,0.015132607,0.0186245712,0.0183768559,0.0121325236,0.0119967827,0.0137907452,0.0143663715,0.0124348229,0.0125633594,0.0125795733,0.0156638434,0.0159389816,0.0156415386,0.0175746872,0.0151689181,0.0152802202,0.015180332,0.0144530785,0.0151683299,0.0145731816,0.0146179851,0.0132569938,0.0067491365,0.0054396973,0.005668175,0.0126079958,0.0116384236,0.0125327722,0.011625516,0.0121433591,0.0143036514,0.0129373042,0.0137051875,0.0136882563,0.0150540913,0.0163775559,0.0092358973,0.009820166,0.0092504209,0.0136613764,0.0132339028,0.0123738202,0.0125911861,0.0157520139,0.0149395972,0.0153758722,0.0169957101,0.0160520198,0.0158071101,0.015823192,0.0159174622,0.0155040226,0.0179779212,0.0159008816,0.0118745295,0.0155604156,0.0158296024,0.0158766761,0.006552524,0.0066790719,0.0141970896,0.0139590757,0.0139640722,0.0157482535,0.0139319639,0.0149305341,0.0093737847,0.0093242049,0.0074302841,0.0129722434,0.0124324781
0.0166761632,0.0174470993,0.007140284,0.0072223708,0.007157916,0.0072708674,0.0081435431,0.0087162512,0.0087162512,0.0101745915,0.0066456616,0.0105989894,0.0101745915,0.0082999818,0.0082999818,0.0081001978,0.0103746825,0.0086254172,0.008194429,0.0084950762,0.0082593262,0.0100856186,0.0078154424,0.0074530639,0.0144338111,0.0175495694,0.0179076972,0.0179213035,0.0179359271,0.0174638708,0.0181894354,0.0175779584,0.0178631208,0.0155411514,0.0153903174,0.0153350222,0.0155461375,0.0144583424,0.0063513945,0.0139954195,0.0139339042,0.0150569396,0.0144639125,0.0150143715,0.0157314903,0.018354475,0.018145093,0.0125897188,0.0124525569,0.0140743743,0.0145693792,0.0130091049,0.0122561222,0.0122739778,0.0157108771,0.0160315076,0.0161234548,0.0171348646,0.0154071604,0.0153935736,0.0154335333,0.0146661577,0.0154218,0.0146366695,0.0146431931,0.0136364743,0.0070447896,0.0051620228,0.0053891109,0.0130751056,0.0121964146,0.0131774819,0.0122515194,0.0126812049,0.0149927875,0.013437407,0.0142838139,0.0145442605,0.0146939417,0.0164544118,0.0092243123,0.0098198832,0.0092345012,0.0141077403,0.0134928764,0.0129616813,0.0127950236,0.0157987326,0.0149821958,0.0154490917,0.017093825,0.0162463278,0.0155734931,0.0157574167,0.0157012965,0.0153101611,0.0179123375,0.0156935972,0.0114652563,0.0154610236,0.0155966139,0.0158612139,0.0064108347,0.0065400542,0.0144338111,0.0142593459,0.0142523125,0.0159095924,0.0142168438,0.0150674035,0.0093595929,0.0093225366,0.0074443339,0.0132208486,0.0126975604
0.0166865695,0.0170555861,0.0076491262,0.0077532603,0.007674245,0.0077976644,0.008783845,0.0087730072,0.0087730072,0.0102961099,0.006941646,0.0107155044,0.0102961099,0.0083776627,0.0083776627,0.008171862,0.0105201252,0.0086588939,0.008287103,0.0085945641,0.008353303,0.0102274502,0.0076486429,0.0074963186,0.0142123432,0.0175506217,0.0179274411,0.0180618932,0.0179456731,0.017526955,0.0181902696,0.0176318509,0.0179137467,0.0156640794,0.0155606884,0.0155042849,0.0156696655,0.0137344389,0.0063811457,0.0132714979,0.0132161257,0.0148328877,0.0141946278,0.0149912745,0.0157303912,0.0181914965,0.0180224792,0.0124331537,0.0123002356,0.013777019,0.0143228988,0.0124624148,0.0125844264,0.0125852723,0.0150445577,0.0155609625,0.0155521924,0.0172826098,0.0156969537,0.015797771,0.0156820412,0.0148588697,0.0157065641,0.014370382,0.0143099542,0.0133072572,0.0071211047,0.0054595599,0.0053555516,0.0129938453,0.011991944,0.0135471854,0.0122783662,0.0127296884,0.0149973287,0.0131657273,0.0142533384,0.0144020155,0.0143325285,0.015804573,0.0088228905,0.0094865599,0.0088245065,0.0138191176,0.0134320571,0.0128408988,0.0126440912,0.0161569759,0.0154321946,0.0155421821,0.0167910736,0.0161147104,0.0153941674,0.0156748174,0.0155228604,0.0151667472,0.0179862736,0.0155217118,0.0113319132,0.0153755111,0.0154104382,0.0158753993,0.0061898443,0.0063007082,0.0142123432,0.0140576668,0.0140357502,0.0160857078,0.014011646,0.015091355,0.0092025815,0.0091561085,0.0073912217,0.0125670709,0.0121010646
0.0166152094,0.0170172899,0.0082754886,0.0084074545,0.0083238934,0.0084395295,0.0092172913,0.0086211176,0.0086211176,0.0104486676,0.0069805051,0.0109183981,0.0104486676,0.0081777891,0.0081777891,0.0079064745,0.0107594946,0.0085548571,0.0078793377,0.008227371,0.0080454398,0.0104345599,0.0078851337,0.00751634,0.013815436,0.017643879,0.017907695,0.0180229082,0.0179397221,0.0176950006,0.0181597207,0.0174319283,0.0180168595,0.015541679,0.0154098242,0.0153432339,0.0155518408,0.0138712462,0.0065022927,0.0129127142,0.0128311413,0.0138620637,0.0144685879,0.0142214346,0.0149589269,0.0181599774,0.0178166573,0.0123186783,0.0122227547,0.0134330346,0.0138934457,0.0120764845,0.012277592,0.0122317421,0.0154428712,0.0157217823,0.0156040455,0.0173508566,0.0154938617,0.0156412484,0.0154849499,0.0146270971,0.015508579,0.0143524108,0.0142875455,0.012788345,0.0070575601,0.0060108363,0.0053484266,0.0129903471,0.0119037561,0.0132174009,0.0121334408,0.0125892637,0.0140114144,0.0125958172,0.0132955429,0.013448029,0.0145677698,0.0157971913,0.0090109634,0.0095601002,0.0090335898,0.0132529054,0.0128664026,0.0124623033,0.0123896241,0.0159377735,0.0150766971,0.0151371075,0.0168044198,0.0157972156,0.0153780379,0.0155392511,0.0155069052,0.0151653372,0.0177929497,0.0155124781,0.0114775351,0.0152755767,0.0153761441,0.0157092885,0.00659964,0.0067208434,0.013815436,0.0137324297,0.0136888255,0.0157707686,0.0136707762,0.0145310346,0.0093542078,0.0093033544,0.0071853078,0.0123046024,0.01190944
0.0166493543,0.0168810189,0.0088754731,0.0089792717,0.0089072627,0.0090367967,0.0098134252,0.0085896046,0.0085896046,0.0105134886,0.0068137691,0.0110213587,0.0105134886,0.0081143004,0.0081143004,0.0077380247,0.0108646587,0.0085549427,0.0077829254,0.008126383,0.0079602177,0.0105081143,0.0082544308,0.0078914703,0.0133720721,0.0176068464,0.0178256415,0.0179806345,0.0178653971,0.0176235575,0.0181537554,0.0176503526,0.0180825346,0.0153502464,0.0152392297,0.0152233998,0.0153817089,0.0144872217,0.006316496,0.0136304141,0.013551453,0.0140956936,0.0146779384,0.0141191714,0.0149672651,0.0182449904,0.0179808356,0.0122200825,0.0120937034,0.0130876735,0.0134422734,0.0123792047,0.0128615669,0.0128195564,0.015310471,0.0157866613,0.0155296773,0.0174529905,0.0150642193,0.0154662755,0.0151090901,0.0145043144,0.0150516783,0.0148283759,0.0147976488,0.012872686,0.0072711009,0.0069025545,0.0053543775,0.0129075422,0.0118373179,0.0127324693,0.0120626908,0.0125571707,0.0139758276,0.0126703179,0.0132601776,0.0135476568,0.0145863523,0.0160298162,0.0095148309,0.0100406108,0.0095436983,0.0130932464,0.0127049589,0.0120851637,0.0124903033,0.0157570526,0.0149657491,0.0152586415,0.0169745592,0.0160602148,0.0153951078,0.0155967474,0.0155136391,0.0151891689,0.0177740647,0.0155254745,0.0112955995,0.0153337301,0.0153853182,0.0156211217,0.0070332203,0.0071299509,0.0133720721,0.0133172644,0.0132950033,0.0153389936,0.01327467,0.0142120019,0.0099183407,0.0098526233,0.0075112774,0.012832419,0.0124871245
0.0167103097,0.0171887757,0.0090923356,0.0091774891,0.0091083231,0.0092530391,0.0100097085,0.0086226163,0.0086226163,0.0104929615,0.0066781455,0.0109844004,0.0104929615,0.0081526177,0.0081526177,0.0077125441,0.0108555247,0.0085813872,0.0076796309,0.0080956469,0.0079792469,0.0104860039,0.0086005662,0.0084094176,0.013611602,0.0176041227,0.0178599026,0.0178715047,0.0178915131,0.0177112804,0.018170161,0.0177250748,0.018119045,0.0154579388,0.015405786,0.0154249693,0.0154917547,0.0149077202,0.0063295669,0.0143912091,0.0142883153,0.0151849186,0.0144781389,0.0151121984,0.0158776484,0.0184455229,0.0182331368,0.0125430707,0.0124096193,0.0134172047,0.0136726144,0.0131345144,0.0133225118,0.0133424688,0.0154963826,0.0157756306,0.0158498945,0.0174359285,0.0150385283,0.0154963318,0.0150885978,0.0145775144,0.0150287658,0.0147636868,0.0147634618,0.0130647311,0.0077921828,0.0075069587,0.0051924483,0.0129895874,0.0121887491,0.0128383054,0.012300829,0.0127758874,0.015055104,0.0135995769,0.0144464533,0.0147171276,0.0146223917,0.0159273424,0.0097316476,0.0103550087,0.0097501448,0.0133242186,0.0135284547,0.012691538,0.0127957901,0.015883345,0.0154166158,0.0158975013,0.0173071535,0.0165249841,0.0152678931,0.0153988472,0.0153516688,0.0149619021,0.0174735729,0.0153459618,0.0114066778,0.015124791,0.0152757604,0.0155310931,0.0074707259,0.0075514356,0.013611602,0.0135871624,0.0135548658,0.0154497047,0.0135267255,0.0141712353,0.0101738948,0.0100905309,0.0076716899,0.0136156521,0.0131601417
0.0169879438,0.0173159854,0.0092619556,0.0093465431,0.0092726528,0.0094252681,0.0103019292,0.0087048023,0.0087048023,0.010452512,0.0066581891,0.0109621564,0.010452512,0.0082644932,0.0082644932,0.0078164231,0.0109186391,0.0086352572,0.007967621,0.0083462092,0.0081756224,0.0103862495,0.0085531153,0.0083187785,0.0144240123,0.0176112227,0.0178068728,0.0177945603,0.0178239304,0.0177529776,0.0180859721,0.0178850061,0.0181388248,0.0158561699,0.0157794033,0.0157989408,0.0158817589,0.0146886736,0.0066531535,0.0144926167,0.0143730882,0.0157455992,0.0144935216,0.0160048026,0.0166550728,0.0186463243,0.0182669042,0.0130572464,0.0129049589,0.0142819346,0.0145153116,0.0132611498,0.0128227903,0.0128484014,0.0156763389,0.015660091,0.0162154604,0.017671966,0.0156004248,0.0158146526,0.0156628762,0.0149332096,0.0156139575,0.0147902049,0.014387966,0.0139063526,0.0079253986,0.0073370391,0.0052052655,0.0133420902,0.0125574283,0.0129837353,0.0125751672,0.0130272978,0.0159000082,0.0139714839,0.0152724853,0.0154141443,0.0144140597,0.0156792812,0.009612253,0.0102167995,0.0096230905,0.0142645686,0.0140998395,0.0133566665,0.0132936054,0.0160099235,0.0154486533,0.0163140714,0.0174489326,0.016919734,0.0150367091,0.0153359278,0.0151269549,0.0147211049,0.0176382563,0.0151159319,0.0114613903,0.0150365076,0.0150561889,0.0155776118,0.0076522799,0.0077567514,0.0144240123,0.0143666936,0.0143242575,0.0162078484,0.0143084873,0.0151332797,0.0101343759,0.0100608266,0.0078438023,0.0135660257,0.0130636118
0.0169797802,0.0172481267,0.0091795924,0.0092635674,0.0091936424,0.0093381986,0.0100797125,0.0087809358,0.0087809358,0.0104584421,0.0068652143,0.0109286122,0.0104584421,0.0083523816,0.0083523816,0.007950108,0.0108207698,0.0086983018,0.0081849483,0.0085232601,0.00831704,0.0103756657,0.0085869153,0.0083744452,0.0143225742,0.0177349005,0.0176737887,0.0181340985,0.0176839019,0.0177891561,0.0179265616,0.0180937443,0.0180831859,0.0159456283,0.0158707179,0.0158906901,0.0159438339,0.0146029615,0.0064624229,0.013692874,0.0135766392,0.0154614992,0.0143262101,0.0159144283,0.0166242269,0.0185842017,0.0181801101,0.0123453422,0.0121829186,0.0139114012,0.0144140103,0.0123845137,0.0126127344,0.0125539094,0.0157490101,0.015691567,0.0161231024,0.0176741809,0.0160424741,0.0160038325,0.0160874665,0.0152684019,0.0160774117,0.0148071434,0.014698674,0.0131920457,0.0078337063,0.0069207545,0.0055452934,0.0125118068,0.0114221117,0.0137856686,0.0116565394,0.0121752999,0.0156949374,0.0130371429,0.0147634367,0.0149899054,0.0142897663,0.0156483955,0.0097144754,0.0103393275,0.0097228677,0.0137435839,0.0136980137,0.0125684505,0.01255982,0.0161047186,0.0154062006,0.0163136936,0.017515442,0.0169335101,0.0153965337,0.0155516421,0.0155139601,0.0150611524,0.0177423177,0.0154867746,0.0115329906,0.015282701,0.0154118636,0.0156259066,0.0072723209,0.0073856861,0.0143225742,0.0141887818,0.0141949874,0.0167028186,0.0141682443,0.0154761881,0.0101654018,0.0101032671,0.007618542,0.0128061893,0.0124811816
0.0170742238,0.0172630036,0.0091286827,0.0092100639,0.0091410153,0.0092815334,0.0100903591,0.0088493608,0.0088493608,0.0104468719,0.0070005351,0.0108964809,0.0104468719,0.0084434358,0.0084434358,0.0080888059,0.010774933,0.0087438282,0.0082613795,0.0086089615,0.0084059219,0.010370183,0.0087337785,0.008478766,0.0132093302,0.0178864219,0.0177664136,0.018422067,0.0177937268,0.0177507337,0.0180916552,0.0181283622,0.0180843045,0.0162467275,0.0161324476,0.0161210816,0.0162445025,0.0147440682,0.006219075,0.0133537731,0.0133392071,0.0142838469,0.0145104794,0.0151371101,0.0157507712,0.0185182905,0.0183819606,0.0111623712,0.0110244927,0.0127697872,0.0132781948,0.0119826073,0.0128334474,0.0127928259,0.0155065356,0.0155892537,0.0158547634,0.0174964981,0.0160520927,0.0160921788,0.0160474754,0.0150999441,0.0160933309,0.0146128307,0.0146295648,0.0119828164,0.0076202361,0.0066714212,0.0056904899,0.0116616309,0.0110407448,0.0130112846,0.0112809059,0.0116731025,0.0146494754,0.0122648719,0.0136287948,0.0138659698,0.0142920648,0.0158443196,0.009809215,0.0105110837,0.0098220414,0.0124707115,0.0126586774,0.0116872677,0.0112243469,0.0165633358,0.0156654455,0.0162480038,0.0173398689,0.0166771932,0.0152349516,0.0153022801,0.0153359905,0.0149212648,0.0178676856,0.015325271,0.0112948356,0.0150377738,0.0152512599,0.0153795905,0.0072616722,0.0073649744,0.0132093302,0.0131015087,0.0131277038,0.0161574427,0.0130868656,0.0146897524,0.0102035372,0.0101351497,0.0074978594,0.0126441259,0.0121208648
0.0171070399,0.0172567094,0.0085669813,0.0086560757,0.0085859264,0.0087134542,0.0094454729,0.0089889964,0.0089889964,0.0103938818,0.0073343915,0.0108539061,0.0103938818,0.0086149985,0.0086149985,0.0083811346,0.0107872235,0.0088512137,0.0084801512,0.008783479,0.0085517957,0.0103249735,0.0088574306,0.0084785493,0.0135587127,0.0180139897,0.0177721689,0.018446778,0.0177980217,0.0177850585,0.0180387342,0.0183227502,0.018027437,0.0162694655,0.0161811134,0.0161605391,0.0162693759,0.0145339511,0.0064376827,0.013955017,0.0139192365,0.0146909189,0.0143919177,0.0148752162,0.0155218863,0.0186826205,0.0183569406,0.0113768065,0.0112240301,0.0131859238,0.0137260537,0.0123076412,0.0127149927,0.012695242,0.0153157365,0.0155315122,0.0157297531,0.017500126,0.0158751544,0.0159223787,0.0158579169,0.0149890342,0.0158983079,0.0140696205,0.0140664497,0.0124449933,0.0075739896,0.0066145165,0.0059133631,0.0121759384,0.0113290891,0.0118296782,0.0115007863,0.0118635169,0.0147024168,0.0127937641,0.0140435134,0.0141391384,0.0145460233,0.0159328629,0.0100700422,0.0107154367,0.0100845964,0.0128427488,0.0130483536,0.012041887,0.0115512689,0.0162573259,0.015677162,0.0161957037,0.017214524,0.0164953344,0.0153994747,0.015389399,0.0155461754,0.0152087747,0.0181310997,0.0155681004,0.0115058684,0.0151138803,0.0154243844,0.0153741782,0.0072231854,0.0073223757,0.0135587127,0.0132901738,0.0133786148,0.0161195113,0.0133238474,0.01483158,0.0104608721,0.0103841186,0.0076003096,0.013131665,0.0125981219
0.0169102523,0.017083562,0.0085872698,0.0086842219,0.0086107643,0.0087373886,0.0093538302,0.0090753917,0.0090753917,0.0105247264,0.0075859174,0.0109720632,0.0105247264,0.0087298966,0.0087298966,0.0085212639,0.0108221327,0.0089094993,0.0086210799,0.0089346403,0.0087103889,0.0104609716,0.0085984719,0.0082040559,0.0141447787,0.0181328148,0.0177628967,0.0184501057,0.0177687835,0.0178839974,0.0180195682,0.0183076509,0.0181751523,0.0161707481,0.0160649974,0.016038312,0.0161587356,0.0147375877,0.0065589469,0.0141673301,0.014104194,0.0151892682,0.0140552752,0.0153075967,0.0158723731,0.018473387,0.0182829815,0.0123107731,0.0121562849,0.0138002141,0.0142679967,0.0127009683,0.0129927696,0.0129599877,0.0149910738,0.0151324252,0.0157055717,0.0175178835,0.0159208453,0.0159397807,0.0159241731,0.0150649467,0.0159477696,0.0140047933,0.0141778981,0.0132774974,0.0077275135,0.0066602632,0.0060691882,0.0126802926,0.0117414863,0.0122981696,0.0119724467,0.0123091467,0.0152895578,0.0132446293,0.0145658904,0.0147797835,0.014480221,0.0155812911,0.0098582216,0.0105743354,0.009871941,0.0136024474,0.0134101481,0.0126081509,0.0126019919,0.0161219988,0.0155961904,0.0160454648,0.0171137544,0.0163078731,0.0153894613,0.0150719169,0.0154530155,0.0150402571,0.0178415696,0.0154592752,0.0117363822,0.0147838266,0.0154270759,0.0151430162,0.0069639552,0.0070693878,0.0141447787,0.0139618877,0.0140245974,0.0164403224,0.0139685384,0.0153173599,0.010318382,0.0102503327,0.0077627326,0.013366803,0.0128768634
0.0165858437,0.0165288035,0.0086221997,0.0086987545,0.0086389365,0.008766517,0.0096907566,0.009007887,0.009007887,0.0106631662,0.0072933322,0.0111325002,0.0106631662,0.0086480933,0.0086480933,0.0084018301,0.0109736308,0.0088550363,0.0084162051,0.0087936884,0.0086066572,0.0106381551,0.0089310379,0.0084742844,0.0146083771,0.0180733896,0.0179019681,0.0183736722,0.0179201049,0.0179503264,0.018133041,0.0182449722,0.0181585896,0.0160348729,0.0159309014,0.0158603396,0.0160063243,0.0145970097,0.0064421045,0.0142510514,0.0142068889,0.0152589792,0.013653916,0.015148175,0.0156419202,0.0182183903,0.0179634222,0.0125679736,0.012403375,0.0144080341,0.0147217965,0.0132199021,0.013056182,0.0129593083,0.0147085083,0.0148461313,0.0155398958,0.0170077827,0.0155795396,0.0157989438,0.015602707,0.0149637389,0.0155767917,0.0139781632,0.0141388674,0.0138043563,0.007888942,0.0067145412,0.0059643537,0.013129259,0.0123894591,0.0131552835,0.012604982,0.01299565,0.0152172625,0.0138278354,0.0147246021,0.0148465743,0.0140238702,0.0149902514,0.0095244981,0.0102843016,0.0095329801,0.0142033716,0.0138609951,0.0132056243,0.0128027334,0.016081516,0.0155482424,0.0159200459,0.0165870479,0.0160622188,0.0151060959,0.0150888368,0.0152167167,0.0148382542,0.0176238118,0.0152188285,0.0119029007,0.0148060882,0.0151292597,0.0151046882,0.0068559177,0.0069593629,0.0146083771,0.0144808667,0.014482723,0.0162402,0.0144531528,0.0151640014,0.009968396,0.0098988058,0.0070638106,0.0133031056,0.013105241
0.0164231862,0.0164770292,0.0088368249,0.0088917763,0.0088425075,0.0089779464,0.0098258832,0.0088867042,0.0088867042,0.0106917049,0.0069358855,0.0111670813,0.0106917049,0.0084884223,0.0084884223,0.0081081438,0.011002625,0.0087723077,0.0081316382,0.0085593931,0.0084174014,0.0106588104,0.0087565651,0.0083134721,0.0144494728,0.0179374665,0.0179978061,0.0181890582,0.0180058137,0.0179557943,0.0182092748,0.0179187582,0.018158629,0.0158065116,0.0156984117,0.0156614749,0.0157957027,0.0144183473,0.0061404811,0.013868182,0.0138549049,0.0147876262,0.014143557,0.0150254797,0.0157263978,0.0181330091,0.0180547966,0.0130879242,0.0129134575,0.0142983839,0.0145658096,0.0129630332,0.0130942292,0.0130224257,0.0148771917,0.0150146605,0.0151049382,0.0168929375,0.0156208533,0.0159091693,0.0156567325,0.0149551749,0.0156169214,0.0143732229,0.014520466,0.0139901124,0.0080311582,0.0067479945,0.0056878979,0.013654579,0.0125811117,0.0136640368,0.0129467311,0.0134422943,0.0148197436,0.0137371999,0.0142920027,0.0143511776,0.0142829487,0.0151076896,0.0096305597,0.0101937167,0.0096608848,0.0141630395,0.0139034443,0.0133289235,0.0132715846,0.0163005936,0.0155057346,0.0158942991,0.0165995771,0.0160938862,0.0151272618,0.0148297771,0.015245375,0.0148557896,0.017538884,0.0152325473,0.01205095,0.0145609986,0.0151582458,0.0148781604,0.0070300964,0.0071300429,0.0144494728,0.0143158256,0.0143287672,0.0161362839,0.014283352,0.0151652526,0.0101087903,0.0100410382,0.0069562118,0.0131792146,0.0129741618
0.0166023852,0.0168969644,0.0089236724,0.0089367752,0.008905596,0.0090544287,0.010038303,0.0089004466,0.0089004466,0.0107334597,0.0066886799,0.011214648,0.0107334597,0.0084974216,0.0084974216,0.007999682,0.0110287709,0.0087868382,0.008191932,0.008600791,0.0084332056,0.0106873396,0.0087558085,0.0082328787,0.0147332469,0.0178529531,0.0177814913,0.0182287046,0.0177960344,0.0179311392,0.0180915768,0.0179537434,0.0183100177,0.0156427594,0.0155844872,0.0155975893,0.015647599,0.014748102,0.0060355433,0.0140496186,0.0140388894,0.0147370282,0.0149833179,0.0149323434,0.0155739719,0.0183684408,0.0182828915,0.012897933,0.0127214247,0.0145038233,0.0149083754,0.0133038254,0.0134594783,0.0134010221,0.0153393034,0.0153757144,0.0153059082,0.0172741422,0.0161623268,0.0162924289,0.0161997191,0.0152944629,0.0161952344,0.0144136484,0.0145820248,0.0139016941,0.0082787231,0.0067886931,0.0054755722,0.0134701885,0.0124581198,0.0139207895,0.0126746171,0.0131254018,0.0147165413,0.0135718969,0.0139926108,0.0142696039,0.0145730276,0.0156764325,0.0098769528,0.0105048452,0.0099142195,0.0143001414,0.0137850823,0.013203433,0.0130729323,0.0163834983,0.0155169719,0.016032665,0.0171010936,0.016302411,0.014928761,0.0148135179,0.0150307068,0.0146840623,0.0175057957,0.0150279443,0.0119725707,0.014538822,0.0149774429,0.014886804,0.006907596,0.0070017301,0.0147332469,0.0144833156,0.0145274309,0.0166832733,0.0144913948,0.0156851448,0.0105023028,0.0104363952,0.0071187896,0.0135014554,0.0132024117
0.016591291,0.0169788035,0.0092087316,0.0092686969,0.0092079886,0.0093589955,0.0103086608,0.0089164037,0.0089164037,0.0106311391,0.0068465231,0.011126162,0.0106311391,0.0085096766,0.0085096766,0.0080174037,0.0110025092,0.0088067995,0.0082142794,0.0085875828,0.0084105641,0.0105856162,0.0089469115,0.0086361664,0.0149117466,0.0179372278,0.0176993715,0.0183200723,0.0176978688,0.0179165069,0.017929507,0.0179646737,0.0182183299,0.0158163952,0.0157331993,0.0157271945,0.0158120278,0.0150450493,0.0062493261,0.0143766708,0.0143740535,0.0148428278,0.0149471945,0.01490055,0.0155811486,0.0185807507,0.0182175375,0.0129512174,0.0127913972,0.0146842868,0.0150941813,0.0135649931,0.0136341896,0.0135895264,0.0154621424,0.0154725966,0.0153620993,0.01750075,0.0160163271,0.0161452444,0.0160780445,0.0153178882,0.0160392208,0.0144951591,0.0147150903,0.0141991313,0.0085400122,0.0066433037,0.0055103071,0.0136753584,0.0130015848,0.0137510733,0.0131366174,0.013517389,0.0146352924,0.0137943028,0.0142010257,0.0143298424,0.0144117362,0.0156831841,0.0100645037,0.0105445766,0.0101162419,0.0146702958,0.0138400514,0.0133990653,0.0131100556,0.016449959,0.0158638966,0.0158917347,0.016918709,0.0161436153,0.0149097445,0.014793966,0.0150198007,0.0146925618,0.0176392341,0.0150243931,0.0116994049,0.0145098792,0.0149518098,0.0148156993,0.0069583302,0.0070516921,0.0149117466,0.0146536848,0.0146904563,0.0165901737,0.0146689229,0.0156976042,0.0107084113,0.0106395683,0.0072641974,0.0138063632,0.0136159271
0.0164586759,0.0167656453,0.0092891276,0.0093021505,0.0092639353,0.0094245477,0.0104724894,0.0088857133,0.0088857133,0.0105535202,0.006693559,0.0110288848,0.0105535202,0.0084566952,0.0084566952,0.0079123736,0.0109226049,0.0087978604,0.00799325,0.0084193049,0.0082902757,0.0104796597,0.0087728519,0.0082757728,0.0147148858,0.0178693198,0.0178255274,0.0182442657,0.0178241073,0.0178506976,0.0180417997,0.0179839434,0.0180526094,0.015777392,0.0156887497,0.0156616913,0.0157596261,0.0155219738,0.0063000832,0.0147247745,0.0147249266,0.0151373386,0.014457321,0.0150936962,0.0157476628,0.0186848294,0.0182195682,0.0135798893,0.013397808,0.0144937288,0.014876151,0.0137558594,0.013529062,0.0134802189,0.0154989245,0.0152906717,0.0156390009,0.0175400085,0.0160719184,0.0161246351,0.016115115,0.0152523656,0.0161106747,0.0150745474,0.0153161717,0.0145460997,0.0082649387,0.0065406917,0.0056611438,0.0140345726,0.0129859907,0.0140045424,0.013183324,0.0136805809,0.0149660573,0.0138384629,0.0145472858,0.0147397802,0.0141452287,0.0154633877,0.0102454459,0.0107993327,0.010292607,0.014688349,0.0139802046,0.0133216025,0.0136610976,0.0164124983,0.0157528879,0.0159799816,0.0169683675,0.0161876141,0.0148300308,0.0148460926,0.0149491662,0.0145738571,0.0177525419,0.0149374759,0.0116142565,0.0145716217,0.0148760196,0.0148792627,0.0069782936,0.0070798478,0.0147148858,0.0144849615,0.0144900546,0.0169120087,0.0144543462,0.0157165233,0.0108642195,0.0107759966,0.0071401111,0.0142371543,0.0139902349
0.0167161856,0.0168701648,0.0092065339,0.0092466186,0.0091984811,0.0093511929,0.0104536325,0.0088749396,0.0088749396,0.0104708375,0.0066432945,0.0109428021,0.0104708375,0.0084376785,0.0084376785,0.0078416257,0.0108961653,0.008792716,0.0080164111,0.0084250195,0.0082798695,0.0103608611,0.0090703089,0.0086411422,0.0150035486,0.0180185229,0.017727134,0.0184688438,0.017727816,0.018033734,0.0179531618,0.0179229625,0.018122793,0.0159179417,0.0158105778,0.0157925556,0.0159164132,0.0162600856,0.0065726547,0.0153231322,0.0152962016,0.0158960438,0.0144738898,0.0158063854,0.0165645493,0.0186631273,0.0182079411,0.0131889285,0.0129908848,0.0147042181,0.0151273841,0.0141201896,0.0135477502,0.0135123439,0.0158955203,0.0154820898,0.0161357481,0.0176967822,0.0163678556,0.0163460292,0.0163844792,0.0153838042,0.0164043403,0.015624871,0.0158879335,0.0144746028,0.0084797853,0.0067039452,0.0056084959,0.0135677987,0.0130187105,0.0144316844,0.0131211542,0.0133500445,0.0156443028,0.0141923209,0.0150660868,0.0153153021,0.0139412197,0.0155279016,0.010402809,0.010991016,0.0104570132,0.0146630486,0.0141990014,0.0134143938,0.0134480584,0.0164383083,0.0157275264,0.0161002417,0.0170769516,0.0166920634,0.0147106995,0.015115128,0.0148275995,0.0144090801,0.0177780537,0.0148019335,0.0114634391,0.0148195127,0.0147622912,0.0151930558,0.0070592929,0.0071789089,0.0150035486,0.0148395966,0.0148248861,0.0172282868,0.0147853021,0.0159711278,0.011061507,0.0109881854,0.0072968389,0.0145367676,0.0141031835
0.0170999142,0.0170823455,0.0095862653,0.0096791806,0.0096072146,0.0097523674,0.0107994764,0.0089484302,0.0089484302,0.0105143531,0.006945599,0.011000817,0.0105143531,0.0085565781,0.0085565781,0.0080675872,0.0109722149,0.0088217039,0.008263549,0.0086376115,0.0084512754,0.0104321594,0.0093975882,0.0089163924,0.0151405236,0.0181953771,0.0174800208,0.0185223771,0.017472284,0.0179978028,0.0176963222,0.0182124534,0.0181785111,0.0161852167,0.0160752813,0.0160864368,0.0162059542,0.0150863539,0.0064946813,0.0151114802,0.0150622733,0.0157806298,0.0143825198,0.0159454708,0.0167109736,0.0185316809,0.0181521205,0.0129675966,0.0127637035,0.014841257,0.0152666944,0.0136932299,0.01334514,0.0132953365,0.0156514684,0.0156917198,0.016320615,0.0176567309,0.0162546611,0.0164187806,0.0163239522,0.0155074959,0.0162917424,0.014386149,0.0144723503,0.014402366,0.0086013341,0.0071985309,0.0057417532,0.0134881209,0.0128577292,0.0143502841,0.0130814445,0.0133310688,0.0158030313,0.0141865465,0.0151360348,0.0154395507,0.0138659358,0.0155042378,0.0104672538,0.0111244274,0.0105190101,0.0146745625,0.0144279396,0.0137172653,0.0132401584,0.0164203264,0.0158409951,0.016218,0.017528651,0.0169239254,0.0146280927,0.014933851,0.0147583899,0.0143176913,0.0176490497,0.0147284531,0.0112435129,0.0146340441,0.0146711719,0.0150858816,0.0071164097,0.0072307549,0.0151405236,0.0149785535,0.0149576701,0.0172218848,0.0149303035,0.0159035695,0.0112006129,0.0111215775,0.0073596157,0.0141407427,0.0137743351
0.0170471578,0.0171309349,0.0100759497,0.0101573747,0.0100906052,0.0102441372,0.0112351573,0.0089896773,0.0089896773,0.0107411523,0.0069331189,0.0112522745,0.0107411523,0.0086065592,0.0086065592,0.0081341669,0.0111481808,0.0088538183,0.0083772037,0.0087472099,0.0085420148,0.0106879287,0.0091680497,0.0084537115,0.015346572,0.0180039054,0.0176294638,0.0184242797,0.0176096325,0.0180167936,0.0178207762,0.0181621373,0.0179920047,0.0161939429,0.0160626193,0.01606212,0.0162001242,0.014474803,0.0065471038,0.0148079613,0.0147818238,0.015732386,0.0140487426,0.0158804783,0.0166289012,0.0186339009,0.0182463175,0.0130632867,0.0128505103,0.0150735172,0.0155135089,0.0136044644,0.0134342801,0.0133838704,0.0148145814,0.0153375543,0.0161272731,0.017763971,0.0165418415,0.0166579082,0.0165617873,0.0155625908,0.0165806839,0.0140761557,0.0141322148,0.0144480443,0.0087454469,0.0077719273,0.0058446037,0.0134145116,0.0124564762,0.0142745271,0.012598429,0.0129643103,0.0157201158,0.0140696054,0.0150883922,0.0153149971,0.0138478835,0.0154586426,0.0104484162,0.0109372877,0.0104964238,0.0148530998,0.0143677207,0.0136016971,0.013358954,0.0167392686,0.0159409228,0.0163669359,0.0175930113,0.0169495932,0.0145320544,0.0149033204,0.0146468259,0.0142207231,0.0177100453,0.0146199773,0.0113672717,0.0145865023,0.0145719009,0.0150988127,0.0073942726,0.0075152538,0.015346572,0.0151119131,0.0150933881,0.0172693887,0.0150705957,0.0159973964,0.0110168273,0.0109289544,0.0072688724,0.013830096,0.013631571
0.0170162844,0.0171339441,0.0097438978,0.0097842998,0.0097379499,0.0098898269,0.0106783512,0.00902838,0.00902838,0.0107371856,0.007065578,0.0112516363,0.0107371856,0.0086438162,0.0086438162,0.0081162627,0.011122403,0.0088933377,0.0083642467,0.008736378,0.0085471925,0.0106899474,0.0090879353,0.0088366012,0.0148815439,0.0179886918,0.0176062634,0.0183816196,0.017587462,0.0178257849,0.0177852273,0.0180672356,0.0178180718,0.0163119904,0.0161791419,0.0161392078,0.0163070662,0.0141295295,0.0067356644,0.0143340413,0.0143259962,0.0155493703,0.0140437011,0.0157341113,0.0164310898,0.0185809906,0.0181566399,0.0129136169,0.012714171,0.0145558294,0.0150599815,0.0130931905,0.0126470351,0.0126523851,0.0148586678,0.015220708,0.0155634136,0.0177129059,0.0167424238,0.0168414863,0.0167815987,0.0159026752,0.0167590446,0.0140691018,0.0139843031,0.0140414217,0.008504829,0.0078579023,0.005989355,0.0131995502,0.0121465925,0.0142691776,0.01232273,0.0126755926,0.0155123071,0.0137466474,0.0149351398,0.015140121,0.0136855927,0.0152439789,0.010439928,0.0109586335,0.0104635668,0.0144596884,0.0140878891,0.0132564974,0.013120144,0.0168026183,0.0161770293,0.0162579002,0.0173396059,0.0167236024,0.0145914094,0.0150333031,0.0147026622,0.0142796302,0.017818774,0.0146724934,0.0114236816,0.0146938295,0.0146333837,0.0152772392,0.0077350686,0.0078602457,0.0148815439,0.0146114703,0.0146383377,0.017418253,0.0145955335,0.0160705523,0.0111550919,0.0110776578,0.0074261294,0.0134041601,0.0132464962
0.0167634528,0.0168633764,0.0093691019,0.0093902596,0.0093523728,0.0095081457,0.0105135658,0.0090613995,0.0090613995,0.010718521,0.0071632773,0.011241853,0.010718521,0.0086806578,0.0086806578,0.0081165106,0.0111471912,0.0089219641,0.0083902412,0.0087590787,0.0085683995,0.0106886002,0.0090233235,0.0087020755,0.0147625809,0.018034074,0.0177118385,0.0184776691,0.017710674,0.0179024337,0.0179242289,0.0182080621,0.0179251378,0.0162850524,0.0161698622,0.0160924163,0.0162453365,0.0139377917,0.0066697165,0.0136478792,0.0136112084,0.0149962976,0.0140713285,0.0154833233,0.0160629379,0.0186839771,0.0182717285,0.012955567,0.0127537122,0.0144521191,0.0149558469,0.0126340775,0.0124682111,0.0124186278,0.0148098327,0.015068048,0.015403159,0.0175480222,0.0168197448,0.0169606774,0.0168268344,0.0158955247,0.0168149483,0.0140100382,0.0139675611,0.0142517281,0.0082387936,0.0077623766,0.0059436377,0.0133117878,0.0124239656,0.0138614807,0.0126495795,0.0129703754,0.0152143455,0.0135717469,0.0146211282,0.0147212754,0.0136391417,0.0150407868,0.0103755703,0.0110449328,0.0104080148,0.0145043163,0.0138283483,0.0130766698,0.0132595809,0.0172339073,0.0162828406,0.0161405469,0.0172191403,0.0164242347,0.0144862118,0.0147644222,0.0145837083,0.0142202209,0.0176722438,0.0145713333,0.0115759167,0.0144344222,0.0145313258,0.0149233417,0.0079698255,0.0080779172,0.0147625809,0.0144714788,0.0145042657,0.0171711135,0.0144614552,0.0158791518,0.0111242398,0.0110263085,0.0078096814,0.0127183431,0.0126866049
0.0168931797,0.0170733867,0.0095278139,0.0095368757,0.0095028431,0.0096667292,0.0105448312,0.009065074,0.009065074,0.0106626504,0.0070237677,0.0111592032,0.0106626504,0.0086696156,0.0086696156,0.008018058,0.0110523073,0.0089375365,0.0083639094,0.0087506462,0.0085713775,0.0105853052,0.0090443875,0.0088366063,0.0146217011,0.0179707976,0.0180067983,0.0185401004,0.0180420858,0.0179660906,0.0182774128,0.0180933496,0.018026467,0.0163963115,0.0162590899,0.0161845712,0.0163798531,0.0145981825,0.006498234,0.0137122755,0.0136840734,0.0148692413,0.0143112144,0.0151925413,0.015789301,0.0186795339,0.0183328332,0.0124794344,0.0123122163,0.0142763629,0.0147998421,0.0126539934,0.0130443026,0.0130037568,0.0151964311,0.015378238,0.0154700804,0.0173948276,0.0167896726,0.0169213712,0.0168129809,0.015919899,0.0167938601,0.0146567325,0.0147423415,0.0136394851,0.0081477979,0.0077142045,0.0057606983,0.0129229122,0.0121548268,0.0141112948,0.0123206115,0.012694699,0.0148698351,0.0132809955,0.0142280552,0.0143886906,0.0138884637,0.0153056679,0.0102854268,0.0107490851,0.0103167976,0.0141127073,0.0136142573,0.0127999059,0.0128353913,0.0172393316,0.0161812712,0.0162218233,0.017065854,0.0164864019,0.0145466207,0.0149664248,0.0146396748,0.0143231526,0.0176186408,0.0146473026,0.0113473936,0.0146338769,0.0145878762,0.014995397,0.0077930591,0.00790415,0.0146217011,0.0143477365,0.0143897261,0.0172624483,0.014337367,0.0158763156,0.0112159858,0.0111095386,0.0078107886,0.0130921068,0.0127875561
0.0168488646,0.017387209,0.0094459353,0.0094510873,0.0094188894,0.0095814443,0.0105210318,0.0090172167,0.0090172167,0.0106331014,0.0068357722,0.0111282653,0.0106331014,0.0085992632,0.0085992632,0.0078891403,0.0110332632,0.0089115896,0.0081237139,0.0085733271,0.0084434368,0.0105280021,0.0092211172,0.0089815735,0.0147261405,0.0179796474,0.0178810932,0.0185098335,0.0179231536,0.0179673516,0.018232846,0.0180345537,0.0181049808,0.0161249384,0.0159849821,0.0159320238,0.0161278835,0.0145768896,0.0064660512,0.0144264993,0.0143941326,0.0151687995,0.014480191,0.0153729523,0.0160185703,0.0184053535,0.0182637229,0.0126671363,0.0124987759,0.0144638321,0.0149178349,0.0131756773,0.0128032653,0.0127887799,0.0153434167,0.015649482,0.0159248521,0.0175618167,0.0166702057,0.0169291828,0.016690744,0.0158566696,0.0166661286,0.0143478611,0.0143958493,0.0137913641,0.0082583735,0.0074144827,0.0054677841,0.0130568134,0.0126831266,0.0134685969,0.0128397933,0.013007228,0.0151595433,0.0136330196,0.0146209745,0.0148437335,0.0139586632,0.0154156007,0.0101320278,0.010682875,0.0101698361,0.0141898759,0.0137351856,0.013010171,0.0128876634,0.0171174342,0.0160975842,0.0161191981,0.0174263576,0.0165425139,0.0147999382,0.0150917236,0.0148920785,0.0145857625,0.0177202271,0.0149040208,0.0113179667,0.014769932,0.0148443028,0.0151395458,0.0077324728,0.007838454,0.0147261405,0.0144485717,0.0144453203,0.0169101016,0.0144182668,0.0156038634,0.0110449361,0.0109649104,0.0076176639,0.0136466459,0.01348965
0.0169616059,0.0174118281,0.0093365681,0.0093707806,0.0093229375,0.0094790459,0.0104422702,0.00899647,0.00899647,0.010681511,0.0067441033,0.0111909186,0.010681511,0.0085679804,0.0085679804,0.0078415179,0.0110735367,0.0088995762,0.0080472797,0.0085269853,0.0084206658,0.0105776596,0.0092547521,0.0088901854,0.0152687937,0.0179112924,0.0176081236,0.0184062049,0.0176160278,0.0179876618,0.0179070875,0.0181398403,0.0180919063,0.0162238326,0.0160645264,0.0160009896,0.0162178584,0.0141752698,0.006358966,0.0140033087,0.013959242,0.015292416,0.0147220656,0.0157449028,0.0164582458,0.0185295601,0.0182683746,0.0129978736,0.0128474965,0.0150329285,0.0154450111,0.0127455931,0.0122843601,0.0122718407,0.015110501,0.0157588726,0.0159180851,0.0175757871,0.016545641,0.016691366,0.0165992354,0.0158210118,0.0165555264,0.0140434753,0.0140837504,0.014424409,0.0083683132,0.0071620026,0.0054345207,0.013361418,0.0127434341,0.0136080905,0.012884007,0.0130754243,0.0155384931,0.0138469903,0.0149047938,0.0150247674,0.0140416518,0.0154368052,0.0102677964,0.0108932943,0.0103147353,0.0148438396,0.0139597556,0.0133053583,0.0132847306,0.0167253465,0.015998518,0.0162471542,0.0175454496,0.0167007594,0.0146201462,0.0151307122,0.0147025566,0.0143713031,0.0176373066,0.0147023594,0.0114277532,0.0148025309,0.0146715663,0.0154504407,0.0076496611,0.0077321868,0.0152687937,0.0150292965,0.0150274618,0.0169736924,0.0149951625,0.0160054139,0.0110814915,0.0110044353,0.007340045,0.0132005219,0.0128999198
0.017110153,0.0171861557,0.0093255521,0.009385966,0.00932745,0.0094766459,0.0104420716,0.0089784643,0.0089784643,0.0107076052,0.0068144559,0.0112315907,0.0107076052,0.0085399136,0.0085399136,0.0078096004,0.0110971066,0.0088928636,0.0079903705,0.0084893656,0.0083993927,0.0106032643,0.0089629278,0.0085578,0.0148439552,0.0178783136,0.0178903365,0.018323324,0.0179130733,0.0179091802,0.0181733448,0.0180209997,0.0179728198,0.0164089553,0.0162809427,0.0162393531,0.0164075899,0.0146695488,0.0064443056,0.0139137446,0.0139059773,0.0148612163,0.0142817467,0.0153780685,0.0160074955,0.0188395425,0.0185800696,0.0128543656,0.0126698233,0.0145647504,0.0150407636,0.0124415087,0.0126469065,0.0125947933,0.0151564766,0.0153192349,0.0154314238,0.0177146113,0.0162857052,0.0165164816,0.0163514663,0.0155701038,0.0162992205,0.0141425599,0.0143465162,0.0142533101,0.0083567389,0.0072239573,0.0055355295,0.0130504573,0.0119728566,0.0142711327,0.0124090914,0.0126947796,0.0150506628,0.0131947879,0.0143753046,0.0145026212,0.0140600842,0.0152883099,0.0103752934,0.0110895011,0.0104098788,0.0145285969,0.0135073045,0.0129141691,0.013240858,0.016871767,0.016173667,0.0162323955,0.0172831974,0.0167572633,0.0146807155,0.0151412571,0.0147831211,0.0145395252,0.0175370321,0.0148074467,0.011661778,0.0148151217,0.0147209127,0.0154771773,0.0075147132,0.0076113549,0.0148439552,0.0145487358,0.0145725837,0.0169933046,0.0145341059,0.0159216045,0.0111777441,0.0111071115,0.0069328309,0.0132324863,0.0128124627
0.0169769656,0.0171154719,0.0096556929,0.0097096047,0.0096524005,0.0098099769,0.0106837679,0.0089718809,0.0089718809,0.0106685372,0.0067711608,0.0111951969,0.0106685372,0.0085168031,0.0085168031,0.0077180302,0.0111543108,0.0089006226,0.0079317858,0.0084378705,0.0083538323,0.0105707032,0.0090677672,0.0085406436,0.0145107792,0.0177218708,0.0180695334,0.0181348257,0.0180944611,0.0177699541,0.0183589737,0.0179106604,0.0179277847,0.0162598952,0.0160845111,0.0159704229,0.0162512848,0.0144269976,0.0065821373,0.0140535399,0.014054501,0.0150026576,0.0142686754,0.0152857806,0.0158891292,0.0187730538,0.0184734976,0.0125101146,0.012356182,0.0142418584,0.0146804882,0.0129318903,0.0125885851,0.0125718893,0.0149903621,0.0152680705,0.0155932538,0.0178253927,0.0160535236,0.0162233528,0.0160623056,0.015256532,0.0160886959,0.0141374177,0.0142615344,0.0138162486,0.0085701415,0.0073213386,0.005645267,0.0127865153,0.0122499563,0.0141046865,0.0121942118,0.0123505396,0.0150352514,0.0135868597,0.0145445125,0.0146481667,0.0142488267,0.0153579462,0.010266508,0.0108694962,0.0102966441,0.0141460174,0.0135651375,0.0128608986,0.012813,0.0168488208,0.0158257882,0.0160860417,0.0173737149,0.0165385872,0.0148165469,0.0148346003,0.0149023962,0.0145465712,0.0174554198,0.0148944768,0.0115637886,0.0145147184,0.0148630434,0.0150509226,0.0075994471,0.0077088519,0.0145107792,0.0142635653,0.0142840958,0.0170135313,0.0142439216,0.0156315299,0.0110156684,0.010939117,0.0071035767,0.013347149,0.0131500663
0.0167753785,0.0173824681,0.0100603997,0.010078342,0.0100421413,0.0102134587,0.0110534997,0.0089835483,0.0089835483,0.0106133004,0.0067403066,0.0111561983,0.0106133004,0.0085303698,0.0085303698,0.0077739483,0.0111482365,0.0089082837,0.0079609309,0.0084096156,0.0083005524,0.0105065052,0.0091082809,0.0086847004,0.0139037125,0.0178695611,0.0178520861,0.0182717674,0.017860175,0.0178964306,0.0181304472,0.01800855,0.0180238389,0.0159812257,0.0158240021,0.0157173646,0.0159805924,0.0140168035,0.0070136767,0.0136699438,0.0136492716,0.0146008077,0.0141694701,0.0148108118,0.0154354014,0.0185092618,0.0183048,0.0126387459,0.012508184,0.0137572923,0.0140861451,0.0123477958,0.012292434,0.0122401736,0.0150781444,0.015103141,0.0152939194,0.0174868125,0.0158241458,0.0159558556,0.015791257,0.0149292618,0.0158663437,0.0142272528,0.0141043653,0.013464018,0.0087677045,0.0074315858,0.0055384052,0.0127755938,0.0122572625,0.0136508695,0.0124062708,0.0125609646,0.014469582,0.0132959313,0.0140020312,0.014105041,0.0141828153,0.0153110021,0.0101305434,0.0107253274,0.0101477017,0.0136848292,0.0133211479,0.0127064875,0.0128965202,0.0167082187,0.015398709,0.0157294438,0.0173929451,0.0162054764,0.0144456063,0.0146855465,0.0144893521,0.0141892021,0.0176507333,0.0145004083,0.0114619819,0.014349725,0.0144970028,0.0148211785,0.007739265,0.0078535941,0.0139037125,0.0136472702,0.013648366,0.0167726438,0.0136162792,0.0148575757,0.0107038351,0.01061524,0.0071204552,0.0127827417,0.0127759167
0.016525969,0.0168430808,0.0105202851,0.0105039691,0.0104792851,0.0106672559,0.0114252414,0.0090176889,0.0090176889,0.010698091,0.0068224125,0.0112161209,0.010698091,0.0085505744,0.0085505744,0.0077493424,0.0111922243,0.0089543098,0.0080236743,0.0084485986,0.0083307966,0.0105986757,0.0091361712,0.0089360684,0.0138616049,0.0179915368,0.0180320257,0.0183139243,0.0180478132,0.0180418229,0.0182799493,0.0180637625,0.0180473292,0.0156556917,0.0155214312,0.0154251535,0.0156806611,0.014001246,0.0066971948,0.0137839717,0.0137869162,0.0147252132,0.0137528321,0.0146827132,0.0154656257,0.0183865412,0.0182773564,0.0122994667,0.0121644639,0.013695441,0.013990975,0.012459241,0.0132645335,0.0132047176,0.0149312592,0.0148185523,0.0152508044,0.0172813842,0.015321616,0.0154665778,0.0153175889,0.0145525313,0.0153570271,0.0141839502,0.0140834203,0.0133555222,0.0089401712,0.0075045202,0.0054891716,0.0125530362,0.0121654257,0.0133283778,0.0123644258,0.0124743347,0.0145562334,0.0131832966,0.0141481327,0.0142628327,0.0136309175,0.0149762252,0.0099811403,0.0106640507,0.0100091008,0.0135090764,0.013336125,0.0129059605,0.0125823847,0.0161285445,0.0150133472,0.015590516,0.0169522822,0.0160882134,0.0141544266,0.014794428,0.0142198509,0.0138772134,0.0175990696,0.0142118002,0.0116466398,0.0144632377,0.0142186273,0.0149086724,0.0074251073,0.0075239184,0.0138616049,0.013704357,0.0136937368,0.0162215223,0.0136467361,0.0145667375,0.0106038396,0.0105281889,0.0072114841,0.0130819724,0.0130329849
0.0163911028,0.0165120042,0.0104835966,0.0104915243,0.0104533542,0.0106349639,0.0114684604,0.0089856184,0.0089856184,0.0107550643,0.00661969,0.0112970865,0.0107550643,0.0084809726,0.0084809726,0.0075744344,0.0112913976,0.0089572747,0.0078992087,0.0083568677,0.0082599872,0.0106831157,0.0094819625,0.0092049257,0.0143845299,0.017961884,0.0181749389,0.0182428395,0.0182026979,0.0182424882,0.0184154896,0.0179374354,0.0183086327,0.0155323223,0.0154480708,0.0153527215,0.0155432632,0.0136711938,0.0063356486,0.0136217563,0.0136120458,0.0145812375,0.0138621278,0.0148083792,0.0154564993,0.0183129445,0.0183104583,0.0120840181,0.0119389903,0.0142528882,0.0145273313,0.0126157118,0.0126671382,0.0126809771,0.0146401632,0.0145692764,0.0148497,0.0171867361,0.0153585514,0.0153792056,0.0154247514,0.0147522424,0.0154080792,0.0137209209,0.0136311264,0.0138988153,0.0090737612,0.0076153344,0.0055543761,0.0127731854,0.0121051847,0.0132275479,0.0122186792,0.0123996931,0.0145896639,0.0134261389,0.0142932014,0.0143558139,0.0135321188,0.0146980479,0.0097354198,0.0102538392,0.0097619323,0.0141899125,0.0136801736,0.0131917438,0.0124315174,0.0157820542,0.0150726528,0.0156403542,0.0168366167,0.0160891146,0.0139097889,0.0147684889,0.0139873,0.0136306549,0.0175189889,0.0139745813,0.0117635771,0.0144405493,0.0139383834,0.0149567465,0.0070959334,0.0071900632,0.0143845299,0.0142207771,0.0142181931,0.0166045181,0.0141748445,0.0151142917,0.0105588969,0.0104785393,0.0070698233,0.0128538243,0.0129477827
0.0163268358,0.01664814,0.0105565155,0.0106015939,0.0105421134,0.0107206669,0.0116379078,0.0089820516,0.0089820516,0.0107894446,0.0064919328,0.0113034849,0.0107894446,0.0084708433,0.0084708433,0.0075239634,0.011233421,0.0089594544,0.0078151926,0.0082726592,0.008190287,0.0106918467,0.0094349203,0.0090443558,0.0139467403,0.0179853125,0.0178830035,0.0183114104,0.0178965917,0.018087709,0.0181677153,0.0177158091,0.0182654007,0.0155485507,0.0154088514,0.0153247229,0.0155524396,0.0133488372,0.0062274391,0.0137347462,0.0137318122,0.014483,0.0139078774,0.0146964007,0.0153149368,0.0182554024,0.0182505198,0.0125270986,0.0123732945,0.0137413723,0.0140973063,0.0128837181,0.0127459427,0.0127452295,0.0143204906,0.0148675052,0.0145178906,0.0172768205,0.0153499549,0.0155430028,0.0153617805,0.0145813562,0.0153717938,0.0133531038,0.0132915775,0.0136950104,0.0090297967,0.0074894662,0.005280978,0.012931316,0.0121740146,0.0137322701,0.0122979174,0.0125282556,0.0145117326,0.013255625,0.014035016,0.014204782,0.0136351802,0.0147557316,0.0094477488,0.0100710016,0.0094779759,0.0137959285,0.0132524222,0.0125492236,0.0127756361,0.016072525,0.0150014521,0.015435725,0.0166884913,0.0159092129,0.013707951,0.0147023004,0.0137675351,0.0133357615,0.0174549337,0.0137278816,0.0115303913,0.0143447823,0.0137288636,0.0149587573,0.0071199432,0.0072120981,0.0139467403,0.0137531167,0.0137616146,0.0163087917,0.0137260042,0.0146904223,0.0101579474,0.0100841446,0.0068987162,0.0128497052,0.0130305344
0.0162774493,0.0166694091,0.0107445769,0.0108309992,0.0107532415,0.010924127,0.0118551228,0.0090866846,0.0090866846,0.0108327853,0.0065585936,0.0113305047,0.0108327853,0.0086157026,0.0086157026,0.0076781082,0.0112022297,0.0090245339,0.0081284207,0.0085805603,0.0084632936,0.0107068513,0.0093883728,0.0088188978,0.014052708,0.0178880969,0.0179988823,0.0182519094,0.0180062268,0.0179161913,0.0182048358,0.0178132622,0.0179768719,0.0154540226,0.0153091316,0.0152081587,0.0154570851,0.0139234507,0.0058560248,0.0140062778,0.0139942583,0.0145328455,0.0138864271,0.0145617684,0.0151385011,0.0184262771,0.0182416236,0.0127291448,0.0125715351,0.013815299,0.0142014414,0.0130870497,0.0127795167,0.0127646361,0.014403975,0.014729516,0.0145455459,0.017389441,0.0154117795,0.0155053657,0.0154410913,0.0146189837,0.0154263698,0.0139375472,0.0139287028,0.0138998011,0.0092223616,0.0074610873,0.0050374262,0.0133816275,0.0129885191,0.0135701688,0.0129827393,0.0131188379,0.0145209115,0.0138191025,0.0143362976,0.0144090719,0.0137681438,0.0147613417,0.009596404,0.0101270214,0.0096371033,0.013804599,0.0137010559,0.0129323969,0.0129598719,0.0161596198,0.0151857552,0.0152854358,0.0164340847,0.0155332542,0.0142638694,0.0148379417,0.0143213896,0.013870407,0.0175351354,0.0142855209,0.0117501375,0.0145149687,0.014273357,0.0149957667,0.0070816915,0.0071600901,0.014052708,0.0138607886,0.0138690628,0.0160674851,0.0138355768,0.0147068969,0.0102663485,0.0102001318,0.0069069672,0.013152366,0.0130871473
0.0161787348,0.0166873729,0.0104395704,0.0104659051,0.0104185627,0.0105964085,0.0116098384,0.0092016228,0.0092016228,0.0108015811,0.0065886019,0.011331386,0.0108015811,0.0087476033,0.0087476033,0.0078406637,0.0112577124,0.0091189874,0.0083423221,0.0087842638,0.0086395742,0.0106560131,0.0094368551,0.0089004544,0.0147454992,0.0178130818,0.0179897881,0.0181215373,0.0179869464,0.0180428033,0.0181370512,0.0176520727,0.0179513311,0.0153850033,0.0152695346,0.0151608235,0.0153798304,0.0143944007,0.0057917724,0.0144012174,0.0143617104,0.0151782616,0.0143097577,0.014949329,0.0156372498,0.0183653868,0.0181353653,0.0134893373,0.0133055547,0.01457962,0.0149183068,0.0129690853,0.0134696209,0.0134170049,0.0150487542,0.0149692681,0.0152508333,0.0171099361,0.0155781255,0.0155698693,0.0156197172,0.0147494554,0.0155965679,0.0144599952,0.014318432,0.0144864381,0.0092816231,0.0073938818,0.0051190804,0.013883013,0.0128930131,0.0137934559,0.0129850283,0.0132850283,0.0149864616,0.0138893394,0.0147258901,0.0148762353,0.0140607396,0.0149291014,0.0099842207,0.0104279394,0.0100272235,0.0146471714,0.0138900262,0.0132651123,0.0138266735,0.016215479,0.0151879679,0.015356904,0.0165760938,0.0156983584,0.0144310299,0.0151186514,0.0144935827,0.0140676931,0.0176375687,0.0144622028,0.0118999778,0.0148103222,0.0144546369,0.0151387445,0.0070304071,0.0071018662,0.0147454992,0.0145336915,0.0145373471,0.01656392,0.0145083026,0.0153817512,0.0106658026,0.0105985006,0.0070323158,0.0134327632,0.0134181195
0.0161527391,0.0168494064,0.0101806907,0.010201142,0.0101551678,0.0103329497,0.0115691212,0.0091573049,0.0091573049,0.0107143007,0.0066560785,0.0112079778,0.0107143007,0.0087060084,0.0087060084,0.0078370111,0.0111623896,0.0090712084,0.0082531535,0.0086933938,0.0085489132,0.0105572466,0.0095708177,0.0091312823,0.0146055243,0.0178270604,0.0177516806,0.0179885521,0.0177250716,0.0178470132,0.0179069736,0.0177863285,0.0180649458,0.0156609097,0.0154991375,0.0153761014,0.0156463882,0.0146684419,0.0060114525,0.0145036801,0.0144806752,0.0153143979,0.0142832988,0.0152462785,0.0159801458,0.0184391238,0.0182798273,0.0138265855,0.013632991,0.0145371674,0.0148176285,0.0133674611,0.0128483905,0.0128950162,0.0154305335,0.0153570495,0.0155670988,0.0168450294,0.0157036132,0.0156794632,0.0157377702,0.0148135327,0.0157512341,0.0145091863,0.0143358988,0.0147771604,0.0092701997,0.0070293368,0.0051806313,0.0139998584,0.013083875,0.0143804158,0.0131508702,0.013363609,0.0151949209,0.0140681716,0.0148813521,0.015006716,0.0143922433,0.0152870891,0.0100090702,0.0105521417,0.0100438778,0.0148398743,0.0140279285,0.0132831056,0.0142013542,0.0162206792,0.0152675,0.0155263292,0.0167309523,0.016046019,0.0146763523,0.0152422599,0.0147343912,0.0143222787,0.017515828,0.0147086544,0.012085496,0.014949353,0.0146913502,0.0153556509,0.0068397226,0.0069201177,0.0146055243,0.0143380903,0.014338116,0.0168311112,0.0143118257,0.0153117695,0.0108118202,0.0107213021,0.0069920355,0.0139108662,0.0136540898
0.0162546509,0.0169516585,0.010321471,0.0104148558,0.0103342412,0.0104975898,0.0116457051,0.0091003363,0.0091003363,0.0108242842,0.0065997815,0.011336587,0.0108242842,0.008615071,0.008615071,0.0077386947,0.0113075842,0.0090465537,0.008038028,0.0084812509,0.0083655314,0.0106829141,0.0092887898,0.0089496752,0.014187599,0.0178217809,0.0178655844,0.0179678823,0.0178593788,0.0178669788,0.0180145191,0.0179428476,0.018047874,0.0157079115,0.0154749997,0.0153707906,0.0156915462,0.0138613398,0.0060008787,0.013889453,0.0138597842,0.0146230268,0.0141859919,0.0149255254,0.0155139601,0.0185603794,0.0183813196,0.0134041594,0.0132423782,0.013981183,0.0143291185,0.0125924545,0.0123121745,0.0122700787,0.0148515509,0.0151772509,0.0152836322,0.017261896,0.0155108178,0.0156252045,0.0155269552,0.0146521886,0.0155438976,0.0140176092,0.0137770189,0.014191092,0.0089592717,0.0072343835,0.0052487815,0.0134730455,0.01228359,0.0146683903,0.012511958,0.0128363865,0.0146354677,0.0132803726,0.0142552657,0.0144402274,0.0144871329,0.0152167912,0.0097640627,0.0102816696,0.0097945704,0.0141755719,0.0135507761,0.0128905608,0.0137175157,0.0162885844,0.0152619288,0.0156513254,0.0167637217,0.0159340321,0.0145189488,0.0151135342,0.0145736141,0.0141713773,0.0176481655,0.0145515447,0.0120909356,0.0148067565,0.0145358793,0.0152296474,0.0067181828,0.0067981099,0.014187599,0.0140144351,0.0140078525,0.0165284066,0.013973299,0.0149402518,0.0105544148,0.0104679266,0.0070310696,0.012952644,0.0128695571
0.0164583698,0.0170503726,0.0104590577,0.010598107,0.0105001028,0.0106483875,0.0116644341,0.009100766,0.009100766,0.0110761389,0.0064494445,0.0116235313,0.0110761389,0.0085829778,0.0085829778,0.0075886848,0.0115268695,0.00907745,0.0078511257,0.0083486542,0.0082931424,0.0109794389,0.0089778438,0.008596641,0.0138901405,0.0181438744,0.0179197453,0.0183907245,0.0179243356,0.0181157411,0.0181651551,0.0180135668,0.0181949974,0.0158926787,0.0156920488,0.0156016134,0.0158680481,0.013332358,0.0058802292,0.0137634073,0.013712649,0.0145186315,0.0142816046,0.0146901043,0.0153952467,0.0186341184,0.018406367,0.0123037287,0.0121785245,0.0135326127,0.0140257134,0.0123833398,0.0128253163,0.0128199483,0.0145252518,0.0147349407,0.0148664073,0.0172989552,0.0158224412,0.0159319412,0.0158010703,0.0148493036,0.0158343731,0.0141782032,0.0138191504,0.0131645925,0.0088501049,0.0074972195,0.0052370896,0.0126559224,0.0116716572,0.0140648317,0.011850446,0.012156153,0.0143781814,0.0127316759,0.0138527578,0.0141498523,0.0140071622,0.0148323038,0.0097541862,0.0102938361,0.0097823355,0.0132959425,0.0129555391,0.0122788315,0.0125413745,0.0167063606,0.0156003162,0.0156086252,0.0167697483,0.0160522483,0.0145749969,0.0150884719,0.0146402872,0.0142021525,0.0177689288,0.0146117177,0.0117298267,0.0147931566,0.0145948719,0.0152200275,0.0068709167,0.0069400611,0.0138901405,0.0136987134,0.0137016293,0.0164723752,0.0136602544,0.0147887023,0.0105679875,0.0105003111,0.0067623403,0.0129822136,0.0129566545
0.0162910024,0.0164054566,0.0103671698,0.0104929858,0.0103976684,0.0105483059,0.0117200122,0.0091551025,0.0091551025,0.0110545914,0.0064197677,0.0115909635,0.0110545914,0.0086372344,0.0086372344,0.0076050129,0.0115409052,0.0091302511,0.0079050219,0.008421815,0.008373624,0.0109723601,0.0088179795,0.0084366205,0.0137337061,0.0182539366,0.0181495797,0.0185270255,0.0181562492,0.018129811,0.0183893818,0.0180600915,0.0183525936,0.0157202727,0.0155262839,0.0154330804,0.0157090005,0.0135995629,0.0058454073,0.0140378309,0.0140111052,0.0145172554,0.0139149969,0.0145028755,0.0150958374,0.0187137934,0.0183022101,0.0119805137,0.011869586,0.0133702915,0.0138711103,0.0130530686,0.0130728177,0.0130033851,0.0148312719,0.0146201316,0.0147421497,0.0173005906,0.0155181248,0.0157288666,0.0154828221,0.0146824033,0.0155235533,0.0140412184,0.0137962635,0.0129311457,0.0088779823,0.0075843983,0.0053001163,0.0123360714,0.0121156762,0.0130299418,0.012034788,0.0119782429,0.0142912422,0.0132895415,0.01382057,0.0140415366,0.013972967,0.0148916129,0.0099865011,0.0104061386,0.0100347837,0.0130815957,0.013071895,0.0122394193,0.0121332846,0.0163922442,0.01532657,0.0156894658,0.0161300698,0.0157161843,0.0146076664,0.0152800816,0.0146667101,0.0142069552,0.0177662823,0.0146277427,0.011641674,0.0149603011,0.014629183,0.0154717684,0.0070113587,0.0070833184,0.0137337061,0.0135368505,0.013552595,0.0163046325,0.0135155012,0.0146171978,0.010616067,0.0105572288,0.006604799,0.013207465,0.0133935441
0.0162946245,0.016091337,0.0103708424,0.0105008285,0.0104059236,0.0105572618,0.0117748931,0.0090738191,0.0090738191,0.0109439045,0.0064400906,0.0114672108,0.0109439045,0.0085241893,0.0085241893,0.0075434157,0.0114596643,0.0090778775,0.0077883337,0.0082630351,0.0081950309,0.0108279295,0.0088790396,0.0083855708,0.0139950007,0.0179980271,0.0180162389,0.0182038987,0.018019648,0.0180260312,0.0183219459,0.0176009979,0.0181678959,0.0156160653,0.0154503222,0.0153877361,0.0156270361,0.0139484335,0.0058219632,0.0142558863,0.0142256564,0.0148707243,0.0137035821,0.0148966917,0.0155664924,0.0181578981,0.0180334954,0.0124199014,0.0122790208,0.0136571167,0.0141637132,0.0132496584,0.0124933565,0.0124814731,0.0145508197,0.0145999279,0.015097389,0.0169091349,0.0154415639,0.0155054097,0.0154422472,0.0146293598,0.0154598139,0.0135476412,0.0135294752,0.0134301389,0.0089416792,0.0075078774,0.0052351483,0.0127763591,0.0125362882,0.0127923068,0.0124838952,0.0126079604,0.0148164403,0.0135543563,0.0142959723,0.0145144778,0.0139276099,0.0147446467,0.0101622226,0.0104909094,0.0102148524,0.0135791688,0.0134576486,0.0127303924,0.012718782,0.0161428993,0.0151826486,0.0156222278,0.01617983,0.0157701981,0.014246987,0.0152759468,0.0143333745,0.0139456523,0.0175370717,0.014310278,0.0118628634,0.0149600662,0.014243646,0.0156270828,0.0069880479,0.0070688299,0.0139950007,0.0137479674,0.0137717084,0.0163074201,0.0137395104,0.0148117778,0.010867465,0.010809483,0.0064621608,0.0131177919,0.0134655106
0.0163703333,0.0164683348,0.0108601617,0.0109953679,0.0108886637,0.0110593513,0.0121886241,0.0091204446,0.0091204446,0.0108925634,0.0064048988,0.0114105058,0.0108925634,0.0085814884,0.0085814884,0.0074766676,0.0114979363,0.0091125266,0.0078003294,0.0083267259,0.0082880273,0.0107611196,0.009164002,0.0087078186,0.0142499856,0.0178587155,0.0179363974,0.0180547037,0.0179182675,0.0178889634,0.0182444183,0.0175394863,0.017983696,0.0158754995,0.0157001182,0.0156366766,0.0158811454,0.0138580042,0.0058233735,0.0139940799,0.013947016,0.0145781634,0.0135341771,0.0149759439,0.0156360051,0.0179355528,0.0177489424,0.0123282377,0.012159703,0.0138925877,0.0144134884,0.0127657183,0.0120796341,0.0121420966,0.0146653118,0.014581316,0.0149144646,0.0168253223,0.0157024974,0.0157088294,0.0157199057,0.0148264529,0.0157191537,0.0138221681,0.0137609361,0.0133522745,0.0088261387,0.0078895009,0.0053956349,0.0126293606,0.0119701259,0.0132722396,0.0119016412,0.0119162557,0.0146903426,0.0133054641,0.0142093391,0.0143128661,0.0137771674,0.0146952806,0.010053303,0.0106587829,0.010096621,0.0137836578,0.0133409662,0.0125696384,0.0126245926,0.0163375696,0.0153556752,0.0157744536,0.0163933069,0.015935941,0.0141585285,0.0152832847,0.014265009,0.0138786257,0.0172967271,0.0142364396,0.0120415535,0.0149998466,0.0141524056,0.0156103368,0.0071052658,0.007186011,0.0142499856,0.0140114106,0.0140440009,0.0164014585,0.0140044016,0.015113471,0.0109392523,0.0109008905,0.0068700981,0.0127762216,0.0131374646
0.0165819624,0.0167265658,0.0111797834,0.0113590667,0.0112338382,0.0113915215,0.0124044945,0.0091230518,0.0091230518,0.0110101664,0.0063566212,0.0115411497,0.0110101664,0.0085999747,0.0085999747,0.0074834948,0.0116429115,0.0090976351,0.0078521316,0.0083663934,0.0083081386,0.0109207962,0.0095441146,0.0090504369,0.0141579604,0.0178424153,0.0175996417,0.0179774458,0.0175630937,0.0178221069,0.0178712313,0.0177329326,0.0179568584,0.0159526847,0.0157343729,0.0156686305,0.0159464972,0.0131361602,0.0060646993,0.0136382019,0.0135480971,0.014645175,0.0137026124,0.014626009,0.0152448716,0.018095438,0.0179327915,0.0125267236,0.0123422549,0.013899191,0.0143679743,0.0127294937,0.0109309637,0.0109845492,0.0140245735,0.0146766602,0.0149291047,0.0168455853,0.0156473771,0.0158367875,0.0156674354,0.014962659,0.0156523896,0.0127485797,0.0125793957,0.0135129653,0.0091009688,0.0083418476,0.0052844052,0.0126166597,0.011967032,0.0131765419,0.011989625,0.0121002063,0.0144233396,0.0132830861,0.0139517396,0.0141833243,0.0138813908,0.0148424387,0.0096855754,0.0102940261,0.0097200448,0.0138024757,0.0133351063,0.012741425,0.0128296966,0.0165163417,0.0154143202,0.0157613667,0.0166779394,0.0159389505,0.0144525137,0.0152245387,0.014560813,0.0142351179,0.0175147922,0.0145575568,0.0123183707,0.0149436769,0.0144317755,0.0153961873,0.0071602292,0.007233441,0.0141579604,0.0138494882,0.0138659896,0.0167592799,0.0138352507,0.0150463347,0.0107091094,0.0106850164,0.0066977691,0.0123496151,0.0128054505
0.016544372,0.0168151985,0.0114862811,0.0116522686,0.0115330471,0.0116952103,0.0125054977,0.0090679631,0.0090679631,0.0110754165,0.0064470207,0.0116061436,0.0110754165,0.0085216616,0.0085216616,0.0073856012,0.0116569235,0.0090646749,0.0077884228,0.0082584353,0.0081822964,0.0110103124,0.0093536068,0.0089256665,0.0142347017,0.0176977802,0.0175201934,0.0178927212,0.0174710851,0.017692983,0.0177783615,0.0177953163,0.0177807497,0.0157101559,0.0155353094,0.0154890532,0.0157109601,0.0122043096,0.0061730679,0.0126592304,0.0125637047,0.0141825643,0.0134384013,0.0146918788,0.0151765969,0.0183627304,0.0180791478,0.012647349,0.012477417,0.0139778914,0.0144262122,0.0116241469,0.0113043846,0.0112893443,0.013389238,0.0144084381,0.0139583742,0.0171674624,0.0156634622,0.0158484337,0.0157139525,0.015008051,0.0157001018,0.0124956249,0.0122297005,0.014048283,0.0092876505,0.0082733658,0.005186888,0.0127457379,0.0117080247,0.0133413313,0.0118312476,0.0120998101,0.0144361018,0.0128278566,0.0139332052,0.0140847781,0.0139983123,0.014964879,0.0095396971,0.0100300971,0.0095857894,0.0140816948,0.0132001386,0.012577483,0.0130851545,0.0164521212,0.0154173302,0.0157649455,0.0165591811,0.0157709484,0.0144743811,0.0151732658,0.0146106735,0.0142832971,0.017585895,0.0146098339,0.0122804505,0.0148779491,0.0144558616,0.0153740137,0.0071588867,0.0072159242,0.0142347017,0.013957824,0.0139715212,0.016856442,0.0139360198,0.0153120233,0.0106071117,0.0105695047,0.0062984415,0.0115682665,0.011989486
0.0162620084,0.0163067389,0.0112444188,0.0113967021,0.0112855966,0.0114458125,0.0122059194,0.0090832756,0.0090832756,0.0111563262,0.0064758464,0.0116597721,0.0111563262,0.0085445853,0.0085445853,0.0074085582,0.0116831589,0.0090753047,0.0077664936,0.008254279,0.0081999124,0.011130236,0.0091692744,0.0088041799,0.0136309412,0.0176534502,0.0176840745,0.0178115349,0.0176557294,0.0177851447,0.0179615044,0.0175985363,0.0178455238,0.0155890266,0.0154138988,0.0153399474,0.0155879683,0.013295973,0.0059733625,0.0128104368,0.0127519035,0.0136727905,0.0134475236,0.0140512988,0.0145324287,0.0183860833,0.0180293854,0.0120899488,0.011911646,0.0133366266,0.013791005,0.0116527939,0.0124702306,0.0124574813,0.0138315785,0.014269616,0.0138876056,0.016874791,0.0155459294,0.0156462335,0.0155497155,0.0146424967,0.0155800919,0.0131507125,0.0131410903,0.0135793425,0.0089947855,0.0086554505,0.0051823575,0.0122915238,0.0114354023,0.0139331788,0.011528471,0.0116727627,0.0136950585,0.0125842155,0.0132081926,0.0133350592,0.0137582695,0.0148625945,0.0096644103,0.0101289339,0.0097148033,0.0135716203,0.0125756509,0.0120050564,0.0126491815,0.0162272391,0.0151499793,0.015442128,0.0160593236,0.0153476417,0.0144782722,0.0152861708,0.0146029688,0.0142295125,0.0177191201,0.0145838598,0.0122124834,0.0149903861,0.0144757542,0.0155064077,0.0072388014,0.0073075389,0.0136309412,0.013402187,0.0134135467,0.0164480697,0.0133838891,0.0148447419,0.0106510624,0.0106045894,0.0063005276,0.0122333361,0.0124356355
0.0159724535,0.0161405729,0.0107959269,0.0109638894,0.0108449741,0.0110026144,0.0119420408,0.0091093346,0.0091093346,0.011233911,0.0065739644,0.0117632811,0.011233911,0.0085778617,0.0085778617,0.0075675137,0.0117097499,0.0090935874,0.0078428512,0.0083127881,0.0082403589,0.011231786,0.009182545,0.0088085561,0.0138064197,0.017799855,0.0178929662,0.0180200592,0.0178794051,0.0178430314,0.018177728,0.0175998516,0.0178463349,0.0153674676,0.015159737,0.0150505453,0.015359694,0.0134712695,0.0061202047,0.0134698028,0.0133900049,0.0139193419,0.0134037257,0.0137321599,0.014266337,0.0181658201,0.0178489396,0.012080755,0.0119306162,0.0136287849,0.0139412787,0.0125859565,0.0119423007,0.0119973813,0.0139834035,0.0141468375,0.0139540973,0.0168851195,0.0151035328,0.0152727752,0.0151133537,0.0143839572,0.0151237773,0.013252966,0.0131545806,0.013456012,0.0085922103,0.0084698471,0.0054447894,0.0124347078,0.0119965696,0.0134456342,0.0119616231,0.0118980078,0.0137199051,0.0131291203,0.0137136044,0.0136162252,0.0139566361,0.0148157174,0.009761754,0.0102927894,0.0098020519,0.0136151648,0.0132380488,0.0123897648,0.012455228,0.0160521537,0.0149960933,0.0148286224,0.0157612097,0.0148264507,0.0145224479,0.0152315834,0.0146475097,0.014344032,0.0175938153,0.0146462438,0.0126350729,0.0149477299,0.0145069097,0.0154545653,0.0069999346,0.0070701256,0.0138064197,0.0136509912,0.013636146,0.0161200405,0.0136135919,0.0146701356,0.0106687256,0.0106190304,0.0067254533,0.0125671743,0.0128424299
0.0159708608,0.0159608872,0.0110324137,0.0111830755,0.0110678117,0.0112349672,0.0122167936,0.0090895308,0.0090895308,0.0111926273,0.0065065176,0.011728071,0.0111926273,0.0085360231,0.0085360231,0.0075056703,0.0116879467,0.0090928495,0.0078290037,0.0082671919,0.0081802099,0.0111489738,0.0091512853,0.0087186985,0.0140735538,0.0177574427,0.0180593761,0.0179530788,0.0180435552,0.017943617,0.0183177615,0.0176901226,0.018018067,0.0153582358,0.0151950379,0.0150843378,0.01534514,0.0133613476,0.0062021957,0.0132843858,0.0132312052,0.0136001441,0.0134974629,0.0137482768,0.0142249288,0.0182429476,0.0180064837,0.0127333865,0.0125544003,0.0139179156,0.01422009,0.0125259941,0.0117778031,0.0118406719,0.0140450052,0.0141087573,0.0138690726,0.0169607844,0.0152046205,0.0153703656,0.0152527677,0.0145865941,0.0152193024,0.0133420462,0.0130814899,0.0137944386,0.008824829,0.0082301981,0.0057696557,0.012882599,0.0122049288,0.0133150974,0.0121880663,0.0123720997,0.0137590031,0.0130388615,0.0135840205,0.0135017441,0.013656833,0.0144852191,0.0094943169,0.0101777162,0.0095204752,0.0140499094,0.0132825545,0.0126810844,0.0131284039,0.015893274,0.0151283615,0.0147806142,0.0155738261,0.0148084365,0.0143262649,0.0153496017,0.0144692559,0.0141810177,0.0176001802,0.0144681122,0.0126148358,0.0150396705,0.0143063983,0.0154881469,0.0069548867,0.0070085672,0.0140735538,0.0139064261,0.0138887295,0.0162268705,0.0138637052,0.014750992,0.0104297953,0.0103790558,0.0067816974,0.0124860594,0.0126803254
0.0159267422,0.0157826144,0.0109878684,0.0111567941,0.0110376976,0.011194624,0.0121208296,0.0091788962,0.0091788962,0.0110639191,0.0064388545,0.0115889358,0.0110639191,0.0086350323,0.0086350323,0.0075892101,0.0115940705,0.009167774,0.0079568532,0.0084108386,0.0083088372,0.0109883705,0.0087698962,0.0083156365,0.0139308677,0.0176768177,0.0178973087,0.0179002649,0.0178727351,0.0178983941,0.0182038628,0.0176354344,0.0180472503,0.015470842,0.0153511677,0.0152605955,0.0154622073,0.0134887498,0.0063021212,0.0136287811,0.013559179,0.0140278427,0.0136733269,0.0140010552,0.0145941781,0.0180552901,0.0180646429,0.0125207052,0.0123817886,0.0136964316,0.0140550955,0.0125658518,0.011884995,0.0119176797,0.0143993297,0.0143444554,0.0144704499,0.0166061422,0.0150617823,0.0153607323,0.0151110677,0.0145778969,0.0150517309,0.0135568144,0.0132756193,0.0135572115,0.0086608844,0.0078938156,0.005489208,0.0129611844,0.0123905677,0.0136692115,0.0124077191,0.0125596406,0.0137726413,0.0130775976,0.0134866268,0.01352871,0.0136627269,0.0144573832,0.0091067559,0.0096919323,0.009145283,0.0137609858,0.0130785934,0.0125675261,0.0128053018,0.0159675851,0.015360683,0.0153256524,0.0155174707,0.0153627464,0.0142447429,0.0153989505,0.0143964436,0.0140965762,0.0176431179,0.0143889422,0.0124406832,0.015081872,0.0142243179,0.0155967005,0.0071263858,0.0071997511,0.0139308677,0.0137881955,0.0137715413,0.0159740712,0.0137398115,0.0146070274,0.0100456726,0.0100034407,0.006502024,0.0124491304,0.0126625783
0.0162842123,0.0158436596,0.0106921726,0.0109037066,0.0107660913,0.0109047858,0.011776174,0.0091269832,0.0091269832,0.0110896297,0.0066085353,0.0115821415,0.0110896297,0.0085923596,0.0085923596,0.0075820325,0.0115341915,0.0091083783,0.0078860276,0.0083312235,0.008239411,0.0109915374,0.0085697059,0.0080394219,0.0138762936,0.0178379241,0.0176777797,0.0180407783,0.0176494269,0.0179903179,0.0180022978,0.0177938867,0.0181443117,0.015754611,0.015647827,0.0155580137,0.0157303387,0.0138812242,0.006119308,0.0133967443,0.0133227193,0.0140302387,0.0141661096,0.014487122,0.0150066526,0.0181621082,0.0182455727,0.0126320255,0.0124990783,0.0135502346,0.0140182117,0.0123270089,0.0123097436,0.0123425186,0.0149405026,0.0147004596,0.0150288672,0.0168341471,0.0153140873,0.0156084839,0.0153502117,0.0147217707,0.015320238,0.0142846749,0.0139951096,0.0135531304,0.0082169212,0.0080230054,0.005291404,0.0129552637,0.0120637644,0.0134426754,0.0122390783,0.0124177158,0.0141238568,0.0129884894,0.01361747,0.0136666832,0.0139919304,0.0149280353,0.0092880859,0.0096693137,0.0093328457,0.0136301193,0.013039022,0.0125844707,0.0128106908,0.0162497061,0.0157489853,0.0157293394,0.0158642783,0.0157991186,0.0142279582,0.0152579117,0.014342554,0.014117795,0.0175400214,0.0143667054,0.0122888207,0.0149346172,0.0142018012,0.01556502,0.0072323615,0.0073116809,0.0138762936,0.0136759478,0.01367092,0.016184404,0.0136370429,0.014660061,0.009994636,0.0099422943,0.0063280214,0.0124696206,0.0127428311
0.0166146616,0.0160582165,0.010477928,0.0106555502,0.0105307078,0.0106792099,0.0115958572,0.0090882736,0.0090882736,0.0111180202,0.0065641049,0.0116256479,0.0111180202,0.0085434479,0.0085434479,0.0074591403,0.0115776966,0.0090799993,0.0078587667,0.0083315271,0.0082391688,0.0110438035,0.0090839488,0.0088546752,0.0139062587,0.018046474,0.0177837725,0.0183090677,0.0177287392,0.0180931372,0.0180690955,0.0181174823,0.0182185469,0.0159281358,0.0157899052,0.0157251247,0.0159287622,0.014219511,0.0056553578,0.0137782221,0.0136984596,0.0144809914,0.0139674186,0.0147779031,0.0154746316,0.0185968873,0.0184906033,0.0126519615,0.0124826934,0.0136140254,0.0140939212,0.0125846747,0.0123756936,0.0124061533,0.0147388783,0.0147219984,0.0152481269,0.0172606457,0.0154619761,0.0158142483,0.015469274,0.0147128087,0.0154532434,0.0137171019,0.0136248485,0.0135973108,0.0082461162,0.0081083597,0.0050776021,0.0126750462,0.0119770775,0.0134372728,0.0120560921,0.0121529288,0.0144917469,0.0128981907,0.0137763413,0.014018951,0.013983129,0.0149297512,0.0092890521,0.0097703195,0.0093300479,0.0137017059,0.0129219545,0.0123178594,0.0129671511,0.0166679246,0.0156421149,0.0157888184,0.0161374922,0.0159856089,0.0144214422,0.0153623984,0.0145535283,0.01427597,0.0176883519,0.0145601123,0.0123898262,0.0150501484,0.0143939721,0.0156432776,0.0070652627,0.0071388467,0.0139062587,0.0136273024,0.0136200392,0.0162700143,0.0136029608,0.0147056149,0.0100057604,0.0099388702,0.0062552431,0.0130897186,0.0129954374
0.0164469785,0.0161712396,0.0105841787,0.0107464453,0.0106268662,0.0107856905,0.0117141349,0.0090577861,0.0090577861,0.0110864493,0.0063633139,0.0115691778,0.0110864493,0.0085137688,0.0085137688,0.0074002396,0.0114910799,0.0090473125,0.0079029278,0.0083541007,0.0082369452,0.0109653625,0.0090635606,0.008809987,0.0136457901,0.0181338256,0.0178021908,0.0183914714,0.0177605123,0.018117645,0.018126238,0.0182455061,0.0182145137,0.0157406318,0.0155903672,0.0155450589,0.0157514033,0.0138192639,0.0056945384,0.013649925,0.0135625077,0.0144367977,0.013604934,0.0147715019,0.0154794297,0.0187416528,0.0188039792,0.0122446013,0.0120710526,0.0133408096,0.0138165193,0.0120737748,0.011917932,0.0119159056,0.014273534,0.0146892237,0.0148447493,0.0172112535,0.0153371346,0.0155888603,0.0153089519,0.0144861651,0.0153371963,0.013488223,0.0132652813,0.0130960429,0.008619194,0.0077756396,0.0049520091,0.0120361908,0.0113732505,0.013469665,0.0113309665,0.0115266012,0.0144416005,0.012866238,0.0137737554,0.0140506422,0.0137229375,0.0145108146,0.0093173931,0.0097668174,0.0093531611,0.0132922165,0.012889438,0.0121089617,0.0125156561,0.0163944874,0.0152270387,0.0158473207,0.0162529466,0.0161673076,0.0144230396,0.0149632403,0.0145605042,0.0142569452,0.0174968889,0.0145635202,0.0121287063,0.014676316,0.0144018215,0.015242941,0.0070637613,0.0071292196,0.0136457901,0.0133990748,0.0134210137,0.0163010082,0.013386129,0.0147154658,0.0100179473,0.0099576646,0.0061337278,0.0125927229,0.0126200716
0.0164169773,0.016415012,0.0106946549,0.0108344715,0.010729607,0.010889991,0.0118808882,0.0091060931,0.0091060931,0.0108800105,0.0065003035,0.0113401271,0.0108800105,0.0085750243,0.0085750243,0.0075459868,0.0113007841,0.0090827403,0.0080657417,0.0084637632,0.0083060813,0.0107224736,0.0090084639,0.008590832,0.0132529179,0.0181705575,0.0178501943,0.0184288554,0.0178281623,0.0181827429,0.0181685248,0.0182128005,0.0182723297,0.0158091242,0.0156276894,0.0155426005,0.0157954901,0.0133613044,0.0057825167,0.0131004148,0.013062787,0.0138960971,0.0139255808,0.0143575255,0.0149561679,0.0186921787,0.0187130016,0.0111907748,0.011038511,0.0128486082,0.0133825248,0.0115966644,0.0116051835,0.011621103,0.014560821,0.014716846,0.0143791259,0.0171556321,0.0153326513,0.0155764783,0.0153142262,0.01457657,0.0153354589,0.0134864203,0.0130140453,0.0125477818,0.0086380132,0.007838123,0.0047747424,0.0116816415,0.0107302193,0.0129347554,0.0108682228,0.0109878623,0.0140019644,0.0123201485,0.0133511894,0.0135527304,0.0135113738,0.0146202599,0.0091699549,0.0097088618,0.0092001181,0.0128011978,0.0125019506,0.01171577,0.0115749214,0.0164608985,0.0153795082,0.0156929748,0.0162703988,0.0159306717,0.0136590821,0.0147821273,0.0137882946,0.0135179516,0.0176546863,0.0137918523,0.0118257301,0.0144544356,0.0136616023,0.0151309856,0.0070893716,0.0071421584,0.0132529179,0.0130595214,0.0130849651,0.0161873706,0.0130424158,0.014612779,0.0099399077,0.0098871549,0.0062191827,0.0120394585,0.0123531273
0.0162980837,0.0161621031,0.0106633307,0.0107732808,0.0106888752,0.010844746,0.0116693877,0.0091259658,0.0091259658,0.010783011,0.0065549825,0.0112725602,0.010783011,0.0086212228,0.0086212228,0.0076803929,0.0113301721,0.0090759131,0.0081816221,0.0085701116,0.0083863637,0.0105969721,0.0090134682,0.0085847439,0.0129109709,0.0179413354,0.0178614208,0.0182438514,0.0178341875,0.0180221292,0.018178209,0.0180950639,0.0180224188,0.0158787653,0.0157201785,0.0156285132,0.0158747007,0.0126749212,0.005768421,0.0124620323,0.0124385566,0.0134833292,0.0136067122,0.0139573639,0.0145383646,0.0186173934,0.0185111663,0.0109646313,0.0108269535,0.0126472215,0.0131167181,0.0113989847,0.0111465629,0.0111312177,0.0140122372,0.014454758,0.0139381497,0.0171180643,0.0150059264,0.0153989153,0.0149797771,0.0142705292,0.0150051625,0.0134076122,0.012943474,0.0123741063,0.0086739641,0.0080758616,0.0050345478,0.0112509216,0.0108866237,0.0124073283,0.0108855785,0.0108042604,0.0135616764,0.0121863722,0.0129607854,0.0131833,0.013501849,0.014505242,0.008968613,0.0093851373,0.0090126485,0.0126154431,0.0120212903,0.0110957646,0.0113381931,0.0163366527,0.0154235028,0.0155307618,0.0158655239,0.0154966885,0.0137265413,0.0146923608,0.0138339629,0.0135776101,0.0175190066,0.0138422399,0.0118651295,0.0143806823,0.0137197344,0.0151331642,0.0073819203,0.0074490571,0.0129109709,0.0125982736,0.0126224431,0.0159711021,0.0125908292,0.0140013875,0.0099871394,0.0099301026,0.0064028651,0.0112847268,0.0119640136
0.0158071158,0.0157041943,0.0100394787,0.0101505175,0.0100616717,0.0102130558,0.0110807981,0.0090523973,0.0090523973,0.0106645563,0.0065041813,0.0111517736,0.0106645563,0.0085098035,0.0085098035,0.0074514681,0.0112625667,0.009040232,0.0079376493,0.0083440417,0.0082065403,0.0104679646,0.0091912682,0.0086803571,0.0119609438,0.0178360243,0.0181183646,0.0180274188,0.0180811597,0.0181197132,0.0183268076,0.0176747465,0.0180438743,0.015289584,0.015111625,0.0150546208,0.0152888063,0.0132004096,0.005945705,0.0125615804,0.0125592457,0.0131534723,0.0136941498,0.0136865472,0.0142206674,0.0185780929,0.0183796089,0.0107188639,0.0105808646,0.0116825674,0.0121059389,0.0113734875,0.0119342964,0.0119451735,0.01367237,0.0139556832,0.0135158582,0.0166374089,0.0145363972,0.0149298084,0.0144939632,0.013784832,0.0145131695,0.0140399207,0.0136067526,0.0115793591,0.008811328,0.0077393209,0.0049759035,0.0106209639,0.0105777493,0.0121853945,0.0105756014,0.010359582,0.0131716709,0.0116554118,0.0124502535,0.0127932528,0.0134314019,0.0141268151,0.0089085917,0.0093939535,0.0089521368,0.0115974889,0.0115466042,0.0106807931,0.0110132597,0.0158380493,0.0147766695,0.0151238403,0.0155083554,0.0152409353,0.013708004,0.0148122936,0.0138437846,0.0136081554,0.0176621755,0.0138589262,0.0119381734,0.014489861,0.0136847311,0.0151911512,0.0075754828,0.007649187,0.0119609438,0.0117469729,0.0117813111,0.0150520562,0.0117349604,0.013030923,0.009811732,0.009779507,0.0063909056,0.0119925221,0.0122333186
0.0153344756,0.015349763,0.0098318544,0.009948237,0.0098557037,0.0100077502,0.0111151954,0.0091383377,0.0091383377,0.0106456238,0.0063267953,0.0111360037,0.0106456238,0.0085949759,0.0085949759,0.0074179065,0.0112731669,0.0091250252,0.0079058203,0.0083653682,0.0082662947,0.0104714474,0.0090317933,0.0086122794,0.012053425,0.0176568993,0.0179978424,0.0178684424,0.0179589604,0.0178901479,0.018179593,0.0172573063,0.018031084,0.0145881389,0.0144778209,0.0144137743,0.0145735431,0.0135794992,0.0059373759,0.0132984616,0.0132833131,0.0137084362,0.0136534526,0.0135758979,0.0141561466,0.0183627874,0.017919204,0.0104869986,0.0103621139,0.0118410875,0.0122056618,0.0120047931,0.0121536144,0.01213972,0.0140444665,0.0142127776,0.0141912783,0.0163962075,0.014067257,0.0146287375,0.014077566,0.0135616299,0.0140275792,0.0142732846,0.0138725373,0.0115080216,0.0088685905,0.007615903,0.0050085162,0.0106984299,0.0106781924,0.0114333535,0.0106076591,0.0104758688,0.0133340188,0.012184975,0.0128624348,0.0130894729,0.0133739096,0.0140627304,0.0091636294,0.009680771,0.0092022176,0.011521234,0.0117121764,0.0107333896,0.0108036549,0.0155478243,0.0144988854,0.0145474125,0.0151355061,0.0148299783,0.013980738,0.0149998186,0.0141265797,0.0138618568,0.0175639005,0.0141306213,0.0118055506,0.0146951075,0.0139519596,0.0153455089,0.0069541058,0.0070127724,0.012053425,0.011843282,0.0118583556,0.0146466771,0.0118138139,0.0128529743,0.0098741717,0.0098223488,0.0065012238,0.0125448804,0.012790895
0.0157904103,0.01549382,0.0097179464,0.0098603769,0.0097623408,0.0098998311,0.0110317214,0.0091481663,0.0091481663,0.0106305247,0.0062293052,0.0111022066,0.0106305247,0.0085776865,0.0085776865,0.0073500782,0.0112098879,0.0091574268,0.0078140781,0.0082965379,0.0082112205,0.0104504657,0.008969745,0.0085267679,0.0126891099,0.0175618613,0.0178972398,0.0177665238,0.0178547759,0.0176853405,0.0180741113,0.017372039,0.017943312,0.0151655558,0.0150025273,0.0149055828,0.0151519169,0.0133787144,0.0058325443,0.0131710123,0.0131545603,0.0140203314,0.0131062054,0.0140257793,0.0145517627,0.0181016082,0.0177102388,0.0105813697,0.0104390967,0.0125074641,0.0127970655,0.0122027967,0.0120722228,0.012069686,0.0137232957,0.0141180408,0.0144303436,0.0166441172,0.0144131592,0.0148688009,0.0144352731,0.0139122523,0.0143608217,0.0132690492,0.0130134394,0.0121485822,0.0086384089,0.0077046788,0.0050066802,0.0111790558,0.0112296446,0.011409432,0.0110950689,0.0107503551,0.0139041981,0.0128160863,0.0135221412,0.0136033759,0.01326027,0.0139059394,0.0089399448,0.0094794622,0.008983317,0.012243162,0.0125115835,0.0114150919,0.0109339766,0.0156868939,0.0148006037,0.0147815787,0.0153441533,0.0150515901,0.0141183276,0.0151841123,0.0142880915,0.0140193478,0.0175036325,0.0142886818,0.0119765339,0.0149053506,0.0140723047,0.0154111318,0.0065699443,0.0066263492,0.0126891099,0.0125649356,0.0125483877,0.0149615919,0.0125108759,0.0133002023,0.0096015379,0.0095425163,0.0062428552,0.0122882575,0.0126225915
0.0159405167,0.0153326368,0.0099583266,0.0101335072,0.0100161203,0.0101537196,0.0111170974,0.0090250384,0.0090250384,0.0108076315,0.0060026995,0.0113051134,0.0108076315,0.0084185689,0.0084185689,0.0071057613,0.0113724426,0.0090692134,0.0075639932,0.0080577988,0.0080043884,0.0106319203,0.0087936474,0.0082938481,0.0127721901,0.0175322818,0.0175951554,0.0177169963,0.017551438,0.0175912686,0.017894797,0.0174008158,0.0177876922,0.0152758165,0.0150826276,0.0149945005,0.0152709325,0.0131043271,0.0056926453,0.0128068861,0.0127754514,0.0135335346,0.0129259389,0.0139549735,0.0145692908,0.0181203236,0.0180426271,0.0109212735,0.0107878978,0.0125242269,0.0128379735,0.011825711,0.0122312653,0.0122649917,0.0133398334,0.0139015646,0.0139609632,0.0168182681,0.014501138,0.0150173915,0.0145165457,0.0139555165,0.0144498853,0.0130683799,0.012842266,0.0120510179,0.0085681884,0.0079658759,0.0046843641,0.011212438,0.0110288214,0.011996128,0.0110853186,0.0110252311,0.0136688061,0.0123672901,0.0132643992,0.0133467234,0.0131167195,0.0137610375,0.0086157078,0.0090957196,0.0086535078,0.0121937061,0.0124819776,0.0115941061,0.0112333165,0.0158559179,0.0147733839,0.0148425186,0.0153664958,0.0152374063,0.013977857,0.0153583743,0.014149925,0.0139237931,0.0175768785,0.014169341,0.0119877882,0.01503475,0.0139407049,0.0157779077,0.0067748384,0.0068307245,0.0127721901,0.0127154158,0.0127038283,0.0150333742,0.0126596387,0.0134741977,0.0094116759,0.0093590106,0.006165278,0.0121342556,0.0123556014
0.015746488,0.0153196381,0.0100368448,0.0101911511,0.0100837629,0.0102260226,0.011124715,0.0089814712,0.0089814712,0.0108557643,0.0059371309,0.0113454323,0.0108557643,0.0083562705,0.0083562705,0.0069755365,0.0114402178,0.0090427872,0.0074918427,0.0079822302,0.0079299636,0.0107090573,0.0087570872,0.0083315281,0.0126552762,0.0172397401,0.0176484943,0.0176268387,0.0176111186,0.0174772373,0.0179587971,0.0174124748,0.0178376054,0.0153252415,0.0151439929,0.0150400963,0.0152978797,0.013687736,0.0052191615,0.0130462616,0.013041795,0.0133392734,0.0130948283,0.013585436,0.0142139498,0.0181503519,0.0180380227,0.0107375436,0.0106122547,0.0124065026,0.0127793394,0.01203277,0.0129640429,0.0129875512,0.0138361082,0.0141025366,0.0142589888,0.0166507714,0.0143160415,0.0147636464,0.0143492762,0.0138582575,0.0143008179,0.0136124831,0.0133421124,0.0120050471,0.0084745282,0.0079883101,0.0044273254,0.0112103679,0.0110900401,0.0119377075,0.0111805103,0.0110470783,0.013295363,0.0119790908,0.0128121617,0.0129328964,0.0130211603,0.0136421589,0.0087362129,0.0091504656,0.0087748927,0.0120733186,0.0120774492,0.011336088,0.010996011,0.0156190401,0.0148618658,0.0148247998,0.0152842943,0.0151846755,0.013573011,0.015291445,0.0137365443,0.0135275783,0.0174271603,0.0137520492,0.0118262415,0.0149772734,0.0135381464,0.0157981304,0.0067384379,0.0067759337,0.0126552762,0.0125002894,0.0124965575,0.0149882471,0.0124610936,0.01329937,0.0094624254,0.0094257261,0.0059142386,0.0127719165,0.0127938158
0.0156167181,0.0157395278,0.0101457228,0.0102801297,0.0101788825,0.0103287276,0.0111000186,0.0089874169,0.0089874169,0.0109704273,0.0060190807,0.0114880301,0.0109704273,0.0083390384,0.0083390384,0.0069748481,0.0115333773,0.0090711148,0.0075533731,0.008014253,0.0079414196,0.0108278683,0.0086965533,0.00821917,0.0132529776,0.0174389957,0.0176749227,0.0176315519,0.0176502068,0.017637911,0.017960204,0.0174553373,0.0178925436,0.0149864443,0.0148819019,0.014810938,0.0149822755,0.0137227063,0.0051316096,0.0137422097,0.0137403472,0.0138699873,0.0130927465,0.0141247873,0.0147116373,0.0181236583,0.0179828181,0.0110747325,0.0109361568,0.0129654811,0.013402063,0.012939313,0.0129106042,0.0129605236,0.0138488528,0.0144417278,0.0147832465,0.0165918563,0.0145262603,0.0148768332,0.0145941582,0.0141921658,0.0145073728,0.0135592466,0.0133222743,0.012641338,0.0085791283,0.0080914724,0.0044389516,0.0118455019,0.0117428019,0.0118899408,0.0118907832,0.011846011,0.0136914582,0.0125451436,0.0131846506,0.0133692311,0.0129650834,0.0139717709,0.0089138516,0.0093302995,0.0089481835,0.0127038443,0.0124119075,0.0118276443,0.0113966443,0.0156127318,0.0149864241,0.0151715158,0.0156395389,0.0154722063,0.0135907243,0.0149438396,0.0137312549,0.0134645778,0.0173652118,0.0137275257,0.0115921827,0.0146587229,0.0135660709,0.0153731042,0.0066556971,0.0066969797,0.0132529776,0.0130556651,0.0130594755,0.0153812755,0.0130245714,0.0138770686,0.0097080224,0.009654078,0.0057698273,0.0133451639,0.0134576674
0.015949255,0.0158196821,0.0101963094,0.0103184434,0.0102205504,0.0103735997,0.0113045018,0.0090525498,0.0090525498,0.0109554019,0.006041013,0.0114770387,0.0109554019,0.0083874221,0.0083874221,0.0069936915,0.011558945,0.0091532387,0.0076988603,0.008122795,0.008016145,0.0108039373,0.0087924052,0.0082614316,0.014378195,0.0174776033,0.0175066734,0.0177076019,0.017460156,0.0173369714,0.0176931797,0.0177525359,0.017630938,0.0151795262,0.0150507207,0.014981095,0.0151964783,0.0135830009,0.0053014399,0.0139197294,0.0139106134,0.0144393311,0.0129085356,0.0146572151,0.0152888387,0.0181588946,0.0180247995,0.0127146922,0.0125282123,0.0142716533,0.0145293846,0.0130950123,0.0121537814,0.0122425238,0.0138392078,0.0143959134,0.0147497835,0.0164035891,0.0151739658,0.0152937047,0.015264536,0.0145399936,0.0152007533,0.0131168933,0.0127842023,0.0139111172,0.0086627129,0.0078907485,0.0046280623,0.0128050665,0.0121149464,0.0125402346,0.0121577464,0.0123572873,0.0144333866,0.0132577068,0.0140426019,0.0141064457,0.0128630405,0.0137943203,0.0091720068,0.0095657728,0.0092177207,0.0142068957,0.0132213915,0.0127531081,0.0130316401,0.0158992665,0.0149696818,0.0152269234,0.0157323842,0.0158413356,0.0138288259,0.0147837634,0.0139737585,0.0136642592,0.0174409689,0.0139610738,0.01128728,0.0144825599,0.0138156564,0.0152226863,0.0066529281,0.006698833,0.014378195,0.0142118818,0.0141830464,0.016116913,0.0141550137,0.0148935033,0.0097934367,0.0097358221,0.0058996207,0.0130970662,0.0133368884
0.0158751488,0.0152697057,0.0105155877,0.0106308683,0.0105365613,0.0106999898,0.0117877078,0.0092207198,0.0092207198,0.0109780768,0.006271149,0.0114697553,0.0109780768,0.0085879594,0.0085879594,0.0071976066,0.0115428163,0.0092876462,0.0078665775,0.0083069157,0.0082180712,0.0107721649,0.0085427009,0.0078996314,0.0141923235,0.0176239547,0.0176070992,0.0177500512,0.0175689436,0.0174965784,0.0178772484,0.0177246727,0.0178142637,0.0153133047,0.0151486103,0.015065463,0.0153100304,0.0130426974,0.0053002314,0.0131018363,0.0130830342,0.0141316471,0.0125293585,0.0142456964,0.014899247,0.0179466682,0.017990778,0.012110379,0.0119067533,0.0141269117,0.014342447,0.0122655589,0.0117610189,0.0117735905,0.0133789634,0.0137831252,0.0143360891,0.016376505,0.0151073762,0.0151637519,0.0151499713,0.0142814478,0.0151324492,0.0129420432,0.0126433203,0.0138268408,0.0086040266,0.007525883,0.0048799469,0.0124978103,0.0120112582,0.0137888623,0.0120979846,0.0122514311,0.0141914922,0.0133046554,0.0139086748,0.0139188533,0.0127617752,0.0136013801,0.0091350768,0.0095361108,0.0091710476,0.0142245477,0.0134271804,0.0129526304,0.0125897033,0.0158980929,0.0149738116,0.0149557936,0.0151861641,0.0154501654,0.0136791683,0.0147268613,0.0138495398,0.0136534335,0.0170440925,0.013867862,0.0113981321,0.0144504433,0.0136566155,0.0151678321,0.0063598294,0.0064124759,0.0141923235,0.0140304797,0.0139942644,0.0160318887,0.013970779,0.0146531915,0.0096596865,0.0096115122,0.0060015288,0.0121461946,0.0124094134
0.0157003019,0.0150109276,0.0106359115,0.0107474129,0.0106566372,0.0108226393,0.0117045969,0.0093726177,0.0093726177,0.0110515406,0.0064670129,0.011537058,0.0110515406,0.008808433,0.008808433,0.0075856275,0.0115955441,0.0093690858,0.0082197677,0.008656824,0.0085223816,0.0108758358,0.0083095122,0.0075182157,0.0130478912,0.0176461202,0.0176186849,0.0178073627,0.017581687,0.0175955349,0.017940871,0.0175940356,0.017945471,0.0150455884,0.0148946064,0.014821378,0.0150522266,0.0132576978,0.0052843108,0.0126712533,0.0126400346,0.013374378,0.0127145172,0.0135931266,0.0143412648,0.0177194873,0.0179026727,0.0111145064,0.0109628592,0.0130097057,0.0131917801,0.0118297377,0.011716613,0.0117290714,0.0133816644,0.0135913193,0.0138106242,0.0162399144,0.0145105141,0.0146212307,0.0145308891,0.0138112731,0.0145434252,0.013094545,0.0128272255,0.0128598085,0.0085823775,0.0074912844,0.0049431406,0.0115668933,0.0109785412,0.0136804262,0.0110354432,0.0111410335,0.0133424211,0.0122475564,0.0128731523,0.0129786689,0.0124705124,0.0131615804,0.009116083,0.0095157532,0.0091532247,0.0131488266,0.0121742863,0.011672762,0.0114979877,0.0153809683,0.0144548301,0.014815171,0.0149841436,0.0152598985,0.0133561748,0.0145367394,0.0135069651,0.0133114269,0.0168751825,0.0135268381,0.0114544603,0.0142445179,0.0133335867,0.0150989248,0.0061730052,0.006208965,0.0130478912,0.0128968321,0.0128820176,0.0156139551,0.0128462787,0.0137867544,0.0098207921,0.0097795872,0.0064185455,0.0119027693,0.0121551221
0.0153846665,0.0149749103,0.0104961823,0.0106449545,0.010537158,0.0106927274,0.0115331775,0.0093184066,0.0093184066,0.0110889101,0.0066917483,0.01156054,0.0110889101,0.0087361177,0.0087361177,0.0076849164,0.0115418664,0.0093306455,0.008248883,0.0086127684,0.0084393594,0.010928701,0.0082218893,0.0075578969,0.0123406177,0.0176713261,0.0176503087,0.0179221733,0.0176075552,0.0177581511,0.0179365983,0.0173694164,0.0181146406,0.0148916018,0.0147487768,0.0146718421,0.0148804684,0.0129210755,0.0054111601,0.0126777776,0.0126892874,0.013064124,0.0127559943,0.0133463344,0.0139659615,0.0180250068,0.018036713,0.010736283,0.0105889955,0.0121639288,0.0125014281,0.0119890622,0.0113206332,0.0113689075,0.0136617179,0.0136772471,0.0137946186,0.0162814339,0.0144206476,0.0147439226,0.0144104066,0.0137023101,0.0144280642,0.0129127513,0.0125773672,0.012233758,0.0083226622,0.0073734059,0.0051065177,0.0110802441,0.0110489872,0.0126848426,0.0109568094,0.0108747268,0.0130969997,0.012168999,0.0126440122,0.0127169789,0.0124583943,0.0133332964,0.0089735879,0.0093857837,0.0090092726,0.0121547893,0.0117541254,0.0110824976,0.0111414455,0.0155093024,0.0146323573,0.0143169594,0.0148695304,0.0146534644,0.0133769158,0.0147254408,0.0135217811,0.0131783589,0.0170360797,0.0134967415,0.0115267783,0.0144041457,0.0133764422,0.0151726741,0.0061872358,0.0062518629,0.0123406177,0.0121318233,0.0121435684,0.0153077365,0.0121097448,0.0133133275,0.0095907928,0.009576524,0.0064864816,0.0117666658,0.0121622804
0.0153247158,0.0150563179,0.0103589837,0.0104760115,0.0103821414,0.0105446518,0.0114485642,0.0092358865,0.0092358865,0.011003183,0.006514508,0.011494174,0.011003183,0.0086382365,0.0086382365,0.007461708,0.0115015941,0.0092658726,0.0080207726,0.0084491177,0.0083324934,0.0108214448,0.008246617,0.0077576032,0.012678567,0.0175397899,0.0176358018,0.017737992,0.0176294385,0.0176506767,0.017800817,0.0173085434,0.017975392,0.0149577691,0.0148392615,0.0147262226,0.0149546045,0.0123271797,0.0053059295,0.0119160998,0.0119229061,0.0127982219,0.0125879589,0.0133623955,0.0139367156,0.0181482582,0.0181015082,0.0108036677,0.010661858,0.0125429663,0.0128254233,0.0112559885,0.0111523172,0.0112044589,0.013348602,0.0136817894,0.0136855075,0.0163205263,0.0143551066,0.0144964566,0.0143721872,0.0137185302,0.014379726,0.0121894235,0.0117809651,0.0123892045,0.0080862948,0.0069960372,0.0050024406,0.011287783,0.0109410316,0.0121029934,0.0110376108,0.0110128629,0.0129998135,0.0121681018,0.0125267615,0.0125756997,0.0125318908,0.0132417818,0.0091635545,0.0095376254,0.0092043108,0.0124228163,0.0119324893,0.011399608,0.0111838032,0.0151707774,0.0145443636,0.0144708531,0.0148740457,0.0147813054,0.0137158519,0.0147646332,0.0138523804,0.0135851124,0.0174346838,0.0138553693,0.0116363276,0.0144676602,0.0137047075,0.0152269193,0.0063522754,0.0064440865,0.012678567,0.0124957427,0.012495233,0.0153708476,0.0124621344,0.0134179893,0.0096838434,0.0096425976,0.0063030038,0.0110659936,0.0115835957
0.015506915,0.0153156816,0.0104274888,0.0105597207,0.0104590124,0.0106243242,0.0114446686,0.0092599342,0.0092599342,0.0109495822,0.006298746,0.0113913342,0.0109495822,0.0086537926,0.0086537926,0.007454387,0.0113930023,0.009296562,0.0080693196,0.0084752988,0.0083352086,0.010755596,0.0081927443,0.0078370478,0.0122066856,0.0175822481,0.0179508682,0.0177124876,0.0179533245,0.0176397127,0.0180938009,0.0172750342,0.0179395912,0.0148390919,0.0146845995,0.0145534363,0.0148270988,0.0122957997,0.0053441353,0.0118975886,0.0119051552,0.012635769,0.0123865594,0.0132018523,0.0138774954,0.0181437566,0.0178979268,0.0105328384,0.0103841474,0.0119881085,0.0123615884,0.0109205863,0.0110007302,0.0110460316,0.013172981,0.0136801608,0.0137967434,0.0166082761,0.0143085939,0.0145184203,0.0142916065,0.0135787301,0.0143377946,0.0121885024,0.0119821379,0.0118131176,0.0079094006,0.0070699655,0.0047720078,0.0108755169,0.010422903,0.0122637719,0.0105567245,0.0105486447,0.0126720607,0.011696305,0.0122127433,0.0122263356,0.0124366927,0.0131384399,0.0090226134,0.0093760329,0.0090617842,0.0118739655,0.0114572662,0.010835844,0.0108065842,0.0153565495,0.0144400308,0.0144214426,0.0151115386,0.0150500156,0.0136348004,0.0152672184,0.0138314219,0.0135685059,0.0174077677,0.0138226795,0.0116686962,0.014972317,0.0135905879,0.0155537636,0.006229711,0.0063041255,0.0122066856,0.0119920953,0.0120311648,0.0153041405,0.0119910717,0.0134258599,0.0094112009,0.0093712412,0.0061594641,0.0112773469,0.0116679365
0.0153389445,0.015330041,0.0103720842,0.0105475224,0.0104272252,0.0105814946,0.0113169321,0.0092397271,0.0092397271,0.0111118167,0.0065453486,0.0115824861,0.0111118167,0.0086340396,0.0086340396,0.0074457952,0.0116000014,0.0092730542,0.0079841861,0.0083802938,0.0082482653,0.0109744271,0.0078628176,0.0073765523,0.0124663278,0.017527307,0.0179354792,0.0176627403,0.0179319333,0.0177181014,0.0181194799,0.0174383646,0.0180218896,0.014913884,0.0147535181,0.0146238896,0.0148848333,0.0121520792,0.0053479287,0.0121183084,0.0120953459,0.0129764375,0.012531866,0.0133826209,0.0139554007,0.0179389473,0.0178379493,0.0104681042,0.0103251445,0.0123359681,0.0125819007,0.0111612604,0.0110200417,0.0110637077,0.0129795042,0.0137943924,0.0138523625,0.0163728014,0.0144087458,0.0146625111,0.0144025903,0.0137515646,0.0144229445,0.012202157,0.0120457466,0.0120569244,0.0076133905,0.0073287348,0.0048242188,0.0110087063,0.0108600445,0.0116741634,0.0108978063,0.0107718556,0.0130624382,0.0120532542,0.0126820882,0.0127007709,0.0129807438,0.0135969611,0.0088607542,0.0092729764,0.0089037035,0.0122150347,0.0118767479,0.0112735521,0.0107482563,0.0154439709,0.0143778736,0.0140843688,0.0149810611,0.0146838785,0.013828757,0.0150320987,0.0139783083,0.0136657195,0.0173028486,0.0139591715,0.0113245549,0.0147304382,0.0138183882,0.0154117813,0.0062456544,0.0063286106,0.0124663278,0.0123428236,0.012344116,0.0151984639,0.0123127292,0.013481575,0.0093536493,0.0093073243,0.0061393285,0.0112291584,0.0115303875
0.0151476998,0.0146961513,0.0101443815,0.0103262231,0.0102002016,0.0103503731,0.0111278426,0.0091479547,0.0091479547,0.0111020068,0.00655007,0.0116071387,0.0111020068,0.00853602,0.00853602,0.0073670936,0.0116450637,0.0091885318,0.0078559075,0.0082445436,0.0081186033,0.0109832908,0.0075006717,0.0071010238,0.0123209613,0.0171572536,0.0178533106,0.0175484821,0.0178352266,0.0174852168,0.018007396,0.0173537821,0.017872346,0.0148270502,0.0146742724,0.0145183571,0.0148029446,0.0115911957,0.0054387002,0.01160162,0.0116059394,0.0124040655,0.0122633401,0.0129242731,0.013416444,0.0174819672,0.0177256255,0.0105527731,0.0104006849,0.0121441877,0.0124754516,0.0109258946,0.0108366214,0.0108696915,0.0126046214,0.0130631769,0.0127495832,0.015784695,0.0145533384,0.014637078,0.0145422988,0.0137803662,0.0145664717,0.0119692297,0.0116671992,0.0118401016,0.0075709391,0.0072336429,0.0050944825,0.0108545815,0.0105487947,0.0119144452,0.0106072488,0.0105400606,0.0126995578,0.0117446162,0.0124155197,0.0123501245,0.0125781123,0.0132488936,0.0087389394,0.0089659505,0.0087885415,0.0119861037,0.0117339224,0.0109124981,0.0108620037,0.015398571,0.0143241516,0.0140611426,0.0143595804,0.014020995,0.0141888901,0.0151612721,0.0143616665,0.0140788936,0.017282063,0.0143621186,0.011064311,0.0148464561,0.0141715256,0.0153817547,0.0062387231,0.0063400967,0.0123209613,0.012118596,0.0121385898,0.0154778995,0.0121106419,0.0135920863,0.0094257249,0.0093721526,0.0062238144,0.0108231151,0.0113002901
0.014547398,0.0139443757,0.0098340775,0.0100633552,0.0099230018,0.0100474177,0.0105142775,0.0090708637,0.0090708637,0.0109748707,0.0066577054,0.0114949505,0.0109748707,0.0084363172,0.0084363172,0.00726117,0.0115334144,0.009133311,0.0076510471,0.0080543006,0.007963186,0.0108892144,0.0075679344,0.0071178608,0.0124943403,0.0172469625,0.017730659,0.0176308625,0.0177122014,0.0176147035,0.0178939979,0.0168912007,0.0179705007,0.0142062869,0.0140622195,0.0139541466,0.0141956674,0.0112984535,0.0055279636,0.0110951521,0.0111244986,0.0119983834,0.0119731917,0.0124590667,0.0129649633,0.0171684146,0.0177040438,0.0106230056,0.0104732764,0.0122675521,0.0126391827,0.0101963861,0.010670725,0.0107332077,0.0127441569,0.0128225459,0.0121608431,0.0152454701,0.0140072723,0.0140479313,0.0140090216,0.0132599111,0.0140213445,0.0119987264,0.0116933167,0.0120193105,0.0076895212,0.007639561,0.0049641242,0.0108821153,0.0103531084,0.0116734738,0.0104398556,0.0103113771,0.0122286583,0.0112968063,0.0118801056,0.0119478861,0.0122043722,0.0128775792,0.0086808145,0.0089999401,0.0087194728,0.0121283091,0.0114427195,0.0109762625,0.0109418528,0.0148042903,0.0137103049,0.0135884084,0.0136127931,0.0136996424,0.0133254465,0.0146954,0.0134868445,0.0132663097,0.0169676215,0.0134990264,0.0107899139,0.0143664945,0.0132988618,0.0149797868,0.0062425726,0.0063406677,0.0124943403,0.012310541,0.0123239896,0.0148915028,0.0122925577,0.0133239799,0.0091424783,0.0091045992,0.0060214158,0.0103585306,0.0110013903
0.0144292321,0.0140797607,0.0096701669,0.0098713717,0.0097366391,0.0098784398,0.0104789259,0.0090731005,0.0090731005,0.0110574103,0.0067081186,0.0115553457,0.0110574103,0.0084258735,0.0084258735,0.0072437922,0.0115696374,0.009147961,0.0077100346,0.0081010783,0.0079975769,0.0109503193,0.0074056481,0.0069463578,0.0117627728,0.0171408825,0.017692611,0.0172539825,0.0176679429,0.0174298762,0.0178263804,0.0166689852,0.0177629297,0.0138643686,0.0137343269,0.0136536887,0.0138667658,0.0117346946,0.0053218009,0.0113123821,0.0113333544,0.0117850061,0.0123526842,0.0123279263,0.012717454,0.0170386016,0.017351212,0.0101689554,0.0100495776,0.0116679311,0.0119195568,0.0103794394,0.0109216203,0.0110021807,0.0128579419,0.0128204245,0.0123096523,0.0152350759,0.0134583394,0.0136282269,0.0134681512,0.0128696096,0.0134585971,0.0119592217,0.0117381558,0.0114350457,0.0074610599,0.0078222401,0.0049771422,0.0105140999,0.0102376804,0.0118903889,0.0102862082,0.0101263318,0.0119779804,0.0111921214,0.0115767999,0.0116716776,0.0124485051,0.0129196217,0.0085271061,0.0087856388,0.0085621339,0.0115169457,0.0109547137,0.0105216131,0.0103768776,0.014226711,0.0134949811,0.0136155991,0.0137480384,0.0134471648,0.0131503176,0.0142584856,0.0132697752,0.0130267516,0.0164511419,0.0132798815,0.0108940898,0.013945062,0.0131204197,0.0145881745,0.0062440821,0.0063364335,0.0117627728,0.0115662255,0.0115825901,0.0142162346,0.0115489228,0.0125714714,0.0089787019,0.0089485103,0.0059402263,0.0108467252,0.0111195044
0.0144554516,0.0142225807,0.0097314358,0.009911224,0.0097826323,0.0099362733,0.0105571941,0.008961303,0.008961303,0.0110528488,0.0065106321,0.0115347835,0.0110528488,0.0082802384,0.0082802384,0.0070436627,0.0115743856,0.0090667106,0.0075150092,0.0079253183,0.0078247787,0.0109175585,0.0074767413,0.0071080573,0.0116980984,0.0169887227,0.0176856047,0.017087345,0.017666038,0.0174417484,0.0177791006,0.0168308999,0.0176844026,0.0138940193,0.0137850957,0.0136787457,0.0138793339,0.0118719162,0.0054498948,0.0119862794,0.0120022113,0.0123159332,0.0123012329,0.0125383505,0.0129239102,0.0169477752,0.017038212,0.0101165929,0.0099862728,0.011555211,0.0118543825,0.011307995,0.0105737113,0.0106696502,0.0124776064,0.0126867773,0.0123239308,0.0154566683,0.0137279075,0.0137048679,0.0137747332,0.0130992165,0.0137409797,0.0118786558,0.0117954815,0.0113607526,0.0072949726,0.0075799037,0.0048657821,0.0106787832,0.0108858901,0.0113192145,0.0108847165,0.0106777137,0.012203479,0.0117550735,0.0119917568,0.0119895533,0.0125185273,0.0127621731,0.008335453,0.008605228,0.008379262,0.0113692721,0.0112072339,0.0106232783,0.0103792443,0.0143944241,0.0136669422,0.0137344013,0.0138189918,0.0137553474,0.0132800155,0.0145773856,0.0134427599,0.013210021,0.0167010301,0.0134526648,0.0110478453,0.0142647752,0.0132385634,0.0150049189,0.0064283129,0.0065268094,0.0116980984,0.0115017005,0.0115179533,0.0143023908,0.011480495,0.0127206547,0.0088793544,0.0088470731,0.0055158433,0.0112134557,0.0116160794
0.0144028597,0.0144800903,0.0096208382,0.0098268702,0.0096847299,0.0098276577,0.0103626931,0.0090251559,0.0090251559,0.0108503018,0.0060615469,0.0113405448,0.0108503018,0.0083366247,0.0083366247,0.0069455698,0.0114407969,0.009139174,0.0075177038,0.0079529247,0.0078781156,0.0106657677,0.0074304118,0.0071959021,0.0119021662,0.01704733,0.017562146,0.0171852661,0.0175349446,0.0175323981,0.017684855,0.016809637,0.0178157863,0.0138967551,0.01378668,0.0136925842,0.0138799606,0.0115495792,0.0055257785,0.0117065014,0.0117310618,0.0121922405,0.0121780965,0.0125541384,0.0130576981,0.0169330382,0.0170247521,0.010322262,0.0101779328,0.0118208356,0.0120449176,0.0109525786,0.0106030167,0.0107012111,0.0124594354,0.0129564938,0.0123269195,0.0151822688,0.0136557516,0.0137508752,0.0136452405,0.0129162481,0.0136862502,0.0115387646,0.0113623459,0.0116764724,0.0074509438,0.0072181809,0.0046885761,0.0107601967,0.010603837,0.011269236,0.0106951182,0.0105654467,0.0122191044,0.0115957919,0.0119422189,0.0118580411,0.0125760215,0.0127878535,0.0084617643,0.0087485011,0.0085068754,0.0116040176,0.0115260585,0.0108473064,0.0106652669,0.014592321,0.0136606981,0.0136863717,0.0141184396,0.0137791216,0.0139256111,0.0150559431,0.0141142577,0.0138977778,0.0168832479,0.0141282736,0.0110215826,0.0147672341,0.0138720097,0.0155103819,0.0065181736,0.0066001507,0.0119021662,0.0117349328,0.0117607349,0.0146005682,0.0117117599,0.0126893773,0.0090625608,0.0090154379,0.0055819323,0.0109196479,0.0114051903
0.0144066047,0.0144226832,0.0093671714,0.0095724165,0.009432538,0.0095671498,0.0100781637,0.0089931278,0.0089931278,0.0107700792,0.005962691,0.0112294382,0.0107700792,0.0083292834,0.0083292834,0.0069473202,0.0112799354,0.0090845875,0.007499166,0.0079732896,0.0079120882,0.0105620146,0.0072191512,0.00672297,0.0117049717,0.0171266252,0.0174376169,0.0173719078,0.0174255974,0.0173544704,0.0175975037,0.0167344641,0.0175876425,0.014065103,0.0139185432,0.0137904495,0.0140354405,0.0111952262,0.0055255922,0.0112497359,0.011285429,0.0116886683,0.0113284971,0.0121548571,0.0127353801,0.0169336276,0.0171401415,0.0100574738,0.0099392648,0.0116154071,0.0118667064,0.0106101641,0.0098589776,0.0099780818,0.012030045,0.0130206464,0.0122308193,0.0153508297,0.0136938294,0.0137933238,0.0136859731,0.0129012203,0.0137177877,0.0105238943,0.0104579075,0.0113500509,0.0073404762,0.0072004104,0.0046310389,0.0104157384,0.0103497238,0.0115864509,0.0103865898,0.0102510703,0.011766712,0.0112494495,0.0114817175,0.0113496766,0.0123277145,0.012855095,0.0086044764,0.0088421278,0.0086507215,0.0114027453,0.0110376009,0.0102877627,0.0103324162,0.0148678411,0.013725696,0.0134843974,0.0140926478,0.0136473012,0.0137696353,0.0150570346,0.0139488325,0.0137023651,0.0168683019,0.0139531081,0.0110208769,0.0147520408,0.0137391096,0.0154264713,0.0064629964,0.0065480352,0.0117049717,0.0114972037,0.0115485564,0.0145313668,0.0115012057,0.012693655,0.0089713341,0.0089232993,0.0059491826,0.0108309172,0.01108557
0.0143168495,0.0133968884,0.0092000755,0.0094181756,0.0092708144,0.0094057985,0.0101800714,0.0088488018,0.0088488018,0.0108006907,0.0059663719,0.0112677886,0.0108006907,0.008183724,0.008183724,0.0068670045,0.0113749899,0.0089449399,0.0073982941,0.0078410768,0.0077663427,0.0106084545,0.0069964769,0.0065077547,0.0120767495,0.017071196,0.0173083801,0.0173558023,0.0172781939,0.0172342044,0.0174541509,0.0168800433,0.0174271613,0.0139423259,0.0138220446,0.0136970419,0.0139227634,0.0103847398,0.0053714339,0.0115010946,0.0115369308,0.0121398523,0.0109871863,0.0123346106,0.0128672558,0.0168428974,0.0171523231,0.0105172863,0.0103755863,0.0119889627,0.0122195321,0.0110473808,0.0098734884,0.0099952377,0.0114424995,0.0125209821,0.0122864856,0.0152730286,0.0134733176,0.0137568766,0.0135075197,0.0129199488,0.0134928898,0.0099043502,0.0098183294,0.0118120509,0.0073196644,0.0068542962,0.0046210163,0.0109181738,0.0105205808,0.0112269266,0.0104549731,0.010471912,0.0120353856,0.011420087,0.0117496564,0.0117362197,0.0118081939,0.0122948738,0.0081943483,0.0085456573,0.0082268073,0.0117704606,0.0112395273,0.0107574766,0.010771537,0.0145499648,0.0136234238,0.013214419,0.0134450856,0.0134080592,0.0129776537,0.0145737286,0.0131499474,0.0129918481,0.016691562,0.0131797016,0.0108797863,0.0142449092,0.0129443155,0.014999628,0.006309836,0.0063928867,0.0120767495,0.0119103078,0.0119460419,0.0143303113,0.0119054946,0.0128067189,0.0086953865,0.0086516643,0.0058098879,0.0106845675,0.0112316682
0.014047507,0.0133111084,0.0095199759,0.0097365502,0.0095922488,0.0097265731,0.0106503307,0.0087705703,0.0087705703,0.010722628,0.0060394752,0.0111959641,0.010722628,0.0080682488,0.0080682488,0.0068014849,0.0111951363,0.0089020953,0.0072529724,0.0076449585,0.0075543967,0.0105125877,0.0072089425,0.0068620474,0.0120767813,0.0170432583,0.0176706729,0.0171699973,0.0176677771,0.017331493,0.0177846938,0.0168586708,0.0175736896,0.0135484229,0.0134049222,0.0133078799,0.0135206278,0.0101963521,0.0052175585,0.0108046417,0.0108647125,0.0113552354,0.0106532702,0.011883566,0.0123396577,0.0167143875,0.0171485389,0.0109481188,0.0107872132,0.012025566,0.0122497604,0.0106432667,0.0092412049,0.009379625,0.0111357264,0.0116065674,0.0113831667,0.0150144431,0.0138536848,0.0139540299,0.0138839195,0.013140082,0.0138804396,0.0100975243,0.0099086723,0.012141025,0.0075201134,0.0068923933,0.0045265155,0.011107241,0.0104216854,0.0117302544,0.0105059014,0.0107200146,0.0114100458,0.0112502841,0.0113849542,0.0112205743,0.0114588111,0.0115999195,0.0082088224,0.0084580016,0.0082507551,0.0120889209,0.0110764083,0.0108055799,0.0113049223,0.0145765236,0.0134573438,0.0129579861,0.0132409729,0.0130959896,0.0126442695,0.0144080452,0.0128386355,0.0127005722,0.0165227264,0.0128652528,0.0108600188,0.0140827215,0.0126025611,0.0148359201,0.0060405398,0.0061304113,0.0120767813,0.0118457618,0.0118700313,0.0148611417,0.0118395042,0.0129785979,0.0087469335,0.0087051065,0.0058862162,0.0102428889,0.0107659139
0.0139501929,0.0132795498,0.0095937222,0.009800732,0.0096629361,0.0098004125,0.0106786757,0.0087455122,0.0087455122,0.0106274879,0.0059695483,0.011035124,0.0106274879,0.0080104559,0.0080104559,0.0066661274,0.0109092212,0.0089077031,0.0071402559,0.0075516955,0.007481917,0.0103285601,0.0072038327,0.006916782,0.0108101575,0.0169588873,0.0173974887,0.0170855769,0.0173867318,0.0172274783,0.017527904,0.0168873276,0.0175261172,0.013637345,0.01347787,0.01335917,0.0136159825,0.0101532742,0.0052952174,0.0104912665,0.0105240436,0.01103857,0.0110482867,0.0116784242,0.0121931339,0.0166231519,0.0171302665,0.0101026505,0.0099753561,0.0107200137,0.0109429415,0.0099255478,0.0092468408,0.0093271242,0.0114794109,0.0118236339,0.0116064964,0.0146325561,0.0131188526,0.0136003165,0.013061088,0.0124734338,0.0130734415,0.0102553644,0.010068329,0.0109179005,0.0075984236,0.0063890594,0.0043477073,0.0102044977,0.0096498366,0.0120569507,0.009674113,0.0097313033,0.0111414318,0.0105570151,0.0108637769,0.0108038728,0.0119202436,0.0119065846,0.0082880004,0.0085417142,0.0083189358,0.0108225714,0.0104476228,0.0100350755,0.0103487804,0.0144866519,0.013399795,0.0128771401,0.0131003311,0.0128341971,0.0131218637,0.0145033485,0.0132866978,0.0131086241,0.0166847769,0.01330872,0.0107926519,0.0141761193,0.0130778457,0.014898579,0.0059261021,0.006021932,0.0108101575,0.0106363519,0.0106425728,0.0137498492,0.0106087478,0.0115740506,0.0087030615,0.0086513129,0.0058068226,0.0099587714,0.0104202978
0.0144174368,0.0136704341,0.0093231734,0.0095026207,0.0093728603,0.0095189186,0.0104412603,0.008840849,0.008840849,0.0106660205,0.0058731025,0.0110456219,0.0106660205,0.0081348524,0.0081348524,0.0067283108,0.0109231677,0.0089756059,0.0072737594,0.0076918997,0.0076227018,0.0104104948,0.0069904165,0.00670027,0.0106915033,0.0168083137,0.0173658505,0.0171446609,0.0173524866,0.0171140124,0.0174858068,0.0167858714,0.0174546193,0.0140372318,0.0139148276,0.0137950811,0.01402417,0.0105218514,0.0052373964,0.0107543646,0.0107714639,0.0113511867,0.0114325125,0.0118106596,0.012381079,0.0170755868,0.0175959368,0.0092929735,0.0091684762,0.0104854915,0.0107946547,0.010243388,0.0098441903,0.0099134625,0.0113490097,0.0121101556,0.0116762188,0.0152194917,0.0125946061,0.0132268672,0.0125729387,0.0121223672,0.012565586,0.010282291,0.0102324375,0.0104677193,0.0074691498,0.0059842462,0.0045037129,0.0095372054,0.0096241679,0.0108262075,0.0095095304,0.0093731436,0.0113850728,0.0106215443,0.0109709387,0.0110125866,0.0126001896,0.0126134305,0.0080853469,0.0082519351,0.0081215608,0.010370079,0.0104715415,0.0097954103,0.0095544235,0.0144190485,0.0135877138,0.01303007,0.013335084,0.013129475,0.0135816,0.0150889403,0.0137510264,0.0135601674,0.0167946861,0.0137708118,0.0111179868,0.014765557,0.0135313035,0.0154321799,0.0057906714,0.0058787373,0.0106915033,0.010556461,0.0105778589,0.0135373248,0.0105314762,0.0114195089,0.0085298538,0.0085058108,0.0056391143,0.010158393,0.010563398
0.0144380382,0.0136126167,0.0089661542,0.0091724014,0.0090321743,0.0091617653,0.0099689007,0.008900203,0.008900203,0.0107838523,0.0059763981,0.0111494689,0.0107838523,0.0081726696,0.0081726696,0.0067118814,0.0110560696,0.0090515342,0.0073607175,0.007764371,0.0076723821,0.0105135432,0.0071294333,0.0069671229,0.0112897523,0.0167604245,0.017485503,0.0170557425,0.0174772627,0.0171338418,0.0176495849,0.0166605384,0.0174936543,0.0138341564,0.0137459821,0.0136582043,0.0138386766,0.010319941,0.0050735236,0.0108185299,0.0108442639,0.0114511814,0.0112575868,0.0123230411,0.0127348967,0.0175677174,0.0177108431,0.0096604058,0.0095245044,0.0111726196,0.0113882363,0.0102807085,0.0092385563,0.0093324049,0.0114841528,0.0117972479,0.0113054528,0.0156116548,0.012957187,0.0133856807,0.0129521321,0.0124859655,0.0129465995,0.010141316,0.0100434514,0.0110128314,0.0076815743,0.0058012481,0.0043543669,0.0099671641,0.0101717933,0.010368188,0.0100677807,0.0098194877,0.0117785446,0.0112007759,0.0113717731,0.0113757939,0.0124374153,0.0123643604,0.0080748884,0.0082259328,0.0081013238,0.0109521314,0.0110868064,0.010376871,0.0100511724,0.014210837,0.0134763932,0.0133820196,0.0134019847,0.013525366,0.0139623819,0.0151176431,0.0141709528,0.0140027174,0.0172022834,0.0141982333,0.0114577,0.0148321757,0.0139012452,0.0153059868,0.0056408778,0.0057145924,0.0112897523,0.0111748835,0.0111775196,0.0140463509,0.0111362787,0.012004755,0.0086009683,0.0085758995,0.0056944856,0.010048682,0.0104023146
0.014016546,0.0133621293,0.0086094797,0.0088331943,0.0086878165,0.0088093971,0.0095287908,0.0089724177,0.0089724177,0.0106707664,0.006071874,0.0110786705,0.0106707664,0.0082975608,0.0082975608,0.007054158,0.0110577087,0.0090693594,0.0076036247,0.0079796073,0.0078417038,0.0104272934,0.0067463443,0.0066225519,0.0117297375,0.0167399639,0.0173103195,0.0169758319,0.0173062979,0.0169797396,0.0175161312,0.0162250347,0.0173995021,0.0135985216,0.0134680834,0.0133689077,0.0135801229,0.0094652683,0.0048908762,0.0102947127,0.0103158821,0.0109145139,0.0110046912,0.0117971167,0.0120092028,0.017211153,0.0173633516,0.0104023847,0.0102264334,0.0116561236,0.0117832972,0.0097711063,0.0083490926,0.0084281911,0.0110410662,0.0116183849,0.0108188488,0.014974462,0.0134786556,0.0137827236,0.0134903493,0.0129298639,0.0134800618,0.0095015016,0.0093008162,0.0116053105,0.0074225519,0.0059145087,0.0044544781,0.0104688521,0.0099870514,0.0109272259,0.0100474584,0.0100877993,0.0113466708,0.0108599493,0.0112148216,0.0110615722,0.0121611502,0.0121220328,0.0083164698,0.0085005024,0.0083527358,0.0115165618,0.0111850215,0.0106364674,0.0108289139,0.0143977236,0.0134033209,0.0130877327,0.0128880106,0.012882755,0.0133629148,0.0148106648,0.0135676481,0.0134754926,0.0166517488,0.0136158106,0.0113048932,0.0145087752,0.0133023773,0.0151874682,0.0054162839,0.005483511,0.0117297375,0.0117091306,0.0116973299,0.0141837799,0.0116511771,0.0124652493,0.0087725011,0.0087542601,0.0058742691,0.0093362821,0.0098000988
0.0135498559,0.0126642094,0.0085154262,0.0087534124,0.0085999637,0.0087127658,0.0094533103,0.0088933144,0.0088933144,0.0107226061,0.0064358901,0.0111833186,0.0107226061,0.0082064582,0.0082064582,0.0072037971,0.0112356561,0.0090075353,0.0076166978,0.0079098811,0.007732913,0.0104902151,0.006608913,0.0063544936,0.0110900594,0.0168604052,0.0175248983,0.0172084122,0.0175168684,0.0171512337,0.0177008754,0.0165502518,0.0174631754,0.0132997191,0.0131493712,0.0130319934,0.013275499,0.0094318879,0.004849104,0.0096260254,0.0096579969,0.0100823205,0.0107625226,0.0107710379,0.0110983018,0.0161720316,0.0168822024,0.0098197566,0.0097050726,0.0109607115,0.0111895879,0.0090555129,0.0084773615,0.0085227823,0.0107307219,0.011377449,0.0102691823,0.0141607108,0.0127080052,0.0130575927,0.0127018177,0.0120463907,0.0127119469,0.0092803386,0.0091381927,0.010812708,0.0072986519,0.0062769339,0.0044805971,0.0097434018,0.0091260274,0.0115139792,0.0092249698,0.0093782976,0.010366117,0.010108983,0.0102491775,0.0101229247,0.0120299261,0.012319583,0.0083246478,0.0084489235,0.0083637873,0.0108325691,0.0102808094,0.0097940566,0.0101083288,0.0139933545,0.012890649,0.0123042157,0.0119998691,0.0118117087,0.0130461094,0.0140692733,0.0131770073,0.0130655865,0.0158323031,0.0132231976,0.0109596296,0.0137988553,0.0130128948,0.0143793379,0.005127045,0.0051861672,0.0110900594,0.0109766233,0.0109779642,0.0136808795,0.0109419268,0.011780292,0.0086858019,0.008641588,0.0058129644,0.0089034017,0.0093497587
0.0131347361,0.0126736986,0.0085945134,0.0088294155,0.0086793821,0.008790978,0.0094097495,0.008881963,0.008881963,0.010762629,0.0064894401,0.0112121797,0.010762629,0.0081880991,0.0081880991,0.007067336,0.0112161283,0.0090037637,0.007498654,0.0078599318,0.0077320151,0.0105331255,0.0064385141,0.0060495967,0.0104996698,0.0168753427,0.0176381865,0.0172314844,0.0176418316,0.0172596337,0.0177920226,0.0163434482,0.017516233,0.0128080684,0.0126605781,0.0125402844,0.0127855309,0.0089023292,0.0049497141,0.0093983354,0.0094200625,0.0100011531,0.0100024861,0.0109035656,0.0112781135,0.0160100812,0.0165659271,0.0091581406,0.009052367,0.0104180705,0.0106281455,0.0090936955,0.0086820847,0.0087348174,0.0101833813,0.0108856722,0.0102511313,0.0140840264,0.0123613656,0.0124919379,0.0123316532,0.0116235865,0.0123777052,0.0089039236,0.0088611556,0.0105327434,0.0073385078,0.0064521568,0.0044853547,0.0092965059,0.0089752316,0.0107059191,0.0089926712,0.0090392497,0.0104419087,0.009949683,0.0100800045,0.0100146379,0.0113749576,0.0115911063,0.0081792373,0.0084096269,0.0082109665,0.010511942,0.0099759427,0.0094642823,0.0094829372,0.0134376059,0.0123376608,0.0120969927,0.0123372486,0.0121966479,0.012491291,0.0134850674,0.0126224167,0.0124986903,0.015423709,0.0126590222,0.0105553549,0.0132065646,0.0124600382,0.0139048202,0.00523133,0.0052982398,0.0104996698,0.0103382233,0.0103503205,0.0134207705,0.0103114441,0.0113152337,0.0087112478,0.0086584054,0.0058894137,0.0088904035,0.0092715813
0.0130250282,0.0127253816,0.0085648807,0.0087722703,0.0086344537,0.0087559467,0.0094984349,0.0089459202,0.0089459202,0.0107968493,0.0062140688,0.0112158834,0.0107968493,0.008243682,0.008243682,0.0070659452,0.0111529209,0.0090709528,0.0075717965,0.0079360035,0.0077989514,0.0105804834,0.006214012,0.0059636037,0.0105700255,0.0167428033,0.0179400783,0.0171550992,0.0179450686,0.0172154088,0.0180994756,0.0159830012,0.0174486068,0.0125975345,0.0124260012,0.0123064311,0.0125711394,0.0092475233,0.0053665009,0.0090938351,0.0091194504,0.0098268283,0.0107496545,0.010531563,0.0110405811,0.0161163587,0.0165543135,0.0093406269,0.0092026651,0.0104719485,0.0107346436,0.0087384727,0.0085498733,0.0085851212,0.0104474545,0.0109171969,0.0102770448,0.0139099282,0.0122303998,0.0124246512,0.0122092512,0.0115187089,0.0122260255,0.0093901997,0.0093221761,0.0105469908,0.0071772307,0.0063634709,0.0046087465,0.0092537387,0.0090234846,0.010422999,0.0091584922,0.009182704,0.0099306179,0.009462295,0.0096760797,0.0095604679,0.0116048059,0.0117819115,0.0080572535,0.0082901882,0.0080856729,0.0104779117,0.0096368714,0.00927852,0.0097739714,0.0133802853,0.0120866776,0.0118859075,0.0123641795,0.0120297254,0.0125948663,0.0135064497,0.012714567,0.0125326635,0.0155448427,0.0127339941,0.0105926302,0.0132087823,0.0125696844,0.013938401,0.005530671,0.0056073641,0.0105700255,0.0103495922,0.0103530311,0.0132084783,0.0103300714,0.0112421311,0.0084767924,0.0084389424,0.0058556514,0.0086992594,0.0090972031
0.0127627693,0.012755154,0.0088323667,0.0089968264,0.0088792639,0.0090166986,0.0097621299,0.0087442844,0.0087442844,0.0107762094,0.0062873733,0.0111537865,0.0107762094,0.0079931282,0.0079931282,0.0068537962,0.0110554886,0.0089208532,0.0072334135,0.007588267,0.0074726823,0.0105706622,0.0061614382,0.0059084132,0.0105736592,0.0165524655,0.0176725648,0.0168349349,0.0176413057,0.0171007856,0.0177377696,0.0156665703,0.0174626419,0.0124614113,0.0123444148,0.0122252516,0.0124309495,0.0096169075,0.0049857278,0.009531554,0.0095631693,0.0098421127,0.0108570464,0.0104972502,0.0108381037,0.0159039207,0.0163202603,0.0091196287,0.0090016523,0.0103570919,0.0107364301,0.0090117829,0.0089009999,0.0089733568,0.0107609721,0.0112384852,0.0105519443,0.0139743012,0.0122437023,0.0123665745,0.0122460036,0.011555778,0.012267205,0.0095789873,0.0095165429,0.0102505675,0.0071322347,0.0061606705,0.0047088636,0.0090500127,0.0087659141,0.0104295991,0.008838228,0.0088913412,0.0099905162,0.0093974321,0.0096906752,0.0096300669,0.0119208838,0.0121300804,0.0081602642,0.0084171941,0.0081911122,0.0101870335,0.009437653,0.0090475849,0.0095019182,0.0131533189,0.0121572655,0.011952837,0.0120248936,0.0115479193,0.0130098686,0.0140783922,0.0131576005,0.0130300748,0.0159076491,0.013195663,0.0107878922,0.0137713505,0.012970811,0.0143783221,0.0057203167,0.0058115049,0.0105736592,0.0103361057,0.0103466064,0.0130802141,0.0103217572,0.0112843148,0.0086055802,0.0085786261,0.0056548601,0.0092537867,0.0094684221
0.0131100467,0.0124871918,0.0084897486,0.0086910958,0.008555432,0.0086790125,0.0093643576,0.0088223953,0.0088223953,0.0106816342,0.0061507523,0.0111043328,0.0106816342,0.0080788669,0.0080788669,0.0067923939,0.0110256016,0.0089910238,0.0072957002,0.007683046,0.0075907571,0.0104631683,0.00599385,0.0057799438,0.0104035483,0.016251983,0.0176167976,0.016396249,0.0176085955,0.0166982837,0.0177162927,0.0158155378,0.0171396094,0.0128258712,0.0126977934,0.012561308,0.0127930747,0.0097883071,0.0050110729,0.0098589377,0.0098799141,0.0099430622,0.0104240808,0.0105504517,0.0108976115,0.0161567488,0.0166069856,0.0089399552,0.0088174663,0.0101977462,0.0105154073,0.0093280872,0.0088270662,0.0089013648,0.0105312051,0.0107729183,0.0103643231,0.014093128,0.0119990663,0.0124442247,0.0120381844,0.011619392,0.0119900143,0.0094118939,0.0093281398,0.0100465177,0.0067267452,0.0059386696,0.0046502627,0.0089199858,0.0089931212,0.0101369009,0.0089830254,0.008924915,0.0100065844,0.0098216698,0.0098186629,0.0096854011,0.011482169,0.0117182981,0.0081944308,0.0084750877,0.0082241321,0.0099891282,0.0095787136,0.0091101747,0.0092765004,0.0133268719,0.0124641761,0.0118347032,0.011847128,0.0117059703,0.0129721085,0.0141386835,0.0131275537,0.0130201043,0.0160471384,0.0131718565,0.0099440856,0.0138465919,0.0129331065,0.0144854273,0.0056427167,0.0057347174,0.0104035483,0.0102542573,0.0102636504,0.0129904809,0.0102284406,0.0111251615,0.0085604197,0.0085227954,0.0055951301,0.0093019953,0.0094968453
0.0134992249,0.0125480846,0.0081891257,0.0083736056,0.008245959,0.0083650611,0.0090716209,0.0087297556,0.0087297556,0.0107588264,0.0060434938,0.0111878806,0.0107588264,0.0079725681,0.0079725681,0.0066993472,0.0110942181,0.0089120479,0.007191757,0.0075777653,0.0074856695,0.0105476945,0.0060578847,0.0059195952,0.0109768469,0.0163196754,0.017561401,0.0165894899,0.0175513788,0.0168820448,0.0177263663,0.0158647677,0.0171546191,0.013067342,0.012968765,0.0128540885,0.0130474796,0.0087766936,0.0049618257,0.0094751769,0.0094797165,0.010375992,0.009379845,0.0110440872,0.0113553858,0.0162267443,0.0166587672,0.0093566865,0.0092427837,0.010777217,0.0110349031,0.0091162219,0.0075134554,0.0076072533,0.0097352735,0.0103185283,0.0102892846,0.0142465804,0.0124768281,0.0129323893,0.0124946004,0.011983824,0.0124596712,0.0084659207,0.0083442977,0.0103386156,0.0064938361,0.0059900924,0.0044916528,0.0097216879,0.0095659337,0.0099438879,0.0096141302,0.0097814927,0.0105576295,0.0102497337,0.0104769788,0.0103011448,0.0107197089,0.0109824464,0.0078227674,0.0079268688,0.0078444327,0.0103470108,0.0102969108,0.0099571024,0.0096911552,0.0137206872,0.0127145379,0.0121867052,0.0123013686,0.0122766492,0.0122994477,0.0140331124,0.0124569366,0.0123964936,0.0156364582,0.012511104,0.0096340568,0.0137161068,0.0122609179,0.0144896985,0.0056682014,0.0057551403,0.0109768469,0.0109236372,0.0109150254,0.013046717,0.0108743691,0.0114741476,0.0082293312,0.0081885445,0.0052755965,0.0085952707,0.0089677776
0.013131559,0.0117748958,0.008184766,0.0083945577,0.0082564472,0.0083713549,0.0090476882,0.0087966918,0.0087966918,0.0107025196,0.0062569439,0.01105768,0.0107025196,0.008078412,0.008078412,0.0067502502,0.0110496731,0.0089414509,0.0073527828,0.007737555,0.007631396,0.0105058773,0.0059205826,0.005804541,0.0112901,0.0166754576,0.0175426695,0.0169058757,0.0175216951,0.0171030938,0.0176927236,0.0158953223,0.0172415104,0.0128867833,0.0127108,0.0125913618,0.0128568979,0.0080211813,0.0045140576,0.0088235701,0.0088178681,0.0097948868,0.0093444216,0.0106989104,0.0108716104,0.0159607229,0.0165007778,0.0096955271,0.0095844007,0.0111476834,0.0113730729,0.0082548035,0.0071634875,0.0072359785,0.0092801577,0.010010532,0.0097657792,0.0139375361,0.0128587076,0.0131138396,0.0128770271,0.0122599618,0.0128686687,0.007957866,0.0078223583,0.010792332,0.0064968,0.0060200648,0.0042021418,0.0098540257,0.0091384715,0.0102965684,0.0092010007,0.0093967611,0.010190182,0.0098220993,0.0101207056,0.0098336396,0.0105489,0.0107734854,0.0074867106,0.007454787,0.0075004509,0.0108607264,0.0101276181,0.0098707764,0.0100531563,0.0138928334,0.012525848,0.0118945105,0.0115035979,0.0114511382,0.0116031528,0.0133449611,0.0117421104,0.0115711208,0.0151992285,0.011751275,0.0093716466,0.0130613688,0.0115892549,0.0138618326,0.0053705292,0.0054567195,0.0112901,0.011207291,0.0111892722,0.0136335222,0.0111566271,0.0120300396,0.0079861967,0.0079632669,0.0049319363,0.007752766,0.0082874646
0.01220128,0.0112918016,0.0082253976,0.0084641448,0.0083175094,0.0084230073,0.0090762934,0.0088177026,0.0088177026,0.0107597422,0.0063347304,0.0111337158,0.0107597422,0.0081130533,0.0081130533,0.0069963582,0.0111125637,0.0089496145,0.0073336658,0.0076990262,0.0075853096,0.0105720248,0.0055620483,0.0055709052,0.0109128516,0.0163849245,0.017700846,0.0164374314,0.0176861453,0.016958912,0.0178455551,0.01522408,0.0172488557,0.0117649057,0.0116385127,0.0115368488,0.0117309405,0.0079377863,0.0041939823,0.0086915787,0.0087170231,0.0092159592,0.009078194,0.0100888092,0.0103920265,0.0148405168,0.015483339,0.0101631807,0.0100326293,0.0108128634,0.0110335849,0.0083144432,0.0068433446,0.0069594523,0.0091594085,0.0098658231,0.0094224377,0.0131280925,0.0122687905,0.012375762,0.0122284807,0.0113927405,0.0122874571,0.0077947849,0.0075822891,0.0109621377,0.0069763226,0.0063212297,0.0041905846,0.0098036689,0.0087911009,0.0107388125,0.0089714481,0.0091491162,0.0095894787,0.0093483752,0.0094323759,0.0092445148,0.0104196953,0.010406296,0.0072336269,0.0073318707,0.007255786,0.0108116328,0.0096008925,0.0095293592,0.0105250585,0.0131875363,0.0115529328,0.0110853933,0.0111799002,0.0111104926,0.0114493745,0.012863037,0.0115968286,0.0114819488,0.0146505148,0.0116262953,0.0093921543,0.0125790571,0.0114159495,0.0131683974,0.0049833601,0.0050476649,0.0109128516,0.0107687113,0.0107566405,0.0133499779,0.0107289731,0.0114396321,0.00780957,0.0078226741,0.0048947491,0.0077866669,0.0083553051
0.0121395238,0.0106756592,0.0083747149,0.0086177038,0.0084644385,0.0085806934,0.0091950587,0.0087054762,0.0087054762,0.0106211602,0.0063656353,0.0109958033,0.0106211602,0.0079470825,0.0079470825,0.0069053255,0.0110270971,0.0088898894,0.0072325644,0.0075293499,0.0073760623,0.0104471991,0.0056918379,0.0054763733,0.0095097226,0.0158335517,0.017726249,0.0160344274,0.017723567,0.0167657628,0.017867724,0.0144755393,0.017084451,0.0115236163,0.0114171761,0.0113073629,0.0115117469,0.0069948759,0.0042752761,0.0075849127,0.0075956391,0.0081640691,0.0082665134,0.0092156524,0.0093629615,0.0140145183,0.0147353703,0.009177492,0.0090780559,0.009432467,0.0096500837,0.0074738253,0.0062158523,0.0062867905,0.0082046752,0.0091645016,0.0083547127,0.0122567752,0.0107757615,0.0110913656,0.0107553156,0.0102122962,0.0107794212,0.007228496,0.0070299738,0.0097105969,0.006858092,0.0065630005,0.0041911214,0.0085655733,0.0078585573,0.0109053613,0.0080301024,0.0080984511,0.0085697538,0.0084367198,0.0083901392,0.0081792476,0.0098390988,0.0098297627,0.0077354658,0.0078820116,0.0077563839,0.0095731872,0.008497217,0.0082163392,0.0095191108,0.0120450545,0.0110086629,0.0109276983,0.0105802176,0.010605946,0.0108864106,0.0123080009,0.011038678,0.0109004467,0.0140154717,0.011053969,0.0090541655,0.0120395502,0.0108604057,0.0127280724,0.0051647601,0.0052306719,0.0095097226,0.0093171309,0.009315333,0.0119507364,0.0092886566,0.0100554365,0.0079804859,0.007975795,0.0051239707,0.0068129231,0.0074261446
0.0118453663,0.0104816413,0.0082719714,0.0085222117,0.0083669915,0.0084741485,0.0091590505,0.0087419205,0.0087419205,0.0106122156,0.0066919483,0.0109748969,0.0106122156,0.0079900427,0.0079900427,0.0070407031,0.0110166219,0.0089211052,0.0075296455,0.0077780365,0.0075628164,0.0104328851,0.0056300728,0.005491654,0.0089412832,0.0156452658,0.0175678005,0.0161669339,0.0175664463,0.0164538318,0.0177262283,0.0144183061,0.0167739255,0.0114414554,0.0113529943,0.0112486978,0.0114275047,0.0075656865,0.0045638061,0.0074026761,0.0074470288,0.0078129582,0.0086225455,0.0089549651,0.0090919957,0.0140194657,0.0150684024,0.0079139769,0.0078086186,0.0087524033,0.0090782623,0.0070460519,0.0065015733,0.0065436643,0.0084756149,0.0089056455,0.0080944663,0.0121264684,0.0105662179,0.0109051985,0.0105545116,0.0101103957,0.0105776339,0.0077594552,0.0075877983,0.0087815943,0.0062677221,0.0064668962,0.0045377462,0.0076433984,0.0073196943,0.009635267,0.0073993901,0.0073503991,0.0083144464,0.0077735019,0.0080194693,0.0078653943,0.0094042476,0.0093675809,0.0079195747,0.0080045899,0.0079494233,0.0086500908,0.0078695311,0.0075358207,0.0083366297,0.0117821707,0.010949704,0.011083279,0.0103931684,0.010431558,0.0103326594,0.0120035427,0.0104830427,0.0103755747,0.013968833,0.0105028511,0.0089246184,0.0117201712,0.0103021622,0.0125389163,0.0053119457,0.0053862193,0.0089412832,0.0087373047,0.0087383749,0.0115535318,0.0087109228,0.0095014568,0.0081409525,0.0081179309,0.0051480434,0.0068386879,0.0073573809
0.0118681781,0.0106782212,0.0083733696,0.008612896,0.0084641766,0.0085751051,0.0090520696,0.0087772964,0.0087772964,0.0106754658,0.0068294887,0.0111163519,0.0106754658,0.0080115151,0.0080115151,0.0072067179,0.0112454755,0.0089649735,0.0076512457,0.0078393755,0.0075808506,0.0105116339,0.0053633933,0.0050829342,0.0093470249,0.0157703728,0.0174770859,0.0162268234,0.0175096755,0.0165290158,0.0176584658,0.0142467624,0.0167467227,0.0114281137,0.0113195804,0.0112214429,0.0114094964,0.0079111205,0.0047929488,0.0080678309,0.0081130712,0.0083664825,0.0086775337,0.0093545603,0.0095837144,0.013796601,0.0148434385,0.0081791172,0.0080537846,0.0092319721,0.0095360839,0.0077379082,0.0069994156,0.00703954,0.0087234733,0.0093382941,0.0087089163,0.0120257538,0.0111037575,0.0113852679,0.0110360797,0.0104222533,0.0111206158,0.0077700566,0.0076783226,0.0093546644,0.0059526148,0.0062528762,0.0047538005,0.0078369686,0.0076674471,0.0086772686,0.0076495929,0.007586404,0.0087386846,0.0083527436,0.0085209866,0.0083536047,0.0095511386,0.0097361288,0.0078984089,0.008040454,0.0079296665,0.0092619165,0.008288004,0.0080599547,0.0086690783,0.0122229797,0.011074479,0.0111384991,0.0105567094,0.0108003775,0.0105349427,0.0117624476,0.0106746941,0.010504117,0.013670717,0.0106781309,0.0083882115,0.0115100247,0.0105031205,0.0121539275,0.005068428,0.0051461307,0.0093470249,0.0090669901,0.0090655242,0.0124886894,0.0090481887,0.0099430047,0.0081926075,0.0081797165,0.0053440658,0.0075702816,0.0080796483
0.0115074924,0.0100710097,0.0080985912,0.0082788613,0.0081592564,0.0082792877,0.0087201051,0.0087853842,0.0087853842,0.0106063224,0.006684178,0.0110702183,0.0106063224,0.0080340481,0.0080340481,0.0070809294,0.0112542391,0.008957903,0.0076105009,0.0078420058,0.0076107544,0.0104360668,0.0051197613,0.0048981724,0.0099863346,0.0158876596,0.0175753512,0.0162941346,0.0176286158,0.0166911721,0.0178429887,0.0139493957,0.0167334957,0.0112967346,0.011196886,0.011061529,0.0112430464,0.0080055472,0.005036203,0.0082764077,0.0083080757,0.0085542172,0.0085007827,0.0093014339,0.009414038,0.0135953188,0.01432915,0.0085818374,0.0084671144,0.0098620721,0.01015322,0.0081882144,0.0072845167,0.0074040882,0.0085077944,0.0090399903,0.0087272583,0.0119394542,0.0114343005,0.0116813151,0.0114438859,0.01084542,0.0114485033,0.0074197514,0.0073472806,0.0097533248,0.0057716537,0.0060727703,0.0045380419,0.0082434818,0.0083024179,0.0092266915,0.0082276721,0.0080653582,0.0089004269,0.0088190429,0.0088009554,0.0086165776,0.0094108007,0.0095096778,0.0077186648,0.0079465085,0.0077414127,0.0097953693,0.0088300804,0.0086299547,0.0090896179,0.0123710068,0.0111906665,0.0106673485,0.0099302014,0.0102557917,0.0103364292,0.0118810035,0.0105126931,0.0103984382,0.0135626854,0.0105340056,0.0080199271,0.0116487153,0.0103031639,0.0122342444,0.0051949544,0.0052803002,0.0099863346,0.0097459568,0.0097388561,0.0126714825,0.0097219241,0.0107032082,0.0079708537,0.0079675516,0.0055271502,0.0079847292,0.0082960188
0.0112099047,0.0097724568,0.0076828587,0.0078081601,0.0077101844,0.0078423372,0.0085477316,0.0087153986,0.0087153986,0.0105258243,0.0064974708,0.01091355,0.0105258243,0.0079342903,0.0079342903,0.0068754563,0.0110062285,0.0089176111,0.0073801417,0.0076385014,0.0074478674,0.0103102952,0.0050169517,0.004743076,0.0098313879,0.0155727094,0.0176361878,0.0159979802,0.0176610087,0.0163337712,0.0178514371,0.0141522163,0.0165202809,0.0108647893,0.0107244149,0.0106349969,0.0108385601,0.0079246471,0.0050499698,0.0081444075,0.0081648012,0.0085238816,0.0089201471,0.0092041025,0.0093208372,0.0131883575,0.0141672186,0.0083344024,0.0082345045,0.0097238198,0.0099932976,0.0082459052,0.0067699096,0.0068443596,0.008525904,0.008840061,0.0084217859,0.0113790408,0.0106155128,0.0107958747,0.0106081538,0.0100474281,0.0106288892,0.0078129998,0.0076362776,0.0095771844,0.0055504413,0.0057059132,0.0043737451,0.0084774344,0.0084405511,0.0096443728,0.008491517,0.0085778559,0.0087774254,0.0087655316,0.0086999629,0.008558865,0.009992195,0.0099108582,0.0075309042,0.0077780993,0.007548525,0.0096134524,0.0087722622,0.0086473413,0.0086852885,0.011635383,0.0105521663,0.0103058066,0.0098224693,0.0101232617,0.0102817554,0.0120717263,0.0104355109,0.0103917832,0.01366622,0.0104839665,0.0081238061,0.01182542,0.0102358269,0.0124741241,0.0047620552,0.0048333135,0.0098313879,0.0096028754,0.0095935226,0.012040008,0.0095731198,0.0101157969,0.0076675306,0.0076472868,0.0053138597,0.0074534089,0.0079893832
0.0113011439,0.0103924335,0.0071892379,0.0073223594,0.0072290274,0.0073453837,0.0078470462,0.008478303,0.008478303,0.0105405863,0.0064574946,0.0109034065,0.0105405863,0.0076611912,0.0076611912,0.0066197932,0.0109662919,0.0087200863,0.0070906641,0.0073144877,0.0071218342,0.0103247182,0.0052492233,0.0049241003,0.00920443,0.015437603,0.017401055,0.0158689849,0.0174170064,0.0163319147,0.017588505,0.0140169808,0.0167278974,0.0108663842,0.0107489794,0.0106476502,0.0108588287,0.0077868898,0.004893399,0.0078686078,0.0078704328,0.008599078,0.0093491516,0.0092069106,0.0094037981,0.0131056419,0.0143403446,0.0079561294,0.0078569308,0.0090566106,0.0093673245,0.0077381759,0.0068366307,0.006901653,0.0090174606,0.0093769467,0.0089278884,0.0115355398,0.0103633891,0.0105167453,0.0103389474,0.0096799939,0.0103743898,0.0079491182,0.0077222759,0.0088122731,0.0055669559,0.0054922689,0.0043444926,0.0078054384,0.0077722912,0.0094849441,0.0077781717,0.0077762634,0.008837387,0.0085307884,0.0086183926,0.0084864891,0.0102877585,0.0102235724,0.0073752585,0.007558721,0.0073915648,0.0087873342,0.0085147675,0.0079834252,0.0083250891,0.0113432578,0.0102843328,0.0103447273,0.010210419,0.0101064342,0.0107056919,0.0119715676,0.010861405,0.0107628905,0.0135121752,0.0108968724,0.008357196,0.0117483891,0.0106748335,0.0123659752,0.0047459899,0.0048272559,0.00920443,0.0089616571,0.0089497863,0.0116503925,0.0089316974,0.0096331669,0.0076504766,0.0076348231,0.0049899967,0.0073575759,0.0077393606
0.0111209455,0.0102511941,0.0068685301,0.0070351467,0.006927787,0.0070297738,0.0076779002,0.0085646618,0.0085646618,0.0104153708,0.0065338243,0.0107650251,0.0104153708,0.0077538771,0.0077538771,0.0065908146,0.010897016,0.0087997417,0.007212666,0.00747295,0.0073042403,0.0101924924,0.0052110724,0.0050021203,0.0087395011,0.0154734573,0.0172296205,0.0157832039,0.0172409344,0.0161608059,0.0173615455,0.0144007136,0.0166060052,0.0109900886,0.0108465768,0.0107104677,0.010957358,0.0080384594,0.0049326828,0.0081134698,0.0081391309,0.0085498149,0.0088173149,0.0090367316,0.0093490142,0.0132243511,0.0144000462,0.0075302504,0.0074525247,0.008634815,0.0089209219,0.007875583,0.0073446115,0.0073937587,0.0090518913,0.0093580892,0.009099467,0.0116496886,0.0100289559,0.0102276566,0.0100300406,0.0095021941,0.0100359538,0.0081954274,0.0080663344,0.008526058,0.0056242502,0.0053899431,0.0043470653,0.0074580851,0.0077187927,0.0087249634,0.0076129177,0.0074775497,0.0086789927,0.0084187184,0.0084600497,0.0084169372,0.0094568274,0.0097564837,0.0075668896,0.00780455,0.0075896674,0.0084860629,0.0082245906,0.007702615,0.0078830809,0.011318124,0.0103338774,0.0101026649,0.0099952247,0.010012315,0.0101710157,0.0112114518,0.0102952004,0.0100935934,0.0133681011,0.0102936774,0.0082745733,0.0109890393,0.0101708649,0.0114877517,0.004913396,0.0049974363,0.0087395011,0.0084678059,0.0084848893,0.0112930879,0.0084555101,0.0092136795,0.0078992146,0.0078724438,0.0053106132,0.0077359309,0.0080141594
0.0109275295,0.0101472441,0.0069498057,0.0070815175,0.0069861613,0.0071009696,0.0079215495,0.0087603596,0.0087603596,0.0104545839,0.006411936,0.0107553471,0.0104545839,0.0079829019,0.0079829019,0.0068932519,0.0107362756,0.0089585283,0.0074043533,0.0076698853,0.007489986,0.0101814054,0.0053838405,0.0051946301,0.0090390495,0.0150915564,0.017016912,0.0155741807,0.0170242939,0.0158546092,0.0171819099,0.0138535932,0.0163434752,0.010728371,0.0106042807,0.0105283891,0.0107115419,0.0080864872,0.0049617884,0.0083605115,0.0083789177,0.0088205349,0.0085857615,0.0092604613,0.0096515641,0.0129958531,0.0142374351,0.0074874599,0.0073890523,0.0089540363,0.0092009634,0.007958303,0.0072629816,0.0073451976,0.0088249073,0.0091307566,0.0090245726,0.0114732767,0.0101863509,0.0102774182,0.0101831821,0.0096622801,0.0101896488,0.0079298177,0.0078348976,0.0086697766,0.0058300891,0.0053857512,0.0044128068,0.0074689988,0.0076073446,0.0084220073,0.0076267078,0.0075949599,0.0089240946,0.0085005051,0.0086347092,0.0086293794,0.0090595337,0.0093059483,0.0076701672,0.007991595,0.0076851818,0.0087217134,0.0082190196,0.007878196,0.0078731419,0.0111376655,0.0101167113,0.0099794766,0.009950849,0.0101260108,0.0096219156,0.0109197434,0.0097606893,0.0095954726,0.0127920462,0.0097642629,0.0081468802,0.0107027358,0.0096091594,0.0111979101,0.0050405655,0.0051339405,0.0090390495,0.0088069405,0.0088182564,0.0113862453,0.008801221,0.009573446,0.007909345,0.0078763012,0.0054919318,0.0078290684,0.0080743413
0.0107886911,0.0101897099,0.0068451799,0.0069706368,0.0068833299,0.0069981188,0.0076938195,0.0087506181,0.0087506181,0.0104039854,0.00665185,0.0107380417,0.0104039854,0.0079874007,0.0079874007,0.0070721736,0.0107108368,0.0089363604,0.0074804868,0.0077279563,0.0075366326,0.010142084,0.005285132,0.0051971167,0.0092837776,0.0148347464,0.0171776241,0.0151758346,0.0171992901,0.0155483533,0.0173719936,0.0133509311,0.0159772623,0.0106270478,0.0105592568,0.0104827866,0.0105896103,0.0076619724,0.0048750986,0.0081123946,0.0081128537,0.0087946554,0.0082059738,0.0092744471,0.0095484068,0.0132330383,0.0141768551,0.0077707693,0.0076678943,0.0092260971,0.0093813221,0.0078969769,0.006572871,0.0066768808,0.0083167543,0.0087292439,0.0086772161,0.0116218759,0.0100867693,0.0102022179,0.0101187193,0.0096833318,0.0100968061,0.0074891912,0.0073659939,0.0088088644,0.0058925083,0.0054193188,0.0044590972,0.007823472,0.0081201172,0.0085693794,0.0080096116,0.0080161867,0.0090015901,0.008906145,0.0088733193,0.008798345,0.0091676557,0.0090756578,0.0074145479,0.0076604327,0.0074329459,0.0089390637,0.0086115866,0.0082668464,0.0081251575,0.0109062783,0.0102778075,0.0102393637,0.0101025696,0.0100262509,0.009986328,0.0112351182,0.0101589912,0.010022221,0.0132466127,0.0101741106,0.0085310925,0.0110218773,0.0099581592,0.0115949724,0.0049925389,0.005076366,0.0092837776,0.0091782929,0.0091430811,0.0113281519,0.0091273894,0.009479772,0.007681284,0.0076357451,0.0051052153,0.0074773162,0.0077491113
0.0107523247,0.0102215802,0.0067717625,0.0068813861,0.0068024507,0.0069178813,0.0074990465,0.0085504743,0.0085504743,0.010181609,0.0063659833,0.0105099486,0.010181609,0.007759132,0.007759132,0.0069667354,0.0105673931,0.0087673215,0.0071548438,0.0073937785,0.0072092035,0.0099123979,0.0052389375,0.0052660764,0.0092587285,0.0149261104,0.0171459938,0.0150882271,0.0171862646,0.0155179049,0.0173559604,0.0135391625,0.0160402937,0.0106135875,0.0105322375,0.0104197209,0.0105727591,0.0070777795,0.0044639396,0.0076425191,0.0076606823,0.0082592417,0.0082599865,0.0091029556,0.0092901021,0.0133596906,0.0144531955,0.0082914917,0.0081822014,0.0092792549,0.0093788931,0.0075348653,0.0061258997,0.0061954559,0.0081693254,0.0085903427,0.0081614844,0.0114101656,0.0101409493,0.0104039493,0.0101793722,0.0097535042,0.0101625736,0.007230567,0.0070403844,0.009231084,0.0055624979,0.005383282,0.0044021361,0.0083093194,0.0081733257,0.0087039068,0.0081950368,0.0081853986,0.0086632306,0.0084377479,0.0085306896,0.0083818507,0.0093423983,0.0092375761,0.0070958278,0.0071772035,0.0071114438,0.009179209,0.0084011778,0.0082847896,0.0086389924,0.0111089208,0.0102340479,0.0100780313,0.0099110316,0.0098701379,0.0102602267,0.011871433,0.0104377094,0.0103444643,0.0140484948,0.0104697441,0.0084590469,0.011600892,0.0102259212,0.0122535837,0.0049061382,0.0049904576,0.0092587285,0.0091213431,0.0090846639,0.0112058813,0.0090643264,0.0094985757,0.0072797903,0.0072806451,0.0047695125,0.0068637427,0.0071870969
0.0110275452,0.0103404577,0.0065860702,0.0067309715,0.0066333861,0.0067329792,0.0073107653,0.0083727253,0.0083727253,0.0101204948,0.0062012483,0.0104439288,0.0101204948,0.0075229157,0.0075229157,0.0065629476,0.0104576719,0.0086476823,0.006806208,0.0070595316,0.0069028156,0.0097882253,0.0051118493,0.0052134222,0.0091182776,0.0147341269,0.0173468838,0.0148775977,0.0173959707,0.0154388207,0.0175052026,0.0134412352,0.0159799297,0.0107623318,0.010663463,0.0105743978,0.0107398297,0.0068325215,0.0044586708,0.0075513618,0.0075598944,0.0082081526,0.0083588319,0.0089070915,0.0091345068,0.0133555396,0.0144093243,0.0083161345,0.0082046047,0.0089903526,0.0092508186,0.007227336,0.0058213,0.005905134,0.0084052972,0.0091401924,0.0086326375,0.0114646007,0.0103566915,0.0106507387,0.0103805408,0.0098925978,0.0103653762,0.0068969014,0.0066778972,0.0089518637,0.005309434,0.0050923316,0.0041818948,0.0078462262,0.0074124762,0.009193982,0.0073366797,0.0074467755,0.0084538526,0.0081265963,0.0082489894,0.00818027,0.0097269063,0.0095964674,0.0071528663,0.0073383462,0.0071661802,0.0089106832,0.0081015436,0.0078336873,0.0086386325,0.0112612103,0.0104628665,0.0101904693,0.009792625,0.0098924736,0.0109610632,0.0124732556,0.0111280243,0.0109943729,0.0141928146,0.0111491903,0.0080480722,0.0121979542,0.0109155757,0.0128082799,0.0048979674,0.004985675,0.0091182776,0.0089318998,0.0089140582,0.0111688554,0.0088985714,0.0095179137,0.0072918677,0.0072769219,0.0048214045,0.0067480458,0.0070344375
0.0108286467,0.0100569814,0.0068228693,0.0069760915,0.0068737561,0.0069786394,0.0074494672,0.0083864274,0.0083864274,0.0102736379,0.0059587281,0.0105900344,0.0102736379,0.0075385219,0.0075385219,0.0065660469,0.0105546059,0.0086603052,0.0069421483,0.0071988302,0.007021758,0.0099490295,0.0048150589,0.0049634512,0.0092170219,0.0147583003,0.0175009115,0.0150638656,0.0175341531,0.0155261858,0.0176887594,0.013647251,0.0159168108,0.0106609261,0.0105479663,0.0104429212,0.0106304052,0.0065286266,0.004419195,0.0071524273,0.00712543,0.0080947538,0.0083919912,0.0090476434,0.0092473434,0.0137063849,0.0145878474,0.0077775441,0.0076656594,0.009130383,0.0093381344,0.0067574851,0.0054331474,0.0054525377,0.007976053,0.0091870023,0.008459437,0.0116767925,0.010242592,0.0103665115,0.0102571906,0.0097738302,0.0102600212,0.0067794592,0.0065916891,0.008876858,0.0050205762,0.0051617781,0.0041444004,0.0076703587,0.0074823635,0.0088832283,0.0074707809,0.0075117642,0.0085781802,0.0083012997,0.0083762858,0.0082038406,0.0096218439,0.0095146113,0.0071118837,0.0074035316,0.0071083281,0.0090662747,0.0082685913,0.0081228899,0.0081874795,0.0109949518,0.0102568142,0.010147724,0.0096553099,0.0097435544,0.0104322273,0.0124043877,0.0105938571,0.0105323606,0.0140788176,0.0106319342,0.0078436342,0.0121409148,0.0103938668,0.0127495578,0.0047191353,0.0047986797,0.0092170219,0.009061617,0.0090384108,0.0111027913,0.0090165538,0.0095497691,0.0073447865,0.0073325587,0.0049074115,0.0060538342,0.006510846
0.0102589983,0.0093009365,0.0066643509,0.0067899842,0.0067022335,0.0068093974,0.0072465224,0.0084372601,0.0084372601,0.0101528684,0.006070817,0.0104606045,0.0101528684,0.0076259358,0.0076259358,0.0067011031,0.0104645149,0.0086747879,0.0070123365,0.0072513622,0.0070632344,0.0098149448,0.0044905092,0.0045425974,0.0088367514,0.0146308062,0.0172014382,0.0148945979,0.0172349854,0.0151738153,0.0173426639,0.013453034,0.0159121319,0.010263232,0.0101500715,0.0100518132,0.0102213583,0.0071696677,0.0044099668,0.007055417,0.0070642038,0.0077325195,0.0079341031,0.0085965445,0.0087451993,0.0129342254,0.0138512587,0.0075143736,0.0073910354,0.0086964222,0.0089675972,0.0066687403,0.0060449073,0.0060999754,0.0079208677,0.0084581073,0.0079832594,0.0109382441,0.0099296389,0.0101050834,0.0099383834,0.0093778,0.0099541521,0.0070720608,0.006933792,0.0085910757,0.005023746,0.0052435733,0.0043804983,0.0072661889,0.0069514792,0.0087711135,0.0069900597,0.0071038021,0.0080742466,0.0075969736,0.0078144208,0.0077080396,0.0088331226,0.0087438622,0.0070498781,0.0072297559,0.007057592,0.0086489667,0.0077192292,0.0075663299,0.0079935452,0.0108965389,0.0099310069,0.0096843577,0.0090237372,0.0092532052,0.0096967233,0.0120508358,0.0098818233,0.0098329351,0.0137541066,0.0099192379,0.0080050413,0.0117415163,0.0096550705,0.0126621677,0.0045561821,0.0046291502,0.0088367514,0.0086447993,0.0086301715,0.0111306146,0.0086163139,0.0092894507,0.007111008,0.0071176323,0.0047152129,0.0065052219,0.0067363073
0.0097459504,0.0090290927,0.0064697068,0.0065927158,0.0065084033,0.0066134978,0.0071372776,0.0084963311,0.0084963311,0.0102136513,0.0060797998,0.0104736707,0.0102136513,0.0077197311,0.0077197311,0.0067398741,0.0104103318,0.0087064707,0.0070610103,0.0073372026,0.0071735637,0.0099260464,0.0044991623,0.0045192228,0.007912378,0.0141580849,0.0173211023,0.0145417738,0.017372389,0.0147325724,0.017441521,0.0131110245,0.0155034752,0.0098106363,0.0096905696,0.0095772148,0.0097543557,0.0067410066,0.0044606603,0.0069660316,0.006994824,0.0072952321,0.007586233,0.0077366717,0.0078670669,0.0121251226,0.0132954913,0.0068982044,0.0067903662,0.0077811606,0.008033912,0.0069982279,0.0059078517,0.0059774205,0.0075060476,0.0077844962,0.007221642,0.0102467323,0.0092843814,0.0095282356,0.0092738932,0.0086751182,0.009296021,0.0066856455,0.0065459809,0.0079183356,0.0051882748,0.0052184207,0.0042667512,0.0065787502,0.0066718821,0.0084904688,0.0065378009,0.0064823543,0.0074361182,0.0073028606,0.0072581682,0.0072069189,0.0084783608,0.0083609087,0.0073369068,0.0074045755,0.0073483123,0.0077430349,0.0072865057,0.0069601446,0.0073863432,0.0105804835,0.0094412196,0.0088277169,0.0086463149,0.0084387379,0.0095013566,0.0113234983,0.0097002282,0.009712908,0.0128121184,0.009755433,0.0077405531,0.0110981282,0.0094665469,0.0119373184,0.0047379915,0.0048259616,0.007912378,0.007736087,0.0077297786,0.0102354599,0.0077124328,0.0084793051,0.0074477505,0.0074322304,0.00509942,0.0066002323,0.0069050649
0.0091006641,0.0087339814,0.0063130245,0.0064008217,0.0063289988,0.0064433349,0.0071323099,0.0083249396,0.0083249396,0.0100094687,0.0061389944,0.0103263111,0.0100094687,0.0075051667,0.0075051667,0.0065008986,0.0104179021,0.0085747361,0.0068476639,0.0070966875,0.0069313792,0.009709757,0.0045721495,0.0045267842,0.0072142113,0.0140367335,0.0170892439,0.0144513432,0.0171284703,0.0147819884,0.0171539134,0.0122941926,0.0152921043,0.0090619363,0.0089234509,0.0088208259,0.0090103578,0.0064044127,0.0043051321,0.0065669835,0.0065970259,0.0069019655,0.0072830245,0.007116071,0.0073037314,0.0119195418,0.0129353259,0.0062289932,0.0061626453,0.0071502078,0.0073334113,0.0067170814,0.0058926641,0.0059487057,0.0070638169,0.0076462689,0.0070622363,0.0098931516,0.0085662488,0.0088471682,0.0085339182,0.0079912648,0.0085581793,0.0062981384,0.0062158516,0.0071173196,0.0053339537,0.0047724104,0.0040021931,0.0061579606,0.0066989474,0.007855896,0.0065563648,0.0064946252,0.0069584731,0.0070054356,0.0068787078,0.0068241794,0.0081344946,0.0081713488,0.007132409,0.0072187403,0.0071508264,0.0070515419,0.0067662175,0.0065459668,0.0065336891,0.0097862773,0.0086173821,0.0079321335,0.0082060793,0.007792571,0.0094239189,0.0111590606,0.0096131481,0.0095795259,0.0125352294,0.0096589335,0.0079142106,0.0109149759,0.0093885175,0.0116464425,0.0048320148,0.0049265592,0.0072142113,0.0070427169,0.0070418766,0.009550903,0.0070233925,0.0077021328,0.0072869049,0.0072770986,0.0049747937,0.0062444488,0.0065429738
0.0095055727,0.0093697179,0.0059891283,0.0060774866,0.0060055894,0.0061160998,0.0067840748,0.0082263946,0.0082263946,0.009842071,0.005738528,0.0100943481,0.009842071,0.0073402891,0.0073402891,0.006182296,0.0102322759,0.0085391377,0.0065029773,0.0068243919,0.006725305,0.009461746,0.0043780276,0.0042960852,0.0073780552,0.0139870372,0.0166488962,0.0143713906,0.0166840934,0.0147692538,0.0168812774,0.012110508,0.0152048739,0.0093192427,0.0092078566,0.0091033837,0.0092853087,0.0066657561,0.0040955498,0.0071806068,0.0072122255,0.0075654927,0.0077774366,0.0077863163,0.0080141774,0.0120552436,0.0129693415,0.0065160865,0.0064544219,0.0073222448,0.0074883927,0.007008101,0.0057969102,0.0058802637,0.007595754,0.0082604866,0.0078383075,0.0101245908,0.008635299,0.0087521774,0.0086138642,0.0081042163,0.0086436239,0.0066304207,0.0065339977,0.0073865483,0.0049540686,0.0045589648,0.0039362634,0.0064984247,0.0068297059,0.0070620162,0.0067326427,0.0066387379,0.0075541761,0.0072204379,0.0073017962,0.0073203531,0.0087301276,0.0084873589,0.0072764279,0.0074258585,0.0072951689,0.0071367781,0.0069874573,0.0066917011,0.0068349511,0.0097203108,0.008848724,0.0084266281,0.0088250214,0.0085281964,0.0100693582,0.0113718387,0.010236913,0.0101650922,0.0127787825,0.0102786082,0.0077620193,0.0111228582,0.0100269429,0.0116486492,0.0043360359,0.0044119519,0.0073780552,0.0072260205,0.0072184108,0.0096494754,0.0071940962,0.0077938163,0.0072706238,0.0072578412,0.0049334009,0.0065533137,0.0069673436
0.0101204245,0.0094871238,0.0059482125,0.0061022993,0.0059993097,0.0060909549,0.0065723674,0.008142724,0.008142724,0.0097821802,0.0056140705,0.0099819587,0.0097821802,0.0072762108,0.0072762108,0.0062423031,0.0097034795,0.0084400809,0.0065456059,0.0068379615,0.006709099,0.00934729,0.0044997333,0.0044057382,0.0083586347,0.014066684,0.0166677194,0.0145136632,0.0166967771,0.0146270354,0.0168554416,0.0126165507,0.0151234472,0.0098481479,0.0097654278,0.0096634153,0.0098272535,0.0060209925,0.0043490917,0.0068386175,0.0068199064,0.0076419208,0.0070088641,0.0082141757,0.0084254702,0.0123893814,0.0133410814,0.0071562403,0.0070579396,0.0082716743,0.0084705306,0.0065093604,0.0052797016,0.0053584307,0.0068617085,0.0079795009,0.0077546287,0.010624612,0.0093698097,0.0095232174,0.0094128153,0.0089444188,0.0093939556,0.0058543432,0.0057573175,0.0082479347,0.0047178458,0.0045831177,0.0038608024,0.0071186625,0.0066846528,0.0073428642,0.0066842139,0.0068003201,0.0079978958,0.0073202979,0.0077587382,0.0077064611,0.0083310648,0.0082872953,0.0068929385,0.0069187274,0.0069010399,0.0081928083,0.0073891292,0.007250009,0.0075941924,0.0102574604,0.0093988285,0.0091981896,0.0091859259,0.0090238696,0.0094483807,0.011252671,0.0096371745,0.0095677835,0.0129455696,0.0096717224,0.0072839342,0.0109724974,0.0094066537,0.0114719169,0.0042784695,0.0043641799,0.0083586347,0.0082082528,0.0082004563,0.0103478528,0.0081747091,0.0087863667,0.0069060066,0.0068955392,0.0046095802,0.0059508842,0.0062927516
0.0097455602,0.0088511095,0.0060878478,0.0062183026,0.0061282915,0.0062240741,0.0067068075,0.0081984905,0.0081984905,0.0097940245,0.0056114543,0.0100211787,0.0097940245,0.0073739662,0.0073739662,0.0063315884,0.0097883849,0.0084591745,0.0066477863,0.0069705703,0.0068436266,0.0093797738,0.0044274866,0.0042303769,0.0080545217,0.0140807932,0.016770153,0.0144977571,0.0168099558,0.0147666189,0.0168903759,0.0126072217,0.0151863883,0.0097676273,0.0096910377,0.0095892217,0.0097305613,0.00572592,0.0043768165,0.0062646373,0.0062634297,0.0071145064,0.0067059832,0.008186678,0.0083927557,0.0116243887,0.0128022068,0.0067994273,0.0067118252,0.0078993717,0.0081635682,0.0062215884,0.0053066859,0.0053524929,0.0065810241,0.0075939047,0.0072391151,0.010196404,0.0093524544,0.0095349141,0.0093344321,0.0087956523,0.0093641495,0.0059233172,0.0057650429,0.0077960293,0.0049300387,0.0047166057,0.0037466648,0.0067009099,0.0064413057,0.0081601229,0.0064179161,0.0064606432,0.0077256627,0.0071715328,0.0075047585,0.0073711404,0.0078893054,0.0078455304,0.0067210377,0.0069741912,0.0067250599,0.0077506717,0.0072703571,0.0069292169,0.0071933905,0.0103312002,0.0094471891,0.0091683425,0.0087574137,0.0088813422,0.0091161332,0.0103550103,0.0092404346,0.0091225068,0.0118663463,0.0092622359,0.0073267221,0.0100990978,0.0090864547,0.0107231734,0.0044537491,0.0045280186,0.0080545217,0.0078968474,0.0078831863,0.0105069426,0.0078647231,0.0086372939,0.0067495703,0.0067636592,0.0046504391,0.0056203512,0.006075363
0.0093038398,0.0088188912,0.0059702901,0.0060780901,0.0060030005,0.0060992818,0.006520195,0.0083568609,0.0083568609,0.0096198887,0.0058058082,0.0099163707,0.0096198887,0.0075768221,0.0075768221,0.00642317,0.0098367352,0.008568654,0.0068783665,0.0071947839,0.0070485728,0.0092524131,0.0041356096,0.0039303359,0.0079084393,0.0139162323,0.0168149538,0.0142958476,0.0168515212,0.0147341254,0.0169512698,0.0122280677,0.0151313357,0.0094551476,0.0093816504,0.0092829712,0.0094149753,0.006344178,0.0044029776,0.0061560238,0.0061738787,0.0066961483,0.0072048807,0.0075746858,0.0078521247,0.0115443238,0.0126453946,0.0065645399,0.0064849198,0.0077219226,0.0080163656,0.005966424,0.0056711363,0.0057082578,0.0070770023,0.0075651793,0.0073757412,0.0097646912,0.0091029247,0.0091465677,0.0090771136,0.0084766795,0.0091307788,0.0065127252,0.0064177668,0.0075134795,0.0047473165,0.0047377068,0.0037060977,0.0062513635,0.0062088642,0.0077039078,0.0062118406,0.0062125566,0.0069844976,0.0066383504,0.0067762566,0.0066196156,0.0079314953,0.0079860481,0.006521097,0.0067072408,0.0065390255,0.0074829143,0.0066936142,0.0065330385,0.0069338476,0.0100338823,0.0091238191,0.0088470767,0.0085075127,0.008599812,0.009110162,0.0103859932,0.0092472641,0.0091521502,0.0115604953,0.0092768314,0.0073003495,0.0101210877,0.0090845335,0.0108281884,0.0042585915,0.0043224991,0.0079084393,0.0077498872,0.0077451017,0.0102510872,0.0077257879,0.0084534983,0.0066613436,0.0066656644,0.0047104186,0.0058546231,0.0061039766
0.0096308516,0.009155521,0.0055893349,0.0056810564,0.0056126891,0.0057096849,0.0061534439,0.0080957913,0.0080957913,0.009483967,0.0057359254,0.0097439094,0.009483967,0.0072446621,0.0072446621,0.0061326781,0.0096362948,0.0083824392,0.0065952754,0.006859958,0.0067124608,0.0090912434,0.003970228,0.0038245009,0.0076175392,0.0134735899,0.0164914281,0.0136623837,0.0165371212,0.0143566906,0.0165857149,0.0120181392,0.0149279705,0.0094194295,0.0093292351,0.0092275462,0.0093887316,0.0062612509,0.004310455,0.0066582175,0.0066638905,0.0073378406,0.0072101543,0.0078660149,0.0081071518,0.0120595564,0.0130505481,0.0064087205,0.0063477066,0.0075225406,0.0077103226,0.0066027073,0.0054786932,0.0055471134,0.0071943016,0.0078380557,0.0075733675,0.0100882189,0.0086398371,0.0089776809,0.0086643379,0.0083939142,0.0086082594,0.0062491224,0.0061243842,0.0074561268,0.0045262127,0.0046030267,0.0038443483,0.0063667122,0.006614892,0.0074013219,0.0065065628,0.0064183024,0.0074643802,0.0071589837,0.0072920753,0.007229467,0.0081963911,0.0081790578,0.0068438427,0.0070823656,0.0068573038,0.0073687177,0.0069900788,0.0067217955,0.0067139448,0.0097976281,0.0089211712,0.0088003622,0.0088256842,0.0088674078,0.0093233738,0.0107734599,0.0094669099,0.0093954745,0.0122446175,0.0094998051,0.00708343,0.0105084321,0.009291155,0.0112279446,0.0041159634,0.0041908328,0.0076175392,0.0074957288,0.0074822288,0.0096140955,0.0074576774,0.0080171503,0.0069977885,0.0069943816,0.004861242,0.0061183474,0.0063775349
0.0093320613,0.008576505,0.00551115,0.0056033201,0.0055337799,0.0056280396,0.0061517472,0.0081359767,0.0081359767,0.0095354969,0.0057281552,0.009767267,0.0095354969,0.0072958247,0.0072958247,0.0061883566,0.00962664,0.0084113615,0.006726917,0.0069776851,0.0068101434,0.0090989525,0.0041461472,0.0041745965,0.0082942642,0.0132652691,0.0164097628,0.0135964628,0.0164671406,0.0139948899,0.016597833,0.011991724,0.014532251,0.0093969108,0.0092867184,0.0092056288,0.0093680878,0.0061437668,0.004351975,0.0062366891,0.0062426467,0.0070551031,0.0072955988,0.0079382052,0.0080187323,0.0117544259,0.0128559127,0.0067761545,0.0066863719,0.0081766288,0.0083878913,0.0061557191,0.0052317849,0.0053031349,0.0070037057,0.0073521835,0.0069468891,0.0099827245,0.0090947899,0.0092534601,0.0091330622,0.0087839636,0.0090957441,0.0063416925,0.0061354349,0.0078582823,0.0044448312,0.004183974,0.0038544997,0.0068434135,0.0069788455,0.0073674184,0.0070284156,0.0070201094,0.0075709698,0.0072463823,0.0074452219,0.0072583302,0.0081713168,0.0079629176,0.0067714601,0.0069898809,0.0067844795,0.0079474365,0.0073852691,0.0072350358,0.0071745073,0.0097116143,0.0091045823,0.0089067844,0.008354303,0.0085201446,0.0089247217,0.0107539439,0.0090650766,0.0090732932,0.0122206043,0.0091208759,0.0068520377,0.0104866161,0.0088905703,0.0111032342,0.0043464757,0.0044352111,0.0082942642,0.0081750212,0.0081564517,0.0100695219,0.0081297941,0.0085855247,0.0068995066,0.0069003712,0.0048426608,0.0057349863,0.0060246342
0.0083738753,0.0080042767,0.0056107288,0.0056933448,0.0056290399,0.0057272677,0.0062465663,0.0079546825,0.0079546825,0.0094978394,0.0058103755,0.0097402367,0.0094978394,0.0071116144,0.0071116144,0.0061391283,0.0095904943,0.0082408408,0.0065250853,0.006769129,0.0066121727,0.0091026776,0.004025683,0.0040221094,0.0078606677,0.0134045413,0.0163146726,0.0138098024,0.0163571816,0.0144347122,0.0165163066,0.0116535962,0.0148805066,0.0084982226,0.0084137504,0.0083256233,0.0084419427,0.0061377531,0.0041560434,0.0062850337,0.0062945649,0.0066723087,0.0074308295,0.0071495858,0.0072849865,0.0109893518,0.012151567,0.0067255601,0.0066434198,0.0076737851,0.0079808524,0.0062231517,0.005320526,0.0054027198,0.0072715163,0.0073479538,0.0068614525,0.0089595017,0.0087053622,0.0087979976,0.0087315608,0.008275176,0.008729058,0.0061858212,0.0060285802,0.0075605031,0.0045592677,0.0039806172,0.0035852693,0.0065394212,0.0061752948,0.0077443962,0.0062699156,0.0063153281,0.0069249094,0.006717933,0.0067988636,0.0067520337,0.0082017788,0.008008624,0.0066252519,0.0067352359,0.006641745,0.0075561636,0.0067090955,0.0065537392,0.007071474,0.0093418358,0.0084106663,0.0080214448,0.0076299615,0.007660899,0.0089314851,0.0108301226,0.0090721511,0.0090801997,0.0118851254,0.0091263913,0.0070025518,0.0105649469,0.008878392,0.0113177247,0.0043959156,0.0044988629,0.0078606677,0.0076761059,0.0076699531,0.0099575517,0.0076562483,0.0082060323,0.0067600061,0.0067619394,0.0048508762,0.0058178934,0.0061464017
0.0085205045,0.0088104948,0.0055432543,0.0055925911,0.0055428543,0.005652612,0.0063205391,0.0077909665,0.0077909665,0.0093172873,0.0055353408,0.0096343276,0.0093172873,0.0069196214,0.0069196214,0.0058510873,0.0095659387,0.0081089075,0.0062362762,0.0065105603,0.0063902978,0.0089396762,0.0040916821,0.0042702384,0.0069479005,0.0129610193,0.016117395,0.0133606304,0.0161561713,0.0142805012,0.0162536318,0.0112083234,0.0145330498,0.0083039797,0.0082235755,0.0081550345,0.0082743991,0.006683276,0.0041535731,0.0065257733,0.0065379448,0.0069134776,0.0080077254,0.0073091845,0.0074906776,0.011400058,0.012412024,0.0062666977,0.0062059332,0.0069307234,0.0070967116,0.0065307401,0.0055580802,0.0056122413,0.007850367,0.0081498205,0.007497883,0.0095476136,0.0076967165,0.0079825547,0.007693804,0.007334413,0.0077040811,0.006544942,0.0065017948,0.0071472519,0.0044783842,0.0038409116,0.0035678241,0.0061257005,0.0062406033,0.0074614261,0.006153054,0.0060728804,0.0070063922,0.0067999804,0.0067231977,0.0068174853,0.008971851,0.0089542559,0.0064305526,0.0066062325,0.0064424665,0.0069701512,0.0064452915,0.0062410998,0.0066248658,0.0087531866,0.0078662026,0.0078517082,0.0083405045,0.0078915837,0.0099987622,0.0115975913,0.0101555434,0.0100185066,0.0126927566,0.0101684782,0.0074158059,0.0113323448,0.0099459191,0.0117375621,0.0042232425,0.0043155029,0.0069479005,0.0067326207,0.0067167811,0.0091258276,0.0067070033,0.0071378547,0.0065037005,0.0064918325,0.0049402491,0.0061728358,0.0062926198
0.0094129002,0.0097887419,0.0056060135,0.0056825788,0.0056256511,0.0057294129,0.0062669649,0.0077580764,0.0077580764,0.0093874889,0.0054432757,0.0096905674,0.0093874889,0.0068938167,0.0068938167,0.0058694007,0.0096518528,0.0080669555,0.0061603681,0.0064409771,0.006329659,0.008996566,0.0037782017,0.0039334892,0.0070581953,0.01249918,0.0156285446,0.0130442141,0.0156620759,0.0136159092,0.0157399266,0.0110636092,0.0140432793,0.0087984175,0.008708055,0.008640587,0.0087781682,0.0068072016,0.0040084413,0.0069970481,0.0070076252,0.0073047932,0.0078858745,0.0074555495,0.007722596,0.0120807953,0.0128891627,0.0063533523,0.0062806557,0.0069977648,0.00718248,0.0066455182,0.0056537606,0.0057198891,0.0079566654,0.0087751828,0.0081515523,0.0104357856,0.0080315988,0.0083085696,0.0080215245,0.0076467668,0.0080498051,0.006677396,0.0065936217,0.0073086106,0.004463026,0.0039715875,0.0035019819,0.006167312,0.0064232509,0.0070675512,0.0063327585,0.0062231849,0.0072041224,0.0070038384,0.0069828557,0.0070146078,0.008938278,0.0091844161,0.0063582167,0.0066253729,0.0063700819,0.007069637,0.0066742009,0.0063008766,0.0067018488,0.009096896,0.0082608314,0.0081463557,0.0092636752,0.0083663154,0.0106516682,0.0117843592,0.010827187,0.0106253523,0.0131018974,0.0108205307,0.0069759731,0.0115314217,0.0106167279,0.0120031425,0.0040500948,0.0041313899,0.0070581953,0.0068785064,0.0068776002,0.0094265266,0.0068544842,0.0073590141,0.0064296875,0.0064292458,0.0047708979,0.0064192189,0.0064883884
0.0096328254,0.0096929969,0.0055608622,0.0056627747,0.0055907642,0.0056844941,0.0061060101,0.007789028,0.007789028,0.0092963009,0.0053502925,0.0094592509,0.0092963009,0.0069056009,0.0069056009,0.0057492335,0.0093657738,0.0081143974,0.006095487,0.0063724918,0.0062685113,0.0088751023,0.0037003983,0.0036836226,0.0073652278,0.0125677611,0.0156250077,0.0132372181,0.0156884965,0.013473425,0.0158014736,0.0114961583,0.0137253285,0.0090816431,0.0089999479,0.0089046347,0.0090458486,0.0064071649,0.0039672344,0.0068085274,0.006829308,0.007315325,0.0071508059,0.0078408938,0.0081590702,0.0124426906,0.0131337455,0.0063707139,0.0062823965,0.007291366,0.0074507111,0.0065413125,0.0056614344,0.005757174,0.0071526976,0.0080185392,0.0077193823,0.0108440983,0.008365659,0.0086591993,0.0083707549,0.0079707507,0.0083622062,0.0060380261,0.0059938761,0.0072764153,0.0044379913,0.0040174953,0.0034884349,0.0062100125,0.00649475,0.0072365259,0.0063391118,0.0061758354,0.007478307,0.0069902215,0.007067532,0.0071369965,0.0081344698,0.0082315469,0.0063780064,0.0065807731,0.0063886342,0.0071294542,0.0068164271,0.006528966,0.0067111868,0.0095153076,0.0086653764,0.0083986125,0.0094801504,0.0088829691,0.0100871601,0.0117355163,0.0102841983,0.0101578983,0.0136069399,0.0102985879,0.0068442462,0.0114109774,0.0100565142,0.0122221316,0.0041681254,0.0042548844,0.0073652278,0.0072588313,0.0072411528,0.0093820194,0.0072139208,0.0076082813,0.006505555,0.0064883655,0.0043658113,0.0063485573,0.0063921448
0.0094726769,0.0087933721,0.0053354328,0.0054456668,0.005372478,0.005457403,0.005907737,0.0079702177,0.0079702177,0.0092678969,0.0052757719,0.0093934462,0.0092678969,0.0071645309,0.0071645309,0.0059820844,0.0092532399,0.0082176392,0.006271567,0.0066196274,0.0065474531,0.0087980469,0.0037068537,0.0037387564,0.007634874,0.0129967809,0.0160210288,0.0135202885,0.0160680712,0.0140096754,0.0161517385,0.0117293087,0.0142653066,0.0091972802,0.0090909754,0.0090169302,0.0091738455,0.00549147,0.0039709842,0.0060485436,0.006056895,0.0065526663,0.0068681297,0.0073729163,0.0074394295,0.0116583283,0.0126810894,0.0067676865,0.0066738358,0.0075998656,0.007748474,0.0059077142,0.0049179471,0.0049620797,0.0066384137,0.0073222234,0.0067663019,0.0099817325,0.0087078823,0.0088932004,0.0087085031,0.0082897511,0.0087032767,0.0056247339,0.0055092478,0.0075825774,0.0041801189,0.0041190503,0.0036724483,0.0064142601,0.0064009531,0.0072236118,0.0063597122,0.0063776899,0.0069355726,0.0066400878,0.0067266913,0.0066471517,0.0077832408,0.0078566443,0.0064736691,0.0066793031,0.0064858413,0.0075150358,0.0066363997,0.006612558,0.0071124101,0.009595858,0.008707599,0.0084061886,0.0085197151,0.0082374693,0.0094612964,0.0110634151,0.0096226485,0.0094553936,0.01259412,0.0096131394,0.006513504,0.0107729186,0.0094332422,0.0115428318,0.0041689724,0.0042496384,0.007634874,0.0074813156,0.007460583,0.0096595295,0.0074389559,0.0078816143,0.006456883,0.0064419795,0.0044496427,0.0054015269,0.0057320075
0.0089873356,0.008614796,0.0055153564,0.0056105766,0.0055378182,0.0056355384,0.0061698641,0.0079315273,0.0079315273,0.0093034224,0.0055819196,0.009517862,0.0093034224,0.0071473849,0.0071473849,0.0061328731,0.0095414064,0.0081648134,0.006501037,0.0067626516,0.0066136141,0.0088903127,0.0038833939,0.0038755425,0.0070515861,0.0123116882,0.0159602639,0.0128354889,0.016006816,0.0135579146,0.0161111028,0.0106192701,0.0137390799,0.008634541,0.0085664257,0.0085105313,0.008610484,0.0052712113,0.0039163148,0.0058277266,0.0058310669,0.0063712979,0.006413187,0.0070068806,0.0071384132,0.0113339453,0.0121817752,0.0062669514,0.0061859118,0.0069587917,0.0071740701,0.0058817243,0.0047662286,0.0048158655,0.0062886675,0.0071212078,0.0066130106,0.0097595877,0.0081544924,0.0083375785,0.0081364639,0.0077292493,0.0081522597,0.0053446328,0.0051885155,0.0069350813,0.0044662766,0.0043638682,0.0036277286,0.0058639431,0.0059519556,0.0075138517,0.0059297,0.0058486222,0.0066115361,0.0063958708,0.0064095507,0.0063644431,0.0075688238,0.0076436648,0.0065839516,0.0067217009,0.0066007967,0.006870141,0.0062822812,0.0060960806,0.0065974674,0.0090124139,0.0082200729,0.0080052264,0.0082985231,0.007935805,0.009163821,0.011028303,0.0093266627,0.0092207932,0.0122854301,0.0093326974,0.0066215099,0.0107586439,0.0091341682,0.0114639057,0.0041759953,0.0042512898,0.0070515861,0.0068707771,0.0068692007,0.0090987771,0.0068466792,0.0073345021,0.0063205599,0.0063103252,0.004518578,0.0052304655,0.005572271
0.0089356854,0.008416857,0.0056423191,0.0057051191,0.005650426,0.0057598309,0.0064398191,0.0078748443,0.0078748443,0.00928392,0.0056715248,0.0094814387,0.00928392,0.0070906609,0.0070906609,0.0061413498,0.0095028345,0.0081105436,0.006477379,0.0067424915,0.00660347,0.0088788457,0.0037346212,0.0037491531,0.0072215356,0.012700778,0.0157605113,0.0130704106,0.0158101994,0.0137973113,0.0159191543,0.0109104508,0.0141162772,0.0088096134,0.0086992856,0.0086274189,0.0087754891,0.0055184208,0.0039035413,0.00568835,0.0056980569,0.0062197411,0.0065433681,0.0068875703,0.0070226925,0.0113425799,0.0122506917,0.0062006856,0.0061152759,0.0070215106,0.00732563,0.0057248384,0.0046990174,0.0047460917,0.0064398563,0.0071488813,0.0065929944,0.0096533285,0.0082519175,0.0083740432,0.0082471418,0.0077796009,0.0082717016,0.0054695535,0.0053938451,0.006908271,0.004722242,0.004173995,0.0037546637,0.005836305,0.0058519168,0.0068502153,0.0058606439,0.0058251752,0.006487353,0.0061320599,0.0062678384,0.0062001245,0.0077426694,0.0077507958,0.0067146707,0.007029704,0.0067278748,0.0068022891,0.0061778377,0.0059907509,0.0065443571,0.0092028849,0.0083311418,0.007983255,0.0081576653,0.0078438764,0.0092420167,0.0107833146,0.0094011306,0.0092770278,0.0123577778,0.0094085778,0.0066950653,0.0105159917,0.0092041903,0.0111515958,0.0039426628,0.0040131406,0.0072215356,0.0070564481,0.0070703995,0.0091329404,0.0070453405,0.0076552398,0.0064659304,0.0064700498,0.0047030915,0.0052829194,0.0056011188
0.0090758891,0.008754262,0.0056935077,0.0058129931,0.0057348708,0.0058299687,0.0063031326,0.0077816821,0.0077816821,0.008996587,0.0057640766,0.00917443,0.008996587,0.0069595363,0.0069595363,0.0060718988,0.0089935162,0.0080544717,0.0062670009,0.0065399953,0.0064171036,0.0086032356,0.0037175507,0.0036648042,0.0068957064,0.0125627002,0.0156669245,0.012923428,0.0157088106,0.0135831335,0.0157940321,0.011208037,0.0139458509,0.0087049766,0.0085976328,0.0085329238,0.0086906557,0.0054294196,0.0040818854,0.005834205,0.0058338071,0.0063267439,0.0065348529,0.0068910328,0.0071468321,0.0113142002,0.0123814995,0.0063660807,0.0062729585,0.0068247835,0.007045496,0.005757646,0.0044559543,0.0045178439,0.0066150703,0.0073324891,0.006862621,0.0095444064,0.0080143349,0.0081926453,0.0079798148,0.0074632793,0.0080170016,0.0052882231,0.0051643842,0.0069409662,0.0045691368,0.0042540384,0.0037275453,0.0058215648,0.005958762,0.0068324509,0.0059295793,0.0058402592,0.0064792245,0.0063023689,0.0063134967,0.0062813175,0.0075520356,0.0076299356,0.0065004891,0.0067668384,0.0065181675,0.0068080238,0.0059898571,0.0058344328,0.0066762168,0.0090094148,0.0081167891,0.0078353856,0.0083643127,0.0078776842,0.0091001398,0.0108205655,0.009261187,0.0091766578,0.0123460113,0.0092790425,0.0066992648,0.0105301863,0.0090718543,0.0111533453,0.004093816,0.0041682639,0.0068957064,0.0066704481,0.0066643418,0.0088476175,0.0066551266,0.0073402439,0.006387046,0.0063833404,0.0047943668,0.0053087738,0.0055617675
0.0089484762,0.0081548415,0.0058501257,0.0059289521,0.0058700167,0.005977884,0.0063886174,0.0079472276,0.0079472276,0.0090520748,0.0055341748,0.0092160859,0.0090520748,0.007139129,0.007139129,0.006173288,0.0091822658,0.0082047811,0.0064751484,0.0067738589,0.0066536325,0.008630847,0.0037396861,0.0037215049,0.0067509764,0.0123103444,0.0157090549,0.0127544833,0.0157618458,0.0133265194,0.0158844229,0.0110101681,0.013709134,0.008474241,0.0083919743,0.0083121952,0.008451975,0.005681363,0.0042628785,0.0059178339,0.0059089978,0.006529482,0.006760395,0.007025875,0.007250716,0.0111643478,0.0122518887,0.0060191861,0.0059604201,0.0066505278,0.0068666681,0.0057525444,0.0049645318,0.0050002491,0.0065093366,0.0068775484,0.0068204929,0.009554929,0.0077595951,0.0078616528,0.00775575,0.0073048375,0.007773341,0.0057897589,0.0057035943,0.0065392354,0.0045571472,0.0044486068,0.0037645491,0.0056081958,0.0057693417,0.006878055,0.0057016458,0.0056439153,0.0067444125,0.0063021882,0.0063961285,0.0064179556,0.0074160512,0.0073280012,0.0064052415,0.0067143991,0.0064131922,0.0064969806,0.0061177674,0.0058657368,0.006249966,0.0085836229,0.0079317993,0.0078164549,0.0079591873,0.0077823852,0.0086374853,0.0102564387,0.0087954693,0.0086794595,0.0117150422,0.0088028644,0.006480095,0.0099936762,0.0086106478,0.0104898769,0.0042875049,0.0043765146,0.0067509764,0.0065794077,0.0065762063,0.0084993937,0.0065584083,0.0071553576,0.0063575464,0.0063527971,0.0046780894,0.0054776054,0.0055269602
0.0084368069,0.0079277049,0.0057682766,0.0058309835,0.0057870203,0.0058909217,0.0062891016,0.0080413665,0.0080413665,0.0090659346,0.0057571547,0.0091769262,0.0090659346,0.0072834033,0.0072834033,0.006507463,0.0092780026,0.0082493554,0.0067671269,0.0070224957,0.0068531818,0.0086246026,0.0039538217,0.0039104259,0.0072631247,0.0126650177,0.0155571045,0.0130137948,0.015616633,0.0135190878,0.0157537802,0.0109816101,0.0139505462,0.0082194628,0.0081458281,0.0080678802,0.0081904358,0.005851291,0.0043067113,0.0061964292,0.0062152701,0.006442151,0.0065436604,0.0067307267,0.0069276246,0.0110350709,0.0119430833,0.006033151,0.0059773816,0.0071658517,0.0073835788,0.0061228059,0.0050626576,0.0051581278,0.006609684,0.0069834583,0.0067356736,0.0092280292,0.007887758,0.0080059372,0.0078969323,0.0074702156,0.0079061705,0.0054272229,0.0053694611,0.0069837976,0.0045389196,0.0044515602,0.0040144269,0.0058335934,0.0059840441,0.0064708299,0.0059613559,0.0059350059,0.0064966247,0.0062845184,0.006289042,0.006316067,0.0075040792,0.007496784,0.0063802026,0.0066157964,0.0063864082,0.0069805712,0.0060303052,0.0060821587,0.006386908,0.0086630392,0.0079322198,0.0076049969,0.0077351424,0.0074343236,0.0088350632,0.0101529785,0.009003493,0.008894182,0.0111743979,0.0090157063,0.0062079986,0.0099211021,0.0087955729,0.0102904917,0.0045828509,0.0046719745,0.0072631247,0.0070904198,0.0070751948,0.0090671108,0.0070632802,0.0075446566,0.0063978769,0.0064073394,0.0046796595,0.0059137062,0.0060152292
0.0084755684,0.0079411851,0.0057571406,0.0058207948,0.0057755295,0.0058781212,0.0062666045,0.0080914695,0.0080914695,0.0092647202,0.0059312847,0.0094356215,0.0092647202,0.0073076993,0.0073076993,0.0065513452,0.0093538764,0.0083167549,0.0068520556,0.0071164799,0.0069364771,0.0088765403,0.0038556649,0.0038955017,0.0068411896,0.0122403903,0.0156719924,0.0126285715,0.0157371576,0.0136563757,0.0158488951,0.0104612681,0.0139283562,0.0082077854,0.008140991,0.00805495,0.0081843153,0.0053759622,0.0043179788,0.0059791754,0.0059911781,0.0065673194,0.0062170504,0.0069125083,0.0071033778,0.0107364559,0.0119102191,0.0063808632,0.0063111062,0.0067429104,0.0069698764,0.006056384,0.0046601024,0.0047262885,0.0061648267,0.0067503566,0.0066233851,0.0091572462,0.0077881292,0.0078015806,0.0077943625,0.0073107979,0.0078270188,0.0052273497,0.0051355129,0.0067773312,0.0044302108,0.0045519986,0.0039476083,0.0058836333,0.0060424993,0.0069081379,0.0059379472,0.0058726875,0.0067870618,0.0064213507,0.0065193757,0.0065486021,0.0071490913,0.0072770281,0.0066441618,0.0068070208,0.0066566708,0.0066043875,0.0061514444,0.0058732118,0.0067160931,0.0084183972,0.0078511042,0.0076235465,0.0077348566,0.0074444177,0.0084765587,0.0094553031,0.0085966504,0.0084886872,0.0110801573,0.0086086136,0.006222542,0.0092261524,0.0084518246,0.0097704191,0.0045344205,0.0046180184,0.0068411896,0.0066484208,0.0066518757,0.0090594181,0.0066376945,0.0072661521,0.0065125132,0.0065200833,0.0047674181,0.0054463663,0.0057644698
0.0082690321,0.0079386672,0.0055007786,0.0055546134,0.0055150721,0.005612512,0.0059680353,0.0079272953,0.0079272953,0.0090166825,0.0060918002,0.0092029519,0.0090166825,0.0071773967,0.0071773967,0.0066908929,0.0090512224,0.0081303061,0.0068918287,0.0070671769,0.0068218627,0.0086287752,0.0036566866,0.0036246936,0.0064650568,0.0118843214,0.0157318752,0.0123830918,0.0158000123,0.0131264182,0.0158626172,0.0102977061,0.0134426321,0.0078602464,0.0078103346,0.0077205624,0.0078297255,0.0052854352,0.0044473346,0.0054215932,0.0054294821,0.0058742769,0.0062282512,0.006508188,0.0066483502,0.0106073168,0.0115821172,0.0058208509,0.005767496,0.006400096,0.0066041846,0.0053658592,0.0048109089,0.0048518641,0.0060006859,0.0065656523,0.0061850769,0.0089502787,0.00779443,0.0078231314,0.0077575339,0.0072000554,0.0078052023,0.0053239155,0.0052613179,0.0064518235,0.0043479234,0.0045257616,0.0039496727,0.0053553637,0.0055811474,0.0067358208,0.0055254384,0.0054253189,0.0060997971,0.0058619918,0.0058486516,0.0058022887,0.0071928672,0.0072110179,0.0068964776,0.0070941224,0.0069086971,0.0063718919,0.0057632429,0.0055966325,0.0061739283,0.0085013332,0.007703895,0.0075093748,0.0076911967,0.0073928207,0.0086703408,0.0099700009,0.0088300884,0.0087608366,0.0115720342,0.0088537234,0.0063872134,0.0097385023,0.0086332287,0.0102639915,0.0046888134,0.0047709481,0.0064650568,0.0062598783,0.0062556693,0.0090765873,0.0062445582,0.0070718016,0.0067099547,0.0067196116,0.0051435946,0.0050354568,0.0053170814
0.0080910488,0.0077623814,0.005436936,0.0054815221,0.0054491082,0.0055434241,0.0059462832,0.0079569245,0.0079569245,0.0087781287,0.0061065231,0.0089608724,0.0087781287,0.0072214557,0.0072214557,0.0065646988,0.0089539731,0.0081478446,0.0069385863,0.0071480571,0.0069209745,0.0084365717,0.0036573512,0.0036037832,0.0064144891,0.0116803724,0.0152743252,0.0121627766,0.0153626377,0.0127777682,0.0155128433,0.0100668064,0.0129840002,0.0078082259,0.0077150696,0.0076391127,0.0077817988,0.0055703043,0.0044564964,0.0057369314,0.0057419793,0.0062432314,0.0066026453,0.0065464127,0.0067920884,0.0103140245,0.0113577037,0.00528338,0.0052453328,0.0063615071,0.006534662,0.0056783891,0.0049491689,0.0049928648,0.0064123029,0.0067783634,0.006431912,0.0089216669,0.0071967349,0.0074551203,0.0071647432,0.0067279509,0.0072095509,0.005490589,0.0054137196,0.0062259773,0.00442022,0.0046782835,0.0040423516,0.0052669432,0.0057024724,0.0063516686,0.0056740189,0.0055262585,0.0063318238,0.0061332905,0.0060935037,0.0061131016,0.0074055453,0.0073890099,0.006708746,0.0069616578,0.0067155363,0.0061827787,0.0058350689,0.0056550224,0.0056325682,0.0081657509,0.0074198738,0.007227862,0.0076763425,0.007361103,0.0086201911,0.0101358134,0.0087721043,0.0087197231,0.0112816946,0.0088001161,0.0065379696,0.0098953988,0.00857858,0.0105264988,0.0047099089,0.0048011283,0.0064144891,0.0062398113,0.0062386085,0.0084191905,0.0062193106,0.0067369231,0.0065270057,0.0065279967,0.004925421,0.0052536953,0.0054762009
0.0082196658,0.0081584609,0.0055499387,0.0056265929,0.0055869484,0.0056678859,0.0059630505,0.0078881139,0.0078881139,0.0087311514,0.0059853236,0.0089444785,0.0087311514,0.0071683403,0.0071683403,0.0065227674,0.0088849368,0.0080682194,0.0069727792,0.0071463708,0.0068939604,0.008380432,0.003773897,0.0038201637,0.0068554969,0.0116452969,0.0154922045,0.0120364142,0.015581333,0.0127686983,0.0156466163,0.010017883,0.0130336212,0.0078790767,0.0078053024,0.0077376455,0.0078633684,0.0054665845,0.0040998693,0.0057172026,0.0057199262,0.006351299,0.0066594915,0.006807408,0.0069637191,0.0103367804,0.011248338,0.0057644844,0.005709551,0.0068010483,0.006960199,0.0058342774,0.0048110672,0.0048616943,0.0063911561,0.0068484311,0.0065813658,0.0090450637,0.0074445934,0.007473358,0.007437242,0.0069746365,0.0074595601,0.0055343991,0.0053972727,0.0066011538,0.0043905234,0.0046811903,0.0040228743,0.005820849,0.0061162393,0.0061353689,0.0060976739,0.0061242198,0.0065692587,0.0063735497,0.0063226649,0.0063097261,0.0076447561,0.0074728158,0.0063854125,0.0066476799,0.0064115924,0.0066416885,0.0061983003,0.0061166802,0.0061031511,0.0080587156,0.0073547406,0.0074171754,0.0079284144,0.0075029936,0.0089695471,0.0102171491,0.0091188276,0.0090002749,0.011562029,0.0091276943,0.0070117846,0.0099944297,0.0089282096,0.0105733887,0.0042981262,0.0043729387,0.0068554969,0.0067101566,0.0066997365,0.0086332358,0.0066796941,0.0070623219,0.0063066833,0.0063037986,0.0048375938,0.0051906387,0.0054249623
0.0081699514,0.0080841479,0.0053977783,0.0054714846,0.0054243582,0.0055111095,0.0057996394,0.0077824892,0.0077824892,0.0087684636,0.0061015059,0.0089081663,0.0087684636,0.0070219858,0.0070219858,0.0064199323,0.0087427094,0.0080021865,0.0067103872,0.0068965733,0.0066676441,0.0084088399,0.0037378582,0.003726472,0.0064276941,0.0115089712,0.015424476,0.0119706274,0.0155020108,0.0126893385,0.0154956906,0.0099722872,0.0128807885,0.0078787288,0.0078325101,0.0077804663,0.0078592045,0.0053371708,0.0041539366,0.0052023674,0.0052033514,0.0058919233,0.0065051715,0.0065472247,0.0066713816,0.010319382,0.0114298819,0.0060420983,0.0059821385,0.0063550691,0.0065504427,0.0050802892,0.0044768333,0.0045183146,0.006285957,0.0066037424,0.0061614931,0.0089552,0.0073840865,0.0075707337,0.0073792587,0.0070226254,0.0073865587,0.0055210208,0.0053589354,0.0064246698,0.0044018943,0.0048640809,0.0041040219,0.0056578628,0.0054175302,0.0065363955,0.0054565503,0.0055084219,0.0061551705,0.005684251,0.0057956156,0.0057977087,0.0073884917,0.0072519333,0.006094276,0.0062782274,0.0061124156,0.0062929726,0.0056052497,0.0054436476,0.0062904767,0.008077142,0.0075834663,0.0075038566,0.0078202945,0.0073815354,0.0088486625,0.0105678153,0.0090302979,0.0089124104,0.0115703611,0.009035734,0.0065474451,0.010318075,0.0088171396,0.0109249771,0.004306745,0.0043863359,0.0064276941,0.006244974,0.0062410531,0.0083202851,0.006224233,0.0067288705,0.0060087531,0.006014742,0.0045160219,0.0048442736,0.0049490812
0.0084749568,0.0082920651,0.00522112,0.005316879,0.0052561366,0.0053358734,0.0056904547,0.0077121797,0.0077121797,0.0088173241,0.0060555422,0.0089710818,0.0088173241,0.0070024929,0.0070024929,0.0064644026,0.008939747,0.0078938359,0.0068014853,0.0069836804,0.0067405936,0.0084597054,0.0036701769,0.0036450554,0.0053936033,0.011960213,0.0155211477,0.0124611512,0.0156185165,0.0131071818,0.0156262686,0.0105465734,0.0132599061,0.0079230123,0.0078351075,0.0077685978,0.0079150533,0.0051891984,0.0043507082,0.0052865998,0.0052948728,0.0056994505,0.0064085852,0.0061464096,0.0063983339,0.01111827,0.012116504,0.0048637262,0.0048268387,0.0053238741,0.0055193512,0.0049084818,0.0043364352,0.0043811595,0.006269204,0.0069486637,0.0063818644,0.0093710075,0.0066807943,0.0071461755,0.0066537943,0.0064122575,0.0066539463,0.0052164005,0.0051297283,0.0053303908,0.0042460519,0.0048536547,0.0041745512,0.004666863,0.0047350526,0.006387574,0.0047314061,0.0046899123,0.0057421206,0.0050778464,0.0052330207,0.0054123644,0.0076281422,0.0075079283,0.0060158061,0.0063181491,0.0060252068,0.005200345,0.0048144304,0.004675872,0.0050896408,0.0079644123,0.0075237241,0.0074555394,0.0080093623,0.0074150929,0.0091809672,0.0110876915,0.009383547,0.0092123505,0.0122928887,0.0093727123,0.0063858936,0.0108219651,0.009138554,0.0114309345,0.0044936262,0.0045603721,0.0053936033,0.0052004734,0.005200897,0.007488963,0.0051866061,0.0057178366,0.0056683095,0.0056787818,0.0043358345,0.0048507852,0.0049889922
0.0085758429,0.0085821498,0.0052005578,0.0052953016,0.0052346786,0.0053187335,0.0056161328,0.0076879715,0.0076879715,0.008544393,0.006103941,0.0086780285,0.008544393,0.0069240646,0.0069240646,0.0063447667,0.0084342007,0.0079120792,0.0065725597,0.006771393,0.0065593743,0.0082072319,0.0037626613,0.0037820564,0.0056871075,0.0127465755,0.0158548158,0.0131163873,0.0159302602,0.0136755005,0.0159530325,0.0111261818,0.0139852283,0.0082938741,0.00821252,0.0081018651,0.0082538075,0.0052382422,0.0042528127,0.0055077964,0.0055081443,0.0060133186,0.0065386248,0.0064101825,0.0066494081,0.0111896998,0.0121018505,0.0047089429,0.0046628415,0.005522245,0.0058128971,0.0050975818,0.0041286054,0.0041992227,0.0064399408,0.0073179047,0.0065150616,0.0094450755,0.0073268568,0.0077523082,0.0072746644,0.0069302165,0.0072963679,0.0050978186,0.0050229089,0.0053997081,0.0042979356,0.0048600229,0.0040392639,0.0044661734,0.00472562,0.0052701644,0.0046949596,0.0045837602,0.0060591068,0.0053827505,0.0056461109,0.0058457082,0.0078798547,0.0079144387,0.0062196687,0.0064625507,0.0062261285,0.0053099846,0.0050880234,0.0047813283,0.0049902561,0.0086863012,0.0079496603,0.0075307019,0.0081702721,0.0076399637,0.0094133005,0.0109307992,0.0095788116,0.009376613,0.0122471179,0.0095632922,0.0063610901,0.010651379,0.009377961,0.0112355144,0.0045462099,0.0046122071,0.0056871075,0.0054795102,0.0055042227,0.0081111228,0.0054826519,0.0062679109,0.0058979812,0.0059199049,0.0045445285,0.004922704,0.0051652755
0.0087889075,0.0088494116,0.0052015045,0.0052816872,0.0052249851,0.0053145629,0.0056799399,0.0076871908,0.0076871908,0.0084834734,0.0059844269,0.0086552561,0.0084834734,0.0068771332,0.0068771332,0.0062387741,0.0084213408,0.0079514825,0.0063782221,0.0065815929,0.0063926068,0.0081165214,0.0037882552,0.0038925955,0.0062130424,0.0124481257,0.0154774146,0.0127434743,0.0155436625,0.0133136687,0.0155751368,0.011164034,0.0137452882,0.0082618465,0.0081672056,0.0080990264,0.008247582,0.0056575901,0.0041150503,0.0060398901,0.0060240832,0.006770616,0.0070435651,0.0069966313,0.0072955299,0.0113482637,0.0122169172,0.0051266889,0.0050611007,0.0060961278,0.0063337917,0.0055484208,0.0044196679,0.0044661318,0.0070354957,0.0077486575,0.00742282,0.0098521318,0.0076403681,0.0078951035,0.0076093521,0.0071638118,0.0076244812,0.0055802255,0.0054516248,0.005971284,0.0040403677,0.0045585901,0.0039204811,0.0047104042,0.0050178653,0.0053034262,0.0049053201,0.0047082493,0.0067128438,0.0058973014,0.0061776757,0.0063986847,0.0079605644,0.0081971762,0.0062449637,0.0064894332,0.0062521089,0.0059133222,0.0055687521,0.0052571792,0.0054594965,0.008640866,0.0078111188,0.0076689042,0.0085811985,0.0079728922,0.0090266276,0.0103980561,0.00919697,0.0090205783,0.011696211,0.0091850769,0.0063788936,0.0101622033,0.0089872387,0.0104581026,0.0043727094,0.0044503934,0.0062130424,0.0060274965,0.0060322417,0.0085650806,0.0060121118,0.0067198694,0.0060107339,0.006035245,0.0044489158,0.0052361853,0.0055186304
0.0088213911,0.008435421,0.0049346786,0.0049413668,0.0049209787,0.0050225863,0.0054039703,0.0075172981,0.0075172981,0.0083757183,0.005908471,0.0083879029,0.0083757183,0.0066911113,0.0066911113,0.0061767023,0.0082650863,0.0078019911,0.0061889085,0.006357705,0.006151603,0.0078828835,0.0035393335,0.0035318453,0.0068845441,0.0122571059,0.0152525316,0.0126425288,0.0153281441,0.0129274726,0.0153473976,0.0111003573,0.0135180545,0.0085494712,0.0084451399,0.0083604517,0.008531149,0.0054368835,0.0040870585,0.006298878,0.0062685974,0.0070067573,0.0063716391,0.0072088719,0.007541451,0.010725664,0.0118185946,0.0055993052,0.0055346233,0.006794808,0.0069841212,0.0060919635,0.0043557849,0.0044211793,0.0066939932,0.007495162,0.0073311627,0.0092946009,0.0080042142,0.0081998149,0.0079922927,0.0075418309,0.0079922948,0.0051846037,0.0050640807,0.0064659698,0.0041468613,0.0043523495,0.0038654814,0.005268667,0.0056722858,0.0058431125,0.0054566983,0.0053662066,0.0069750587,0.0064726094,0.006585326,0.0065601837,0.0072340578,0.0076384828,0.0059895759,0.0062223988,0.0059964842,0.0064556948,0.0060943878,0.005958974,0.0059360142,0.0090134816,0.0080652774,0.0080032941,0.0082485967,0.0080552474,0.0084788794,0.0096849057,0.0086065731,0.0083696974,0.01106663,0.0085802766,0.0053331544,0.0094358682,0.0084591856,0.0098808564,0.0040520293,0.0041340467,0.0068845441,0.0067390573,0.0067364434,0.0090467351,0.0067122184,0.0073368295,0.0058075578,0.0058340453,0.0043324168,0.0054332953,0.0055039418
0.0079444479,0.0072751458,0.0047514821,0.0047846918,0.0047598002,0.004844562,0.0050427405,0.0072881875,0.0072881875,0.0081664431,0.0056365,0.0081539639,0.0081664431,0.0064330021,0.0064330021,0.00586575,0.0078377264,0.0076136458,0.0060069069,0.0061853562,0.0059998896,0.0075756521,0.0033376245,0.0033239654,0.0068776564,0.0117578224,0.0155166918,0.0121566877,0.0155981113,0.0128071502,0.0155922321,0.0104553828,0.013332605,0.0081372349,0.0080737932,0.0079618821,0.0080776231,0.0044350611,0.003897755,0.0051091201,0.0051152694,0.0059425918,0.0054429799,0.0064848134,0.0065465377,0.0098322618,0.0109798431,0.0061986009,0.0061105745,0.0067976252,0.0069866391,0.0052710474,0.0038136556,0.0038680799,0.0052834736,0.0059478007,0.0058274951,0.0083110264,0.0080629953,0.0080836342,0.0080186509,0.0074477634,0.0080828807,0.0045451972,0.0044094479,0.0067582266,0.0040123439,0.0040829181,0.0036414028,0.0054577085,0.0056598203,0.0063598615,0.0056119141,0.0055702057,0.0062625314,0.0060835231,0.0061850384,0.0058532273,0.0061106785,0.0062767049,0.0060325563,0.006279025,0.0060372875,0.0066746662,0.0060566474,0.0058728467,0.0064812481,0.008862821,0.007883396,0.007438928,0.0072732292,0.0070404847,0.0073611979,0.0087509528,0.0074871896,0.0073065639,0.0100544438,0.007469416,0.0049517083,0.0085241042,0.0073436625,0.0090477757,0.0038037891,0.0038708703,0.0068776564,0.006716496,0.0067163425,0.0089213023,0.0066948224,0.0073907189,0.0057472764,0.0057910938,0.00443345,0.0043877438,0.0047810597
0.0074350821,0.0070949821,0.0045392405,0.0045502384,0.0045385648,0.0046204953,0.0048542585,0.0074433089,0.0074433089,0.0079026721,0.0056030498,0.0078482873,0.0079026721,0.0065628339,0.0065628339,0.0059163901,0.0074609248,0.0077823359,0.0059559297,0.0061690477,0.0060097741,0.0073046012,0.0033026599,0.0033238141,0.0059556005,0.0114079977,0.0154846082,0.0117642422,0.0155831859,0.0125159748,0.015643022,0.0100109825,0.0127792415,0.0075032998,0.007410147,0.0073192721,0.0074586422,0.0044350064,0.0039447898,0.0046357696,0.0046382731,0.0052147776,0.0055770071,0.0058707602,0.0059064352,0.0095851932,0.0106231606,0.0057771207,0.0057122457,0.0058377026,0.0060885207,0.0047221408,0.0036527905,0.0036997453,0.0053802634,0.0058883307,0.0054874286,0.0081338745,0.0069574818,0.007219072,0.0069224193,0.0064845998,0.0069811228,0.0044999606,0.0043903412,0.0060892325,0.0037751523,0.0037409061,0.0035822339,0.0050327929,0.0050945721,0.0066835259,0.0049788936,0.0049374602,0.0055421165,0.0051234644,0.0053368721,0.0051907596,0.0063631356,0.0063830141,0.00636852,0.0066175623,0.0063834429,0.0058998602,0.0051222457,0.0050035512,0.0060480061,0.00811982,0.0071774797,0.0067851207,0.0069036016,0.0065469884,0.0074641696,0.0087503266,0.0076010488,0.0074303238,0.0100604467,0.0075883064,0.0053313655,0.0085423675,0.0074409946,0.0089312884,0.003668105,0.0037358925,0.0059556005,0.0057436214,0.0057537686,0.0080413241,0.0057396491,0.0064419596,0.0062039679,0.0062151061,0.0046373908,0.0042278925,0.0045549189
0.0073160833,0.0070968799,0.0043181625,0.004355716,0.0043291806,0.0043995674,0.0047809097,0.0076614276,0.0076614276,0.0080803484,0.0055259123,0.0080030936,0.0080803484,0.0067873859,0.0067873859,0.0059800811,0.0078152991,0.0079872116,0.0059821207,0.006277704,0.0061764707,0.0074915477,0.0032318396,0.0032623042,0.0058188748,0.0115107443,0.0154659741,0.0118197089,0.0155550248,0.0126439269,0.0156269637,0.009878379,0.0129495505,0.0073981241,0.0072917672,0.0072098068,0.0073584283,0.0041319625,0.0042796056,0.0048343708,0.0048423486,0.0052885936,0.0051231965,0.0055431082,0.0056535075,0.009656966,0.0106424354,0.0054174651,0.0053772637,0.0057058387,0.0059234991,0.0049196943,0.0035280437,0.0035618146,0.0049213535,0.0057095111,0.0053698764,0.0081136958,0.0069542943,0.0070804338,0.0069160207,0.0063880894,0.0069782144,0.0042135736,0.0040461312,0.0056850457,0.0039394806,0.0037848852,0.0036395144,0.0048177755,0.0051131387,0.00603832,0.0050175707,0.0049114123,0.0053750068,0.0052114339,0.0051821109,0.0051955227,0.0059272812,0.0060675139,0.0063484575,0.0067523845,0.0063613977,0.0055771762,0.0050196471,0.004877245,0.0056553019,0.0078833353,0.0071724359,0.0065004478,0.0068266236,0.006180141,0.0074885604,0.0086436417,0.0076247583,0.0074064083,0.010179832,0.0075968417,0.0050892819,0.0083990493,0.0074768375,0.0088337708,0.0037607507,0.0038412424,0.0058188748,0.0056559998,0.0056558082,0.0077898984,0.0056393422,0.0062516082,0.0061879241,0.0061871297,0.0047300859,0.0041821576,0.0045883146
0.0070533101,0.0065817878,0.0044386934,0.0044839559,0.0044566615,0.004528208,0.0048174427,0.0077509922,0.0077509922,0.0084902686,0.0055304908,0.0085474825,0.0084902686,0.0069556387,0.0069556387,0.00610002,0.008467579,0.0080026061,0.0063563776,0.0066505984,0.0065087103,0.0080390866,0.0033771837,0.0034067795,0.0056434578,0.0110942009,0.0150564745,0.0114102898,0.0151671418,0.0123450037,0.0152170446,0.0094040655,0.0127980988,0.0070483356,0.0069602259,0.0068825266,0.0070115807,0.0041801156,0.0043616663,0.0044968517,0.0044990517,0.0050478571,0.0050346427,0.0053166898,0.0053973912,0.0090831601,0.0100715253,0.0056202071,0.0055675752,0.0055485272,0.0057573418,0.0046325321,0.0035961337,0.0036176295,0.0049791566,0.0055489774,0.0051199295,0.0076466274,0.0068033724,0.0068457669,0.0067697245,0.0062739356,0.0068215238,0.0044149684,0.0042863503,0.0058041175,0.0038459802,0.0039333575,0.0037432533,0.0048943724,0.0048796557,0.0056428839,0.0048455287,0.0048415127,0.005148471,0.0051803613,0.0050852967,0.0050198064,0.005699158,0.0057684358,0.0061703783,0.0066064991,0.0061755061,0.0056210724,0.0049891182,0.0048046724,0.0058732321,0.0074139446,0.0066974884,0.006194662,0.0062948747,0.0059114101,0.0070923212,0.0081993177,0.007238399,0.0070596101,0.0092907191,0.0072176233,0.0049163795,0.0080031378,0.0070722295,0.0083761566,0.0040672399,0.0041495976,0.0056434578,0.0054660939,0.005462221,0.0077854141,0.0054498099,0.0061224175,0.006024438,0.0060338589,0.0045313429,0.0039292024,0.0043860094
0.0061793264,0.006268109,0.0046540121,0.0047059087,0.0046711121,0.0047514844,0.0050820413,0.0077073023,0.0077073023,0.0086438849,0.0054126155,0.0087706245,0.0086438849,0.006885846,0.006885846,0.0061282578,0.0087859453,0.007986653,0.00648483,0.0067362682,0.0065652981,0.0082235627,0.0032625191,0.0033452441,0.0052333083,0.0098815819,0.0145540924,0.0102799195,0.0146913104,0.0114656667,0.014665543,0.0078848396,0.0118576695,0.0061741194,0.006104391,0.0060542306,0.0061436771,0.0042533583,0.004412176,0.0042074903,0.0042079708,0.0046432639,0.0050408299,0.0050659889,0.0051968111,0.0080794542,0.0090733979,0.0053048972,0.0052758639,0.0052217056,0.0053492569,0.0043512653,0.0035884812,0.0036201701,0.0050714792,0.0055473868,0.0051368792,0.0067984861,0.0060406333,0.0060769889,0.005993525,0.0055018979,0.0060440354,0.00424285,0.00417495,0.0054167076,0.0038045913,0.0038643689,0.0037562981,0.0046580347,0.0045846986,0.00575643,0.0046470576,0.0046385694,0.0048660278,0.0047400236,0.0046986229,0.0046796264,0.0058700785,0.0058725333,0.0062538412,0.0066463613,0.0062522439,0.0052294792,0.0046449819,0.0044829264,0.0055328549,0.0065668181,0.0058845396,0.0057083257,0.0059477521,0.0055508333,0.0067591486,0.0078070937,0.0068668785,0.0067489264,0.0087815097,0.0068687271,0.0052119833,0.0076177486,0.0067369451,0.0081598868,0.0040534101,0.0041434497,0.0052333083,0.0050653549,0.005053609,0.0069474403,0.0050452903,0.0055122431,0.0060297148,0.0060479175,0.0045164488,0.0038570111,0.004071943
0.0067726304,0.0065324137,0.0048639455,0.0049104733,0.0048794913,0.0049646101,0.0052454101,0.0075115915,0.0075115915,0.0086500526,0.0057145943,0.0087578353,0.0086500526,0.0067335943,0.0067335943,0.0061271804,0.0085375422,0.0077613311,0.0064083998,0.0066123005,0.0064170721,0.0082996005,0.003143533,0.0031899045,0.0049422675,0.0095692807,0.01414093,0.0100383891,0.0142600439,0.0108763926,0.0142550772,0.0080141634,0.0112882585,0.0064702273,0.0064059932,0.006359462,0.0064515641,0.0043797547,0.0042844385,0.0044527575,0.0044621783,0.0048435363,0.0052136123,0.0052616293,0.0054377939,0.0088232991,0.0099349623,0.0045053661,0.0044896738,0.0049157071,0.0050384939,0.0045439161,0.0038098873,0.0038290373,0.0051560227,0.0055206304,0.0052306047,0.0074402193,0.0057035759,0.0059294835,0.0056879537,0.0053785592,0.0056859821,0.0043818575,0.0043352665,0.0048783134,0.0037025642,0.0040644561,0.0039891123,0.0042139668,0.0045848286,0.0053635861,0.0045290675,0.0044430925,0.0049884793,0.0049380182,0.0048247328,0.004807378,0.0059293096,0.0059577672,0.0062464908,0.0064864151,0.0062623804,0.0048060384,0.0046769266,0.0044667675,0.0047237564,0.0065164356,0.0060814967,0.0060589259,0.0062959436,0.0060592213,0.0070058005,0.0088754582,0.0071613061,0.0070015519,0.0099450089,0.0071455637,0.0050447984,0.0086214297,0.0069737116,0.0093411359,0.0041906316,0.0042715066,0.0049422675,0.0048093842,0.0047978828,0.0064753884,0.0047845918,0.0051740238,0.0060149005,0.0060347582,0.0044272839,0.0041578491,0.004321911
0.0071571226,0.0069619698,0.0050749793,0.005146178,0.0050989481,0.0051826807,0.0054996592,0.0071887069,0.0071887069,0.0085627042,0.0058407201,0.0087706861,0.0085627042,0.0064329437,0.0064329437,0.0059043229,0.0086559632,0.0074280799,0.006126159,0.0063236702,0.0061416174,0.0082937674,0.0033268412,0.0033526064,0.0053529846,0.0101353839,0.014399338,0.0107177512,0.0144933873,0.0114186623,0.0145406339,0.0086161623,0.011664004,0.0067596297,0.0066929373,0.0066537193,0.0067556588,0.0041775545,0.0041937064,0.0046227927,0.0046208594,0.0051838457,0.0054715295,0.0055768839,0.0056908894,0.0099362497,0.0107779608,0.0046604964,0.0046289477,0.0053076478,0.0054497241,0.0046593818,0.0033760497,0.0034296309,0.005367324,0.0057825087,0.0054528017,0.0081090879,0.0059599936,0.0061864158,0.0059516908,0.0056391943,0.0059518186,0.0042044601,0.0040591413,0.0052064089,0.0037708891,0.0042695243,0.0038635146,0.0043425832,0.0049112484,0.0048224106,0.0047469227,0.0045161964,0.0052953234,0.0050630116,0.0050978568,0.0051192033,0.0065525649,0.0063862337,0.0060385521,0.0062053042,0.0060484757,0.0051844818,0.0049126894,0.0048294061,0.0049623894,0.0068116964,0.0063146304,0.0063061123,0.0067080399,0.0062917795,0.0079484837,0.0097616004,0.0081316635,0.0079413448,0.0110944462,0.0081105142,0.0051578413,0.0094819969,0.0078994135,0.0100546288,0.0042089155,0.0042887613,0.0053529846,0.0052151818,0.0051994609,0.0067407783,0.0051842075,0.0055384464,0.0059619167,0.0059768472,0.0044605507,0.0042015879,0.0044137052
0.007789061,0.007835279,0.004966787,0.0050311349,0.0049924106,0.0050719404,0.0052716411,0.0071958038,0.0071958038,0.0083205177,0.0056974656,0.0084714705,0.0083205177,0.0064607997,0.0064607997,0.0060184524,0.0084105781,0.0074275656,0.0061483823,0.0063511191,0.0061625698,0.0079846434,0.0032187495,0.0032618654,0.0057661566,0.0109492004,0.0146737615,0.011446365,0.0147703253,0.0120205823,0.0148033795,0.0096551864,0.012330374,0.0072703031,0.0071978872,0.0071142392,0.0072538309,0.0042245373,0.0041409411,0.0046292352,0.0046141977,0.0053909698,0.0050942179,0.0059115455,0.0060635538,0.0104905526,0.0113258596,0.0051800288,0.0051202955,0.0056923149,0.0058543455,0.0045129656,0.0033795519,0.0034308839,0.0052055359,0.0061365957,0.0057009054,0.0088376623,0.0068966941,0.006978699,0.0068695344,0.0064188246,0.0068864267,0.0040901012,0.0040013887,0.0056659656,0.0037588585,0.0041017122,0.003600642,0.0046099684,0.0049842997,0.0051230519,0.0048701017,0.0047244434,0.0056461545,0.0053033274,0.0054519927,0.0054160288,0.0065164248,0.0065031797,0.0058968052,0.0060799649,0.0058977573,0.0055389636,0.0052517712,0.004955324,0.0055138413,0.0076229788,0.0069016413,0.0067016816,0.0073979498,0.0066765332,0.0082696838,0.0096647901,0.0084319193,0.0081642359,0.0109732929,0.0083869658,0.0047943179,0.0094154595,0.0082560797,0.0098863373,0.0040305738,0.004103305,0.0057661566,0.0056375767,0.0056364524,0.0077038802,0.005613224,0.0061729587,0.0057235198,0.0057456635,0.0045035254,0.0041919214,0.0044048575
0.0075232273,0.0069396967,0.00495773,0.0050080696,0.004974353,0.0050582821,0.0052749064,0.0072588585,0.0072588585,0.0080043828,0.0058729064,0.0081267967,0.0080043828,0.0065925155,0.0065925155,0.0062190467,0.0080811043,0.0074258655,0.0063781495,0.0065690481,0.0063538071,0.0076569259,0.0029507363,0.0029336578,0.0058938613,0.0110148467,0.0150232793,0.0114543696,0.0151265071,0.0120291071,0.0151161814,0.0098880731,0.0125539391,0.0074813828,0.0073847502,0.007300705,0.0074441648,0.003494046,0.0040697536,0.0044636502,0.0044605231,0.0052271293,0.0043136877,0.0055867161,0.005699455,0.0096040474,0.010620055,0.0053363655,0.0052764203,0.0057846773,0.0060089891,0.0045231585,0.0029730363,0.0030233321,0.0043337988,0.0053068259,0.0051112877,0.0081532155,0.0073329286,0.0073217169,0.0072981717,0.0067861967,0.0073465578,0.0033667189,0.0032575134,0.0058412175,0.0036486655,0.0041601703,0.0037310217,0.0047343397,0.004987828,0.005589851,0.0049069453,0.0047960182,0.0053916731,0.0053131564,0.0052742516,0.0052019259,0.0054733023,0.0055954481,0.005748112,0.0059341016,0.0057654592,0.0057607064,0.005205221,0.004907803,0.0056666703,0.0079018911,0.0071082175,0.0065832606,0.006648455,0.0062423925,0.0069926696,0.0083841286,0.0071222252,0.0069190578,0.0099755807,0.0070951939,0.0046875564,0.0081315953,0.0069949418,0.0087700814,0.0038792175,0.0039424523,0.0058938613,0.0057241273,0.0057201203,0.0081702259,0.0057100245,0.0064763148,0.0056270613,0.0056528238,0.0042752696,0.0037247627,0.0041156148
0.0062922306,0.0059423653,0.0049299085,0.0049546377,0.00493578,0.0050241259,0.0052566731,0.0071891569,0.0071891569,0.0078870514,0.0059459917,0.0080316986,0.0078870514,0.0064797708,0.0064797708,0.0060679146,0.0079198139,0.0073961618,0.0061226306,0.0063097576,0.0061151938,0.0075746715,0.0032011724,0.0031625495,0.0054917179,0.0102541283,0.0144831304,0.0105754255,0.0145910929,0.0114054491,0.0146695109,0.0088601096,0.0119735873,0.0062772061,0.006189722,0.0061387005,0.0062359054,0.0034373021,0.0041736286,0.0037917639,0.0037878875,0.0043202491,0.0046346479,0.0048012623,0.0048347804,0.0083649972,0.0094178736,0.0053417519,0.0052740491,0.0054720748,0.0056138394,0.0037316512,0.0028085257,0.0028067264,0.0042882285,0.0047719438,0.0044173576,0.0068027799,0.0064390109,0.0064733137,0.0064041734,0.005908213,0.0064502214,0.0036589535,0.0035105257,0.0056931304,0.0037372981,0.0043412562,0.0038304674,0.0047050401,0.0043494554,0.0057768189,0.0043350568,0.0042988339,0.0045943894,0.0046106318,0.0045482887,0.0043985352,0.005476291,0.0053189153,0.0060992833,0.0064272007,0.0061118972,0.0055366922,0.0046850894,0.0045082602,0.005574395,0.0070084137,0.0060492755,0.0057697359,0.0056889993,0.0053461806,0.0066151618,0.0079625868,0.0067526861,0.006637166,0.0090202757,0.0067499688,0.0050328,0.0077528056,0.0065871118,0.0084550209,0.0041098071,0.0041878974,0.0054917179,0.0053113859,0.0053072214,0.0074358123,0.0052971214,0.0058511984,0.0060047542,0.0060313618,0.0043728417,0.003098909,0.0034884708
0.00605057,0.0060605352,0.0047105509,0.0047317307,0.0047170279,0.0048030016,0.0049856467,0.0072550675,0.0072550675,0.0076876807,0.0058782523,0.0077406321,0.0076876807,0.0065896668,0.0065896668,0.0062268432,0.0075662939,0.0074216578,0.0063597745,0.0065551856,0.0063436238,0.0072981884,0.0031144009,0.0029429627,0.0046286856,0.0097530432,0.0142353023,0.0103495134,0.0143367731,0.0109680106,0.0143533196,0.0082695856,0.0112226453,0.006042996,0.0059717926,0.0059009446,0.0060148398,0.0036655609,0.0043552786,0.0037919498,0.0037865429,0.0042973092,0.005019895,0.0046310557,0.0047349925,0.0081508672,0.0092567123,0.0043851988,0.0043544516,0.0045855981,0.0047091016,0.0037087884,0.003030104,0.0030287214,0.004719854,0.0050031658,0.0046330505,0.0066436602,0.0055456404,0.0057156377,0.0055120175,0.0052031078,0.0055424724,0.0040297325,0.0038559818,0.0046787196,0.0037973023,0.0040852231,0.00381418,0.0039010696,0.0038876821,0.0056596339,0.0039732925,0.0039805703,0.0043785377,0.0041985828,0.0041370043,0.0041014252,0.00572657,0.0055688241,0.0061748578,0.0064404245,0.0061849495,0.0045791502,0.0041319703,0.0040310418,0.0045833849,0.0063450418,0.0056937974,0.0054484717,0.005683547,0.0052235193,0.0068876964,0.0084072255,0.0070263033,0.0069708991,0.0092638373,0.0070477575,0.0051953519,0.008190879,0.0068463908,0.0089065804,0.0041599509,0.0042204759,0.0046286856,0.0045110411,0.004512262,0.0064533085,0.0044955779,0.004963862,0.0058815807,0.0058992724,0.0045805925,0.0032673845,0.0036387387
0.0059809787,0.0060829762,0.0046888826,0.0047150205,0.0046943601,0.004777234,0.0051767222,0.0071746958,0.0071746958,0.0079834233,0.0059145729,0.0080426753,0.0079834233,0.0064638399,0.0064638399,0.0061219208,0.0079190767,0.0073787424,0.0061062715,0.0063031691,0.0061125535,0.0075977441,0.0029465611,0.0030302642,0.0046139115,0.009866834,0.0142653656,0.0103142191,0.0143478056,0.0113306653,0.0143679399,0.0081094948,0.0115894587,0.0055619927,0.0054910733,0.0054559767,0.0055528254,0.0042104325,0.00427685,0.0041823901,0.0041854321,0.0045474368,0.0054177207,0.0046980799,0.0048322118,0.0086458943,0.0096977682,0.0041220045,0.004089725,0.00453475,0.0047070243,0.0041857413,0.003486245,0.0034916293,0.0051603651,0.0054451519,0.0049012359,0.0070620297,0.0053013087,0.0053184136,0.0052715948,0.0048656517,0.0053176424,0.0042694769,0.0041985762,0.0046015639,0.0036081184,0.0039204031,0.0036974441,0.0037548691,0.0041361076,0.0046181321,0.0040489538,0.0039947622,0.0045509115,0.0044188951,0.0043914972,0.0043902563,0.0062321898,0.0059020846,0.0060976698,0.00631135,0.0061037222,0.0045141524,0.0042091417,0.0040448385,0.0043636281,0.0058252764,0.0052340229,0.0052679007,0.0057853245,0.005316571,0.007159171,0.0083174804,0.0072856245,0.0072378769,0.0092845287,0.0073119502,0.0055083502,0.008131029,0.0071074832,0.0086382984,0.003903483,0.0039587635,0.0046139115,0.0044714698,0.004471566,0.0064586608,0.0044595906,0.0049059306,0.0057344722,0.0057666236,0.0044785035,0.003714928,0.0040317807
0.0067601229,0.0070440687,0.004715988,0.00474507,0.0047230401,0.004807972,0.0050944047,0.0068193628,0.0068193628,0.0077336559,0.0055353052,0.0078722754,0.0077336559,0.0061169135,0.0061169135,0.0056333712,0.0080228892,0.0070368628,0.0057336108,0.0059303212,0.0057565094,0.0073337691,0.0030466762,0.003126429,0.0049377887,0.0097822373,0.0141261068,0.010335495,0.0142209089,0.0110335082,0.014246288,0.0084409401,0.0112662734,0.0061254485,0.0060568783,0.006004063,0.0061136609,0.0041886812,0.0038014026,0.0045375118,0.0045254417,0.0050476026,0.0052949507,0.0051623061,0.0051238213,0.0094609361,0.0103394681,0.0044541977,0.0044117151,0.0049680172,0.0050682484,0.0044230589,0.0034885701,0.003510166,0.0051795153,0.0058931056,0.0053810514,0.0079960292,0.0054693901,0.0055596526,0.0054538082,0.0050987491,0.0054827304,0.0042240972,0.0041212674,0.0051043262,0.0036682616,0.0038175802,0.0033907656,0.0041113998,0.004630479,0.0045482875,0.0045069526,0.0043984665,0.0049801429,0.004881295,0.0047984832,0.004807079,0.0063718771,0.0062226972,0.0056938073,0.0058323191,0.0057034378,0.00498247,0.0045428533,0.004418461,0.0047456811,0.0060927589,0.0055665901,0.0056361283,0.0066188687,0.0058549688,0.0077325361,0.0091270056,0.007873509,0.0076599785,0.0102988868,0.0078447236,0.0050219972,0.0089042806,0.0077062472,0.0093522632,0.0037084644,0.003766604,0.0049377887,0.0047492832,0.0047481582,0.0066325526,0.0047388471,0.0051035165,0.0055223122,0.0055619594,0.0041318413,0.0038669382,0.0041948556
0.0072320247,0.0071478629,0.0042328524,0.0042540858,0.0042387316,0.0043154726,0.0045113288,0.0069605229,0.0069605229,0.0074862771,0.0055337042,0.0075596306,0.0074862771,0.0062100257,0.0062100257,0.0058139736,0.0076812979,0.0072147882,0.0058977646,0.00611255,0.0059312042,0.0070238236,0.0029206594,0.0029422781,0.0049867432,0.0099253925,0.0140580613,0.0103760169,0.0141516168,0.0109479189,0.0141459613,0.0088926675,0.0113617266,0.0065897481,0.0065002703,0.0064372543,0.0065833759,0.004285042,0.003552349,0.0044626205,0.0044682969,0.0048574418,0.0050585177,0.0053143377,0.0054273307,0.0097941281,0.0107722004,0.0045783807,0.0045346585,0.0049520238,0.0050871002,0.0042823016,0.0033380017,0.0033656552,0.0049341045,0.0056266004,0.0052558726,0.0083250198,0.0057481287,0.00596493,0.0057119196,0.0053865849,0.0057408516,0.0042380295,0.0041412344,0.0049766016,0.0035360087,0.0035035924,0.0034576479,0.00425283,0.0044818412,0.0050199547,0.0044929661,0.0044154898,0.005037471,0.0048107148,0.0048288488,0.0047759877,0.0058288254,0.0057826559,0.0056976243,0.0059587743,0.0057071201,0.0049504571,0.0046514516,0.0045043655,0.0048277168,0.0066074599,0.00600778,0.0060326134,0.0067400913,0.0061550295,0.0073461177,0.0087580698,0.0075026608,0.0072797899,0.0101832587,0.0074707629,0.0046933253,0.0085176767,0.0073303955,0.0089888358,0.0033485712,0.0034022594,0.0049867432,0.0048402252,0.0048278974,0.0066212044,0.0048182439,0.0051399231,0.0055794347,0.0056252819,0.0040894618,0.0039742899,0.0041996504
0.0072033514,0.0061381861,0.0041209352,0.0041375276,0.0041252832,0.0042022373,0.0043893575,0.0074320023,0.0074320023,0.0078174016,0.0057803245,0.0079341759,0.0078174016,0.0067177717,0.0067177717,0.0062559467,0.0078250349,0.0076328016,0.0065887259,0.0067757002,0.006529537,0.0074097891,0.0027758443,0.0027075311,0.0048966436,0.0102313255,0.0139954241,0.0105927526,0.0140864262,0.0110006575,0.0141444304,0.0093142262,0.011454029,0.0069522901,0.0068709957,0.0067756359,0.0069316568,0.0037547736,0.0038177304,0.004147925,0.0041526215,0.004578172,0.0046098882,0.0052428137,0.0052955866,0.0093719319,0.0103602368,0.0043500783,0.0043059915,0.0048344151,0.0049908727,0.0040171484,0.0032728507,0.0032992764,0.0044038653,0.0048311993,0.0046736069,0.0078587729,0.0059555526,0.0062033526,0.0059171012,0.0055510373,0.0059503748,0.003796809,0.0037230535,0.0047521859,0.0033911776,0.0036753293,0.0036529245,0.0039343533,0.0041905623,0.0049226675,0.00415112,0.0040908401,0.0048159602,0.0044718755,0.0045976109,0.0045506533,0.0053676403,0.0053287444,0.0059075155,0.0063680217,0.0059115384,0.0047235727,0.0044764755,0.0042318748,0.0045883297,0.0070116387,0.0064069783,0.0062090589,0.0060703736,0.0060073368,0.0066297521,0.0080777632,0.0067717535,0.0066119097,0.0094243382,0.0067552236,0.0044497833,0.0078374813,0.0066088577,0.0084626688,0.0034225748,0.0034718054,0.0048966436,0.0047576547,0.0047606144,0.0067265665,0.0047438769,0.0052331408,0.005621455,0.0056589113,0.0043298141,0.0036820667,0.0039859326
0.0065039786,0.0058104398,0.0042274899,0.004281576,0.0042470677,0.0043218635,0.0044363997,0.0074591807,0.0074591807,0.0081913029,0.0061927307,0.0083961078,0.0081913029,0.0068178724,0.0068178724,0.0063832425,0.0082675974,0.0075928682,0.0068198134,0.0069777662,0.006696928,0.0078907287,0.002859601,0.0028134205,0.0048010424,0.0098553854,0.0138974889,0.0103890285,0.0140221861,0.0109046146,0.0140060292,0.0086796167,0.0113133382,0.0063959236,0.0063251951,0.0062738493,0.00638495,0.0037592766,0.0042042309,0.0039788189,0.0039813557,0.0044972847,0.0048450647,0.0049324313,0.0050259868,0.0086427384,0.0097321196,0.0041791687,0.0041201646,0.0047188757,0.0048987056,0.0039693639,0.0032048557,0.0032190085,0.0046705238,0.0049910995,0.0047278863,0.00702883,0.0059502625,0.0060476799,0.0059255708,0.0055485847,0.0059589958,0.0039717779,0.0038799259,0.0046565986,0.0034811774,0.0040534696,0.003894005,0.0037527222,0.0039798937,0.0046730998,0.0039133861,0.0037976479,0.0046076979,0.0043049181,0.0044141188,0.0044005069,0.005621703,0.0054858252,0.0058869682,0.0062565516,0.0058959161,0.0046158465,0.0042966944,0.004059509,0.0045207243,0.0066436736,0.0060454722,0.0060663854,0.0056925696,0.0056117897,0.00681688,0.0086728002,0.0069692675,0.0068919655,0.0096157543,0.006980712,0.0045958148,0.0084468516,0.0067691786,0.0090212682,0.0037399698,0.0037841691,0.0048010424,0.0046524486,0.0046598542,0.006778268,0.0046451354,0.0053056715,0.0054267981,0.0054328863,0.0044755828,0.003574121,0.0038623217
0.0066225969,0.0069923892,0.0043627151,0.0044136748,0.0043757658,0.0044574568,0.0047853769,0.0069031127,0.0069031127,0.0075485724,0.005951046,0.0077539752,0.0075485724,0.0062436432,0.0062436432,0.0058516488,0.0077932953,0.0070792391,0.0061077349,0.0062421564,0.0060036578,0.0071691842,0.0029225769,0.0029445415,0.0046007405,0.0098458349,0.014123562,0.0103597557,0.0142175641,0.0112295106,0.0143031467,0.008622246,0.0114448398,0.0060730286,0.0060048294,0.0059813259,0.0060918627,0.004289026,0.0039297332,0.0044742747,0.0044768615,0.0048165578,0.0053541059,0.0051307287,0.0052877425,0.0097217309,0.0105004573,0.0039454904,0.0039069161,0.0045319759,0.0047055321,0.0042317127,0.0033779552,0.0034136767,0.0053624017,0.0059494635,0.005353051,0.007915451,0.0054411537,0.0056318495,0.0054213175,0.0051736481,0.0054282745,0.0042929781,0.0042593469,0.004440546,0.0034838026,0.0039650724,0.0036233141,0.0037277495,0.0040891432,0.0045592931,0.0040165585,0.0038422773,0.0048859279,0.0044254884,0.0045864432,0.0046286877,0.0064714476,0.006542383,0.005540571,0.005810987,0.0055514745,0.0043497655,0.0042820009,0.0040080675,0.0042417405,0.0062631897,0.0056942321,0.0058375405,0.0064832399,0.0057387865,0.0082968101,0.0100579816,0.0084872795,0.0082755927,0.0112896573,0.0084603497,0.0045576628,0.0098245636,0.008253733,0.0102331309,0.003822088,0.003901395,0.0046007405,0.0044400134,0.0044363238,0.0062398342,0.0044220273,0.0048697363,0.0051783648,0.0051928828,0.0042198307,0.003970726,0.0042151642
0.0076980406,0.0076633073,0.0040169481,0.0040230161,0.0040191731,0.0040988099,0.0043295884,0.006894029,0.006894029,0.0071310415,0.0055799401,0.0071200561,0.0071310415,0.006194663,0.006194663,0.0057458554,0.0068495797,0.0071059755,0.0058590151,0.0060868936,0.0059299151,0.0066012623,0.0029531189,0.0029505863,0.004879592,0.0106370705,0.0143933962,0.0109798705,0.0144921282,0.0117340267,0.0145217504,0.0096746934,0.0121767309,0.0068286677,0.0067258983,0.006666499,0.0068306365,0.0039058774,0.0037011655,0.004817683,0.0048069247,0.0054444073,0.0046478087,0.0057570858,0.0060290351,0.0107259608,0.0115761594,0.0039749601,0.0039196754,0.0047742156,0.0049736434,0.0047213267,0.0031559302,0.0032162503,0.0048284212,0.0060345184,0.0057729872,0.0089864677,0.0059955059,0.0062257295,0.0059593267,0.0056118531,0.0059826934,0.0036849573,0.0036527795,0.004636501,0.0032297286,0.0033215012,0.0034877373,0.0036960288,0.0044246872,0.0043697884,0.004252801,0.0040546865,0.0055214899,0.0048901656,0.0050695476,0.0051648226,0.0059104205,0.006141901,0.0057442061,0.0061335554,0.0057526172,0.0045956649,0.0045759587,0.0042110858,0.0043052351,0.0069994455,0.0061933656,0.0063345177,0.0072500997,0.0065616545,0.0080314934,0.0096614434,0.008244008,0.0079520323,0.0111903476,0.0081878226,0.0044517399,0.0094319434,0.0080123503,0.009633374,0.0034789321,0.0035437071,0.004879592,0.0047293288,0.0047317809,0.0067226003,0.0047137406,0.0052218844,0.0053929068,0.0053979672,0.004234438,0.0039515629,0.0043552774
0.0072247365,0.0063405573,0.0038127302,0.0038084524,0.0038097816,0.0038851566,0.0041917781,0.0068072049,0.0068072049,0.0070797382,0.0054625694,0.0070144097,0.0070797382,0.006118359,0.006118359,0.0057129688,0.0067991257,0.0070171312,0.0057297542,0.0059557444,0.0058024431,0.0065631347,0.0028263469,0.0027023351,0.0054140825,0.0107387137,0.0146183061,0.0108975519,0.0147107984,0.0119690033,0.0147439547,0.009697688,0.0125180124,0.0070950151,0.0069859498,0.0068937318,0.0070714672,0.0035448608,0.0038763788,0.0041333635,0.0041380615,0.0047156311,0.0044781177,0.0055313186,0.0055779311,0.009341426,0.0102617878,0.0048166741,0.0047386575,0.0053563332,0.0055165741,0.0041445054,0.0030032226,0.0030282177,0.0043351045,0.0051438448,0.004866817,0.0078296108,0.0064858797,0.0066097471,0.006468779,0.0061039471,0.006494713,0.0036034809,0.0035420274,0.0052879234,0.0029956448,0.0034109757,0.0034308035,0.0042188436,0.0045202394,0.0045527247,0.0044653734,0.0044248651,0.0051418776,0.0047130359,0.004809795,0.0046819089,0.0052513469,0.0053172087,0.0056676583,0.0059522139,0.0056723646,0.0052761783,0.0046727234,0.0045604686,0.0051291936,0.0072623387,0.0065740616,0.0064199498,0.0062239997,0.0060885135,0.0063304774,0.0074932094,0.006460849,0.0062641233,0.009056967,0.0064327844,0.0040520774,0.0072957823,0.0063240399,0.0076815413,0.0033979851,0.0034496726,0.0054140825,0.0052593616,0.0052688255,0.0072469901,0.005245295,0.0058647283,0.0054212826,0.0054394132,0.0044875042,0.0035275531,0.0038493323
0.0064318349,0.0057371384,0.0039411281,0.0039491788,0.0039448302,0.0040170594,0.0041785844,0.0070768247,0.0070768247,0.0072934302,0.0053780122,0.0073744899,0.0072934302,0.0064263253,0.0064263253,0.0059054274,0.0073190934,0.0072426809,0.0061567323,0.006386751,0.0062118476,0.0068710878,0.0026404323,0.0026096101,0.0048109689,0.0098833918,0.0138081147,0.0102920668,0.0139148425,0.0110025426,0.0139456661,0.0086362168,0.0116134523,0.0063757953,0.0062679689,0.0062041203,0.0063474342,0.0034135043,0.004007842,0.003957828,0.0039534168,0.0044828995,0.0041274655,0.0048578703,0.0049107884,0.0082886648,0.009407896,0.0044125724,0.0043630911,0.0048227905,0.0048900724,0.0039869717,0.0029430786,0.002967805,0.0040337953,0.0045754023,0.0044520766,0.0068770807,0.0057068877,0.0058485189,0.0056726349,0.0053180689,0.0057083759,0.0035118932,0.0034574064,0.0048163453,0.0031510323,0.0035499233,0.0036403628,0.0039847911,0.0041493918,0.0052176769,0.004139796,0.0041026196,0.0046264377,0.004514028,0.0045069675,0.0043685356,0.0048521231,0.0048781286,0.0055797746,0.0059127267,0.0055775858,0.0047673953,0.0044246259,0.0042759724,0.004656812,0.0066605578,0.0057771849,0.0057650801,0.0055494175,0.0053827689,0.0060609168,0.0074515231,0.0061943967,0.0060463363,0.0088576162,0.0061797127,0.004055455,0.0072499203,0.0060508599,0.0076246161,0.0034821747,0.0035479344,0.0048109689,0.0046986293,0.0047132474,0.0064513842,0.0046866252,0.0051238286,0.0050924858,0.0051128247,0.0041949427,0.0032837724,0.0036358245
0.0061838597,0.0059873889,0.0040793019,0.0040991408,0.0040864734,0.0041599384,0.0042287575,0.0072102488,0.0072102488,0.007394854,0.0056063356,0.0073763606,0.007394854,0.0065602477,0.0065602477,0.0060127141,0.0073347182,0.0073662967,0.0065112207,0.0067086182,0.0064744325,0.0069815877,0.0028347408,0.0028263307,0.0049196431,0.0097696986,0.014062674,0.0102204504,0.0141739517,0.0109159903,0.0141227024,0.0083341309,0.0112866378,0.0059679573,0.0058944705,0.0058395528,0.0059462097,0.0035498167,0.0039756446,0.0038839083,0.003882817,0.0044795601,0.0043049882,0.0047745184,0.0048709524,0.0084739254,0.0097144649,0.004272216,0.0042419424,0.0048933306,0.0049829438,0.0038850153,0.0028694003,0.0028960021,0.004246816,0.0049227375,0.0044936066,0.0069543,0.0054546497,0.0055450458,0.0054425264,0.0051096254,0.0054561403,0.0035227361,0.0034737611,0.0048474153,0.0030855474,0.0035895835,0.0037434939,0.0040103889,0.0042213892,0.0047670918,0.004173809,0.0041995562,0.0045861236,0.0044793281,0.0044931,0.004415458,0.005477633,0.0053755184,0.0053190686,0.0056754356,0.0053260293,0.0047875132,0.0045280462,0.0044005552,0.0045028802,0.0061863872,0.005513632,0.0054281135,0.0056636316,0.0052967878,0.0070768524,0.0085605076,0.0072429542,0.0071174458,0.0095535802,0.0072347188,0.0041039917,0.0083416819,0.007029651,0.0087909017,0.0037631335,0.00382252,0.0049196431,0.0048417021,0.0048286746,0.006346026,0.0048123115,0.0050766952,0.0049168019,0.0049491099,0.0038498321,0.0032686451,0.0037212844
0.006776109,0.006428451,0.0039188156,0.0039140364,0.0039135896,0.0039925705,0.004125633,0.0070673715,0.0070673715,0.0075306639,0.0057584465,0.0076027504,0.0075306639,0.0064050972,0.0064050972,0.005926474,0.0073791764,0.0072359792,0.0062126187,0.0063982358,0.0061865806,0.0071291622,0.0028215351,0.0027981962,0.0048576042,0.0102092326,0.014351332,0.0107955382,0.0144573944,0.0113333892,0.0144029802,0.0087588757,0.0116159514,0.0064422104,0.0063629788,0.0062901045,0.0064165066,0.0032935253,0.0037705076,0.0040350396,0.0040346976,0.0046064389,0.0041083354,0.0050432635,0.0051259566,0.0090162899,0.0101235865,0.0043172427,0.0042663913,0.0048448854,0.0049352024,0.0041248983,0.0026606903,0.0027077351,0.0040182125,0.0049236497,0.0045922917,0.0076843726,0.0057438382,0.0059019903,0.0057424604,0.005406859,0.005772175,0.0032640153,0.0032009854,0.004861166,0.0032624045,0.0035097431,0.0036202708,0.004026976,0.0042983642,0.0047854903,0.0042231191,0.0042417778,0.0047843708,0.0045954951,0.0045589399,0.0044835615,0.0050743955,0.005146558,0.0053438056,0.0059263288,0.0053517955,0.0047419219,0.0043862764,0.0044154292,0.0046150927,0.0066324997,0.0060247396,0.0058237226,0.0062633503,0.0057469295,0.0067341639,0.0081806781,0.0069117705,0.006692126,0.009594058,0.0068674149,0.0037987951,0.0079587417,0.0067183122,0.0084256056,0.0036177729,0.0036561069,0.0048576042,0.0047531031,0.0047405646,0.0065346313,0.004728859,0.0051279896,0.0051029934,0.0051242316,0.0038348243,0.0034727569,0.0038246747
0.0066845366,0.0058141377,0.0038064321,0.0038426071,0.0038215839,0.0038882953,0.0040478429,0.0070144184,0.0070144184,0.0075399424,0.0057868503,0.0075361215,0.0075399424,0.0063706778,0.0063706778,0.0058848833,0.0074074785,0.0071722597,0.0061862236,0.0063868417,0.0061851691,0.007120275,0.0025933012,0.0025240453,0.0050668285,0.0105031066,0.0144018673,0.0110006445,0.0144898163,0.0116774493,0.0145156149,0.0089741184,0.0119552059,0.0067787712,0.0066954608,0.0066059632,0.006738151,0.0031726342,0.0037618467,0.0034639641,0.0034657175,0.0040310274,0.003820553,0.0047906073,0.004750526,0.0086362957,0.0098987349,0.0043491486,0.004284591,0.0049963795,0.0051407087,0.003585249,0.0026087453,0.0026263582,0.003700329,0.0045082523,0.0040688304,0.0071479085,0.006073708,0.0062660024,0.0061178042,0.0058472285,0.0061358462,0.0031795043,0.0031413019,0.0049359076,0.0031560196,0.0034700201,0.0036634757,0.0039853309,0.0040469948,0.0048207837,0.004087359,0.0041342566,0.0043671569,0.0040665406,0.0041477819,0.0040692549,0.0046999724,0.0047735481,0.0053135375,0.0057746326,0.0053129878,0.0048749281,0.0040966031,0.0042422264,0.0046400097,0.0072043573,0.0064986281,0.0059848743,0.0057229846,0.00546553,0.0059675852,0.0074982641,0.0060964759,0.0059402977,0.0087493408,0.0060723686,0.00371708,0.0072814717,0.0059662307,0.0077267721,0.003535013,0.0035683057,0.0050668285,0.0049555358,0.0049591455,0.006856074,0.0049391181,0.0055214632,0.0049500899,0.0049743354,0.003879482,0.0029887321,0.0033539377
0.0069463325,0.0062804853,0.0041233866,0.0041335783,0.0041258193,0.0042037568,0.0043659616,0.0066849016,0.0066849016,0.007285396,0.0056185773,0.0073467786,0.007285396,0.006004837,0.006004837,0.0055762314,0.0071567522,0.0068925516,0.00581423,0.0059924745,0.005791255,0.0068577141,0.0027452797,0.0027535852,0.0049334488,0.0107193266,0.0142044835,0.0112540467,0.0142934481,0.0117106627,0.0142984522,0.0092478988,0.0119403897,0.006741353,0.0066478912,0.0065582731,0.0067108585,0.0032938609,0.0037112477,0.0037391721,0.0037341887,0.0044702648,0.0041408311,0.0052341689,0.0053328231,0.0086486304,0.0097354762,0.0040192905,0.0039721314,0.004833571,0.0050065904,0.0036661078,0.0025833464,0.0025938811,0.0041203568,0.005035447,0.0045670616,0.00743572,0.0059956967,0.0062249467,0.006049003,0.0058394057,0.0060517391,0.0033190519,0.0032606422,0.0046420453,0.0031497832,0.0035441002,0.003510605,0.0037812432,0.003903871,0.0048794149,0.0038810655,0.0038607523,0.0047673363,0.0041980009,0.0044572349,0.0044648648,0.0050450991,0.0052038227,0.0051589335,0.0054380189,0.0051574592,0.0046552432,0.0042003884,0.0041810932,0.0043189523,0.0071301932,0.0064056592,0.0061087196,0.00621392,0.0060314915,0.0065622609,0.0079993852,0.0067234137,0.0064543415,0.0092410352,0.0066650082,0.0035428512,0.007791963,0.0065487228,0.0080807561,0.0035232401,0.003557988,0.0049334488,0.0048245946,0.0048275731,0.00658713,0.0048075432,0.0053933377,0.0047496182,0.0047814023,0.003811505,0.003156329,0.0036189915
0.0075264912,0.0070716977,0.0038839128,0.0038881274,0.0038834691,0.003959926,0.0040960042,0.0061994618,0.0061994618,0.0067216316,0.0051445819,0.0067980805,0.0067216316,0.0054925976,0.0054925976,0.0051140132,0.006421183,0.00645265,0.005171966,0.0053618764,0.0052083076,0.0063292007,0.002896867,0.0029249583,0.0055368596,0.0107840988,0.0148347585,0.0112818061,0.0149307429,0.011844546,0.0149188557,0.0094673203,0.012002987,0.0068715537,0.0067851904,0.0066843436,0.0068404634,0.0035822693,0.0033175611,0.004209771,0.0042010276,0.0049919568,0.0042703179,0.0056717113,0.0058775561,0.0098812158,0.0107230002,0.004426654,0.0043506443,0.0054167727,0.0056325717,0.004044613,0.002635747,0.0026574293,0.0044182147,0.0054648082,0.0051239026,0.0086575033,0.0069079721,0.0069482411,0.0068878036,0.0064081207,0.0069308231,0.0034347314,0.0034086269,0.0051829648,0.003058541,0.0032142924,0.003011626,0.0039384682,0.0041974776,0.0045482571,0.0042555373,0.0042541748,0.0052168811,0.0046197918,0.00490697,0.0049364766,0.0051744092,0.0054324991,0.0050685288,0.0053422681,0.0050639392,0.0051894589,0.0047038845,0.0045879432,0.004848854,0.0075223301,0.0067001918,0.0063785995,0.0070423155,0.006447354,0.006905296,0.0083882651,0.0070610398,0.0067552689,0.0100999835,0.0069937148,0.0035303481,0.008129971,0.0069120943,0.0084427339,0.003321016,0.0033769056,0.0055368596,0.005388354,0.0054018366,0.0074383901,0.0053788387,0.0061723773,0.0047803903,0.004813649,0.0035097865,0.0034891269,0.0038750641
0.0080774422,0.0067340297,0.0035514648,0.0035695182,0.0035531092,0.0036236405,0.0037370564,0.0063025179,0.0063025179,0.0064335596,0.0049124276,0.0063503179,0.0064335596,0.0055711727,0.0055711727,0.0050621477,0.0058325491,0.0065747269,0.0051669609,0.0053889158,0.0052652332,0.0059175297,0.0025165314,0.0025645474,0.0051428417,0.0107728819,0.0148279569,0.0112121521,0.0149372569,0.0119628646,0.0149748271,0.0095589049,0.0122861264,0.007408259,0.007333859,0.0072669729,0.0074081632,0.0032312825,0.0034674266,0.0041820457,0.0041762137,0.0049689681,0.0036593116,0.0058137319,0.0059107917,0.0098628346,0.0108530123,0.0041458097,0.0040953896,0.004996534,0.0052308486,0.0041070312,0.0025860609,0.0026139095,0.0039362915,0.0048212193,0.0049689158,0.0087401554,0.006876066,0.0070543708,0.0068210437,0.00635895,0.0068922201,0.0030546387,0.0030197193,0.004748541,0.002806637,0.0029443338,0.003113679,0.0036754083,0.0041593194,0.0050716648,0.0039835285,0.0038720049,0.0053056514,0.0047526604,0.0049836111,0.0049854444,0.0042990533,0.004595472,0.0052871561,0.0057837116,0.0052895429,0.0047509472,0.0047032417,0.0042439875,0.0043865701,0.0077432306,0.0069114354,0.0068511139,0.0070569443,0.0068476943,0.005842579,0.0072162179,0.0059819957,0.0057201693,0.0092925186,0.0059235894,0.0032692075,0.0069514679,0.0058551505,0.0074211936,0.0031188113,0.0031501127,0.0051428417,0.0049967292,0.0050120896,0.0073924903,0.0049945229,0.0059320778,0.0051821471,0.0051994512,0.0035954144,0.00350387,0.0039385839
0.0067255451,0.0049878257,0.0034811637,0.0035254922,0.0034993286,0.0035584589,0.0036533106,0.0066368363,0.0066368363,0.0067965887,0.0049970099,0.0066836057,0.0067965887,0.0059367505,0.0059367505,0.0052934311,0.0062517439,0.0068628731,0.0056613912,0.0058748332,0.005709271,0.0063032807,0.002520455,0.002508388,0.0056517116,0.0104356582,0.0146869137,0.0108326186,0.0148049043,0.0116937033,0.0147866116,0.0088933498,0.0121484866,0.0067884259,0.0067195648,0.0066516325,0.0067620373,0.0031011431,0.0036738925,0.0036837118,0.003679408,0.0043561797,0.0035701052,0.0050996568,0.0049783689,0.0078379993,0.0090551087,0.0046827238,0.0045984339,0.0055777724,0.0057476731,0.0037866168,0.0025158076,0.0025451809,0.0036978698,0.0040940594,0.0041283479,0.0066014302,0.0069092995,0.0068417248,0.0068583464,0.0063247168,0.0069537998,0.0029882469,0.0029398121,0.0054319276,0.0028418016,0.0032898797,0.0032957175,0.0042200766,0.0043635686,0.0046621431,0.0042877161,0.0042841509,0.0047588286,0.0045864113,0.0046918769,0.0044342773,0.004155775,0.0042380951,0.005251505,0.0055904571,0.0052568627,0.0054622262,0.0048082446,0.0045799116,0.0050449335,0.0073528915,0.0066017064,0.0062935446,0.0051634517,0.0054955996,0.0049559726,0.0059332903,0.0050493701,0.004895124,0.0072006153,0.0050265792,0.0034053941,0.0057695562,0.0049554972,0.0061423017,0.0033764412,0.0034098429,0.0056517116,0.0055153495,0.0055094217,0.0077566838,0.0054980887,0.0063576245,0.0049717279,0.0050007096,0.003650205,0.0031016792,0.0034689816
0.0058204089,0.0051291273,0.0036102747,0.0036543389,0.0036260285,0.0036861573,0.0037988799,0.0066736958,0.0066736958,0.0070747385,0.0051419236,0.0070508799,0.0070747385,0.005984351,0.005984351,0.0054509271,0.0065004979,0.0068837288,0.0057054163,0.0059159903,0.005735951,0.0066563212,0.0026779181,0.0026052785,0.0045692792,0.0093875191,0.0140050993,0.0097665455,0.0141309681,0.0106680458,0.0141074816,0.0077602278,0.0111688233,0.0057144031,0.0056429233,0.0055932479,0.0056888847,0.0033651543,0.0036840031,0.00379338,0.0037929766,0.0042011368,0.0038840766,0.0044140854,0.0044847375,0.0073879408,0.008301305,0.0039844187,0.0039324121,0.0044935587,0.0046505399,0.0038862344,0.0028140717,0.0028506457,0.0040090016,0.004257755,0.0043012804,0.0062811908,0.0056519962,0.0057791153,0.0056037993,0.0051866319,0.0056592389,0.0032202634,0.0032168759,0.0044990722,0.0030363417,0.0034624306,0.0032117809,0.0036996847,0.0037500188,0.0053515488,0.0037420486,0.0037743406,0.0043096535,0.0041859437,0.0042014135,0.0041948552,0.0042826752,0.0044030269,0.0051625861,0.0055277667,0.005171618,0.0044773594,0.0041001302,0.0039640924,0.0042945736,0.0063182625,0.0056079188,0.0051647212,0.0051613123,0.0048838852,0.0052494832,0.0064683418,0.0053588932,0.0052238807,0.007806996,0.0053429536,0.0036595276,0.006281954,0.0052420207,0.0067180148,0.003518276,0.0035532306,0.0045692792,0.0044529392,0.0044443833,0.0061665406,0.0044358451,0.0049176903,0.0049847938,0.0050050816,0.0037117222,0.0033162293,0.0036057175
0.0059940495,0.0055177814,0.0039505661,0.0039955547,0.003966037,0.0040335623,0.0041482592,0.0066574736,0.0066574736,0.0068047976,0.0053025219,0.0068061969,0.0068047976,0.0059752017,0.0059752017,0.0054686208,0.0064320774,0.0068662038,0.0057000219,0.0058809483,0.0056896861,0.0064111274,0.0024723835,0.0024060707,0.0044149512,0.0090004311,0.0135089717,0.0094456693,0.0136387134,0.010155079,0.0136117762,0.0077833436,0.0106069682,0.0056100144,0.0055147043,0.0054514658,0.0055929682,0.003125496,0.003656863,0.0038027797,0.0038014668,0.0043485109,0.0036822963,0.0046574984,0.00473323,0.0078874967,0.0088802905,0.0039119335,0.0038609023,0.0043565318,0.0044889658,0.0039427148,0.0026008891,0.0026203769,0.0037354568,0.0043781832,0.0043363127,0.0066327026,0.0050310043,0.0052139196,0.005004003,0.0046743797,0.0050407641,0.0031608748,0.0031039905,0.0043459842,0.0030604217,0.003556326,0.0032919413,0.0037458825,0.0039642602,0.0044292812,0.0038742568,0.003866929,0.0045099957,0.004267904,0.0043011911,0.0043331085,0.0041742099,0.0042497536,0.005219801,0.0055164312,0.0052241514,0.0042860224,0.004169554,0.0039272342,0.0041717238,0.0058870936,0.0052891929,0.0052060207,0.0054823762,0.0051164127,0.0052387283,0.0068622932,0.0053776564,0.0051852436,0.0083434352,0.005336762,0.0034696533,0.0066237929,0.0052303516,0.0072220342,0.0034549672,0.0034879762,0.0044149512,0.0043133918,0.0042986936,0.0057557543,0.0042858071,0.0045985793,0.0049550257,0.004992699,0.0036685028,0.0032272325,0.0036523686
0.0059466873,0.0052374842,0.003943657,0.0039892896,0.0039646726,0.0040307611,0.0039690708,0.0067315294,0.0067315294,0.0068561991,0.0052573516,0.0068417939,0.0068561991,0.0060395679,0.0060395679,0.0055349113,0.0064294929,0.0069413821,0.0057152641,0.0058985241,0.005705872,0.0064343203,0.0024608385,0.0024854097,0.0044214603,0.0090938839,0.0136480415,0.0095098787,0.0137437957,0.0104686502,0.0137892516,0.0077802439,0.0108141745,0.0056245002,0.0055393797,0.0054889026,0.0056153578,0.0031308057,0.0038031656,0.003464562,0.003464045,0.0039386557,0.0037908703,0.0044409509,0.0044812387,0.007992213,0.0090427655,0.0037792696,0.0037403877,0.0043150672,0.0045130384,0.003551396,0.00252543,0.0025357783,0.0037709953,0.0041922307,0.0039215005,0.0064324689,0.0052556672,0.0053015231,0.0052148481,0.0048462203,0.0052675484,0.0032127161,0.0031751089,0.0042208731,0.0030523233,0.0034637262,0.0034533394,0.0035275085,0.0037323703,0.0042939787,0.0037074738,0.003640097,0.0042213339,0.0040160898,0.0040485946,0.0039980224,0.0044942623,0.0044468842,0.0051989839,0.0056281655,0.0052111082,0.0042118922,0.0039150557,0.0037528877,0.0040547939,0.0059123669,0.0052067641,0.0053932321,0.0052031429,0.00495817,0.0054086043,0.0066075391,0.0055194182,0.0053122259,0.0081664071,0.0054803401,0.0036368703,0.0063948856,0.0053955977,0.006998996,0.0034178691,0.0034656146,0.0044214603,0.0042760342,0.0042860248,0.0059439217,0.0042708314,0.004797845,0.0048826349,0.0049008359,0.0037432276,0.0030178089,0.0034234446
0.0058894526,0.005711779,0.0040042528,0.0040303528,0.0040167885,0.0040879101,0.0040049177,0.0069735542,0.0069735542,0.0070832497,0.0052312267,0.007104951,0.0070832497,0.0062784646,0.0062784646,0.0056574288,0.0066675667,0.0071758948,0.0060450917,0.0062776333,0.006093034,0.0066557434,0.0025319174,0.0025744003,0.0041117941,0.0093677986,0.0134988059,0.0098023896,0.0136154615,0.0106981628,0.0136395236,0.0075629573,0.0108958983,0.0055660736,0.0054909014,0.0054402139,0.0055503556,0.0032009321,0.0038272517,0.003725497,0.0037303009,0.0039768569,0.0039549089,0.0041916882,0.004319876,0.0082881401,0.0090987904,0.0036479625,0.0036045128,0.004037308,0.0042251191,0.0035570313,0.0024293259,0.0024553123,0.0040314717,0.004485895,0.0043429575,0.0068437675,0.0051456629,0.0048280493,0.0050746507,0.0045710069,0.0051631417,0.0031749755,0.003116762,0.0041422142,0.0030180309,0.0035252087,0.0035399695,0.0033297851,0.003575067,0.0041599575,0.0035153156,0.0035123708,0.0039747701,0.0037749288,0.0037380802,0.0037439354,0.0047653647,0.0048579401,0.0052918299,0.0058994389,0.0052985486,0.0040052017,0.0036181573,0.0034556014,0.0039747076,0.0057490313,0.0050741122,0.0050181611,0.0054201727,0.00487888,0.0062149151,0.0074934863,0.0063606627,0.0061244568,0.0086692825,0.0063159724,0.0036729936,0.0072886801,0.0061962752,0.0075249325,0.003621358,0.003672049,0.0041117941,0.0039362611,0.0039374986,0.0059629483,0.0039304542,0.0044840858,0.0048360382,0.0048435292,0.0036362507,0.0031548109,0.0035338106
0.0062515306,0.0058523045,0.0041259,0.0041437604,0.0041305576,0.004208916,0.0042108938,0.0068250066,0.0068250066,0.0071864312,0.0052826882,0.0071814382,0.0071864312,0.0061147785,0.0061147785,0.0056974858,0.0066919135,0.0070528288,0.0058022705,0.0060320382,0.0058606965,0.0067790695,0.002568816,0.0026122903,0.0042079576,0.0089089451,0.0137694406,0.0093743295,0.0139089486,0.0101976875,0.0138855625,0.0076252,0.0104609847,0.0057988535,0.0057428004,0.0056850441,0.0057910083,0.0032113222,0.003752051,0.0038631535,0.003864792,0.0043595083,0.0038750045,0.0046785535,0.0047603878,0.0084867517,0.0093899941,0.0035455562,0.0035192042,0.0041331177,0.0043067125,0.0037249406,0.002413801,0.0024395226,0.0039067281,0.0046479719,0.0045616281,0.0071822434,0.0051008493,0.0047205642,0.0050713108,0.0045462313,0.0051097924,0.0030096233,0.002974951,0.0040453497,0.0030635844,0.0036639219,0.0033786812,0.0033091882,0.003697874,0.0040847101,0.0035493458,0.0035279601,0.0044146493,0.0040550642,0.004194351,0.0041939608,0.0047137819,0.0047425736,0.0052722472,0.0056576378,0.0052752469,0.0040019934,0.0037944226,0.0035115323,0.0038531604,0.005835749,0.0053558292,0.0052121951,0.0057910806,0.0053007861,0.0060243337,0.0072242264,0.0061441142,0.005910967,0.0087894066,0.0061013514,0.0037393007,0.0069965292,0.0060182486,0.0073621278,0.0035983566,0.0036396653,0.0042079576,0.0040495187,0.0040565955,0.0059270517,0.0040459212,0.0045424719,0.0048663323,0.0048902233,0.00361235,0.0031724431,0.003570033
0.0058136318,0.0053952439,0.004287537,0.0043213668,0.0042998422,0.0043798533,0.0042452783,0.0068268741,0.0068268741,0.0070757352,0.0051911679,0.0070749505,0.0070757352,0.0061298151,0.0061298151,0.005556296,0.0067224509,0.0070434939,0.0058883915,0.0061278158,0.0059507096,0.0066353012,0.0025424793,0.0025387714,0.0043615304,0.0090579262,0.0136446665,0.0093727238,0.0137602408,0.0103158853,0.013778821,0.0074930908,0.0107108429,0.0053531217,0.0052991839,0.0052576443,0.0053467283,0.0033120033,0.0034855255,0.0037100068,0.0037123519,0.0042045057,0.0040562175,0.0044783391,0.0045804168,0.0076287811,0.0087503516,0.0035664127,0.0035406741,0.0043194477,0.0044493554,0.0038382714,0.0024187766,0.002443321,0.003974863,0.0045705085,0.004342129,0.0065889613,0.0049569714,0.0047123668,0.004923237,0.0043875964,0.0049706894,0.0032011123,0.0031831658,0.0041631224,0.0031817467,0.0036031908,0.0033087366,0.0033420717,0.0037722648,0.0039755233,0.0035987568,0.0036143248,0.0043738651,0.0042337213,0.0041239141,0.0042439762,0.0047755561,0.0047197248,0.0049939061,0.005481713,0.0049993943,0.0041651453,0.003945028,0.0037587071,0.003866355,0.0053863929,0.0049850068,0.0049697939,0.0054059786,0.0050656217,0.0057523335,0.0068401946,0.0058753446,0.0057059852,0.0081746314,0.0058511922,0.0038066623,0.0066517596,0.0057314887,0.0070395318,0.0034968193,0.0035329536,0.0043615304,0.0042330977,0.0042292776,0.0057160113,0.0042194922,0.0045910554,0.0046569009,0.004690388,0.0034479717,0.00319232,0.0035129668
0.0055586585,0.0053514797,0.0044758365,0.0045106233,0.0044941549,0.0045715132,0.0043724174,0.0070364196,0.0070364196,0.0073239161,0.0054059835,0.0073152658,0.0073239161,0.0063948172,0.0063948172,0.0056942915,0.0071905939,0.0071923439,0.0062694595,0.0065065481,0.0063059922,0.0069424536,0.0026160337,0.0026169177,0.0043490868,0.0089320399,0.0131081431,0.0093237087,0.0132211458,0.0100892562,0.0132222941,0.0076776,0.0104639125,0.0051852965,0.0051293469,0.0050553618,0.0051582826,0.003208645,0.0035028695,0.0037827082,0.0037839665,0.0042063504,0.003786937,0.0043522771,0.0044554,0.0072651085,0.0083846981,0.0033670049,0.0033365267,0.004290725,0.0044367875,0.0039982747,0.0024283852,0.0024787339,0.0038129616,0.0044401009,0.0043925363,0.006124063,0.004677875,0.0047027903,0.0046846962,0.0044170424,0.0046898476,0.0030725689,0.0030333946,0.0040880712,0.0031280097,0.0037432901,0.0035101585,0.0033976451,0.0038386781,0.0040936217,0.0036913788,0.003690891,0.0042971979,0.0042546635,0.0041765764,0.0041794424,0.0045619352,0.0045620405,0.0051559033,0.0056119332,0.0051643092,0.0041103302,0.0040797566,0.0039198125,0.0036749434,0.0052095427,0.0048008802,0.0048463722,0.0052161849,0.0047738366,0.0057598203,0.0069263766,0.0058840772,0.0057030519,0.0079770651,0.0058539012,0.0036799047,0.0067461432,0.0057375335,0.0070907582,0.0035077226,0.0035392878,0.0043490868,0.0042264684,0.0042142424,0.005524375,0.0042064427,0.0044717142,0.0046879408,0.0047154606,0.0035019085,0.0032238481,0.0036083543
0.0053911896,0.0052742177,0.0046410108,0.0046745965,0.0046591087,0.0047430892,0.0045746122,0.0071523971,0.0071523971,0.0073425894,0.0055596207,0.0073482672,0.0073425894,0.0065079853,0.0065079853,0.0058753884,0.0072409165,0.007305572,0.0063989779,0.0066107366,0.0063897154,0.0070216005,0.0027923368,0.0027501014,0.0043522731,0.0087681238,0.0131351759,0.009113862,0.0132575404,0.0100166075,0.0132923294,0.0072465019,0.0103953172,0.0051802314,0.0051364658,0.0050485592,0.0051546939,0.0027475622,0.0037984594,0.0032915851,0.003285958,0.0039035783,0.0035754722,0.0040792967,0.0041773484,0.0074094094,0.0083865708,0.0039674592,0.0039175575,0.0042501363,0.0044218741,0.0035134648,0.002139567,0.002158101,0.0035324309,0.0043343653,0.0040379896,0.0061542705,0.0048063786,0.0047449248,0.0047956436,0.0044657561,0.0048153071,0.0028618118,0.002808291,0.0042851161,0.0032775594,0.0040625842,0.0035887856,0.0037008339,0.0039033384,0.0039968889,0.0038346057,0.0037913047,0.0040451238,0.004044912,0.003955613,0.0039484856,0.0046779389,0.0045379639,0.0050265821,0.0055600276,0.005018922,0.0040692422,0.0039610318,0.0038660637,0.0042550113,0.0052605651,0.0048428217,0.0046629835,0.0050437642,0.0045212177,0.0059325809,0.0070590632,0.0060637021,0.0058952156,0.0084691882,0.0060391493,0.0039149858,0.0068635406,0.0059151653,0.0072341976,0.0036605149,0.0037045965,0.0043522731,0.0042446891,0.0042296634,0.0056369217,0.0042198467,0.0045149453,0.0046399859,0.0046552912,0.003604422,0.0026711764,0.0031427958
0.0054447578,0.005505845,0.0046349674,0.0046656014,0.0046541121,0.0047349535,0.0044466885,0.0065794675,0.0065794675,0.0071264095,0.0055163918,0.0071746738,0.0071264095,0.005920038,0.005920038,0.0055440526,0.007073104,0.0067758037,0.0058462366,0.0060236557,0.0058127571,0.0067793891,0.0027637615,0.002716675,0.003961562,0.0086668085,0.0132606384,0.0090350366,0.0133844519,0.00985532,0.0133654717,0.0072938641,0.0102624519,0.0050964384,0.0050448415,0.00496162,0.0050796529,0.0028864512,0.0037226535,0.0032578807,0.0032555748,0.0037740894,0.0036016075,0.004188554,0.0042541561,0.0078446672,0.0088028384,0.0034073804,0.0033730818,0.0039071401,0.0040401898,0.003300429,0.0022123276,0.00221912,0.003645446,0.0044873273,0.0040392196,0.006415728,0.0045602529,0.004643004,0.0045472609,0.0042929564,0.0045570557,0.0029225231,0.0028709075,0.0038076821,0.0034026642,0.004011862,0.0034321561,0.0032370307,0.0033620814,0.0042491943,0.0032927088,0.0033158887,0.0040127005,0.0036982012,0.0038349505,0.0038161231,0.0046489793,0.0046620658,0.0049365866,0.0053366252,0.0049466283,0.0037733564,0.0036772214,0.0036022877,0.0036946995,0.0050453262,0.0047661717,0.0047302616,0.0052427859,0.0046500241,0.0061411158,0.0077135363,0.0063004043,0.0061258422,0.0092352665,0.0062735179,0.0040956273,0.0074805158,0.0061169064,0.0080624432,0.0037187646,0.0037801444,0.003961562,0.0038386158,0.0038404405,0.0051540168,0.0038250023,0.0041177787,0.0046268019,0.004636988,0.0033315248,0.0026339096,0.0030472984
0.0060066399,0.0055956712,0.0045219175,0.0045314127,0.0045283523,0.0046156002,0.004483046,0.0064311224,0.0064311224,0.0067292575,0.0051793967,0.0068089571,0.0067292575,0.0057486922,0.0057486922,0.0053354578,0.0065724498,0.0066529641,0.0055235471,0.0057251536,0.0055450898,0.0063462467,0.0027564592,0.0027244651,0.0039542823,0.0088565705,0.0136275184,0.0090707594,0.0137403031,0.010043158,0.0137401587,0.007888624,0.0105767754,0.005264108,0.005204683,0.0051508469,0.0052633309,0.002568617,0.0036169061,0.0031586969,0.0031508024,0.0037391698,0.0033617941,0.0041711003,0.0042668823,0.0084404858,0.0093753955,0.0028357941,0.0028169073,0.0038743927,0.0040334545,0.0031920226,0.002131558,0.0021504976,0.0033495753,0.0042476135,0.0039206726,0.0070203386,0.0044866337,0.0045799816,0.0044926552,0.004255017,0.0044862559,0.0026990122,0.0026200517,0.0035458899,0.0032539675,0.0037726929,0.0033376717,0.0028121705,0.0032383802,0.0037482766,0.0031055128,0.0029995344,0.0039167635,0.0036315573,0.0036975865,0.0036919712,0.0042839983,0.0043089226,0.0050415686,0.0052879668,0.0050423172,0.0036773934,0.0036115885,0.0034555302,0.0030774844,0.0051367497,0.0047772274,0.0050021385,0.0054333691,0.0048878726,0.0061385878,0.0081599754,0.0063206844,0.0061668448,0.0091680524,0.0062919455,0.0040398191,0.0079251385,0.0061182962,0.0085335601,0.0034690464,0.0035162248,0.0039542823,0.0038287906,0.0038385253,0.0051435913,0.0038200844,0.0041189337,0.0047113602,0.0047386533,0.0035193505,0.0024794642,0.0029330524
0.0064906637,0.0055130484,0.0042515418,0.0042764314,0.0042615866,0.0043430036,0.004227638,0.0066566897,0.0066566897,0.0070675443,0.0053089429,0.007115988,0.0070675443,0.0060110401,0.0060110401,0.0055672575,0.0068662599,0.0068352054,0.0057958415,0.0059947748,0.0058066731,0.0066909467,0.0026263925,0.0025878148,0.0039346543,0.00952613,0.0131588821,0.0097440741,0.0132669502,0.0106032919,0.0133080446,0.008361438,0.0109908002,0.005756561,0.0056610151,0.0056032321,0.0057549415,0.0026125339,0.0035807679,0.0030124453,0.0030123641,0.0034636675,0.0033728564,0.0041918314,0.0041241363,0.0082678686,0.0095078255,0.0028540193,0.0028286707,0.0037847654,0.0040090939,0.0031245231,0.0022496196,0.0022678575,0.0032340821,0.0039289523,0.0034684082,0.0070608977,0.0047184141,0.0047039227,0.0047000589,0.0044146988,0.0047065276,0.0027929304,0.0026984172,0.0035064825,0.0030184457,0.0036623179,0.0034677509,0.0027121321,0.0031568165,0.003452792,0.0030823474,0.0029518842,0.003810622,0.0034394422,0.003604463,0.003573779,0.0041491127,0.0041507023,0.0051829356,0.0057217738,0.0051757679,0.0035779592,0.0034198384,0.0031951873,0.0030695738,0.0056104839,0.0050915675,0.005187896,0.0054760578,0.0051320939,0.0057965519,0.0072670866,0.0059259898,0.0057224866,0.0085750478,0.0058880856,0.0036011738,0.0070534217,0.0057871971,0.0075152762,0.0034822085,0.0035238922,0.0039346543,0.0038088217,0.003816695,0.0053901599,0.0038000113,0.0041882866,0.0048220748,0.0048098582,0.0035711009,0.0024440346,0.0029198651
0.0061265781,0.0052426545,0.004281958,0.004319608,0.0043034069,0.0043813667,0.0041961941,0.0065990125,0.0065990125,0.0071063837,0.0054395375,0.007148417,0.0071063837,0.0059678021,0.0059678021,0.0055355951,0.0069046948,0.006767141,0.0057763372,0.0059696337,0.0057783493,0.0067740608,0.0025743215,0.0025697823,0.0041325559,0.0098935452,0.0132456767,0.0100659729,0.0133758528,0.0106330048,0.0133619861,0.0087801677,0.0113748316,0.0057986417,0.0056971177,0.005646359,0.0057900625,0.0026033951,0.0036070826,0.0030141149,0.003019093,0.0034375115,0.0034392184,0.0040496931,0.0039860684,0.0077163622,0.0089880861,0.0031829181,0.0031463271,0.0039833389,0.004228359,0.0031148823,0.0021479858,0.002170483,0.0033123868,0.0039820677,0.0035443955,0.0064021587,0.0051282396,0.0049979323,0.0050950858,0.0047397726,0.0051292299,0.0027644316,0.0026794687,0.0038736524,0.0031304142,0.0037747517,0.0033067094,0.0028705872,0.0033044205,0.0034041856,0.0032015743,0.0031023872,0.0036882913,0.0034428302,0.0035207319,0.0034720889,0.0042852989,0.0042304708,0.0050233764,0.0053230312,0.0050259226,0.0038238795,0.0033626451,0.0032072233,0.0035191306,0.0059261132,0.0052867052,0.0053803149,0.0050568042,0.0048247229,0.0057589142,0.0070057198,0.0058745976,0.0056317229,0.0083191865,0.005826892,0.0035206958,0.0067957118,0.0057534149,0.0070782257,0.003430258,0.0034735309,0.0041325559,0.0039697236,0.0039861257,0.005978684,0.003972933,0.0045256021,0.0047986906,0.0048083128,0.0034842313,0.002489199,0.0029497149
0.0058915175,0.0052258575,0.004398213,0.0044258564,0.0044119866,0.0044949995,0.0043247578,0.0061354868,0.0061354868,0.0068305958,0.0052907806,0.0069219049,0.0068305958,0.0054991018,0.0054991018,0.0051569316,0.0067236878,0.0063349875,0.0052107556,0.0054141177,0.0052667469,0.0065065007,0.0025307168,0.0024420443,0.003930778,0.0092025675,0.0132955988,0.0094815755,0.0134036661,0.0103777248,0.0134073293,0.0078398054,0.0110574418,0.0055394825,0.0054738939,0.0054091071,0.0055258971,0.0025010293,0.0033310155,0.0029930846,0.0029984898,0.0036388415,0.0033759991,0.0041628182,0.004164946,0.0078839113,0.0089192307,0.0033023179,0.0032700953,0.0038571609,0.0040053564,0.0029445443,0.0020722707,0.0020878707,0.0031644887,0.0038189227,0.00354023,0.0064662342,0.0047082193,0.0047139273,0.0046791439,0.0043916307,0.0047032668,0.0026306019,0.0025608929,0.0037912377,0.0032804123,0.003710183,0.0032271802,0.0028411422,0.0030227547,0.0037930649,0.0029804446,0.0029076398,0.003855138,0.0033476547,0.0036237432,0.0036089845,0.0043153061,0.0041548922,0.0048719743,0.0051167885,0.0048794903,0.0037876248,0.003369878,0.0032224349,0.0035590773,0.0055377745,0.0050671141,0.0050705856,0.0050918044,0.0048021561,0.0054866179,0.0068351477,0.00561578,0.0054190123,0.0083635043,0.0055817471,0.003776612,0.0066149252,0.005472928,0.0069939307,0.0031667943,0.0032051668,0.003930778,0.0038191207,0.0038196464,0.005380497,0.0038074238,0.004149996,0.0047976979,0.0048203597,0.0033484767,0.0023714894,0.0028968366
0.0057093049,0.0052347406,0.0042439993,0.004241775,0.0042416444,0.0043254382,0.0043252913,0.0061939703,0.0061939703,0.0065447509,0.0050066717,0.0066204575,0.0065447509,0.0055728325,0.0055728325,0.0051733432,0.0066573891,0.0063757623,0.00523677,0.005472095,0.0053435071,0.0061832672,0.0026404976,0.0026060903,0.004074928,0.0091267547,0.0130558845,0.0094759814,0.0131746554,0.0100267912,0.0131776325,0.0079056589,0.0106408783,0.0055325137,0.0054638783,0.0053833089,0.0055055057,0.0025357108,0.0034270267,0.0030377288,0.0030310622,0.0036791519,0.003521866,0.0042633106,0.0042071196,0.0079763563,0.0091383931,0.0031188287,0.0030876731,0.0039791266,0.0041424304,0.0031567464,0.0020840142,0.0020994694,0.0033675483,0.0040121753,0.003696958,0.0065312017,0.0050514512,0.0050095575,0.0050399623,0.0047473217,0.0050448085,0.0027311833,0.0026543899,0.0036991335,0.0031682517,0.0034156005,0.0031972946,0.0028898526,0.0031201182,0.0037059471,0.003027503,0.0029206134,0.0039781852,0.0036149901,0.0037858207,0.0037540415,0.0043201132,0.0042774653,0.0050937411,0.0054911672,0.0051095495,0.0037866016,0.003602813,0.0033075144,0.0033686155,0.0057313276,0.0052733953,0.0050932738,0.0051961941,0.004810667,0.0055438306,0.0067712306,0.0056633917,0.005451558,0.0080636305,0.0056250851,0.0033312889,0.0065648104,0.0055412667,0.0068250879,0.0032623049,0.0033133128,0.004074928,0.0039725734,0.0039808394,0.0056100155,0.0039621523,0.0044311158,0.0049650411,0.0049689505,0.0034353995,0.0024150174,0.0028584184
0.0061129226,0.0053593785,0.0039923538,0.0039858351,0.0039802351,0.0040641167,0.0041178323,0.0061959847,0.0061959847,0.0064332938,0.0048545774,0.0064564299,0.0064332938,0.0055852986,0.0055852986,0.0052909028,0.0065182736,0.006372225,0.005346468,0.0055852778,0.0054510733,0.0060623865,0.0024817455,0.0024653778,0.0043485198,0.0090747236,0.0129572049,0.0095178038,0.0130708136,0.0100420076,0.0130520323,0.0078611569,0.0103355212,0.0057854247,0.0057210611,0.0056409236,0.0057616483,0.002586967,0.0034676698,0.0029318003,0.0029349316,0.0035746063,0.0035317722,0.0042935437,0.0042794667,0.0079522958,0.0090246156,0.0033491785,0.0033115372,0.0042614267,0.0044153431,0.0029335264,0.0021643993,0.0021842514,0.0032620437,0.003926858,0.0034877698,0.0065828594,0.0053861399,0.0053504542,0.0053639326,0.0049841924,0.0053925726,0.0027423587,0.0026660969,0.0039736569,0.0031587396,0.0033462052,0.0032056861,0.0029909135,0.0032165378,0.0035920693,0.0031939156,0.0030819503,0.004003249,0.0035819948,0.0038023368,0.0037390496,0.0041491424,0.0043205892,0.0051149486,0.0053607934,0.0051323497,0.0041386701,0.0037211726,0.0035648243,0.0037578,0.0059772833,0.0055282649,0.0054015747,0.0051404292,0.0049829649,0.0053790267,0.0062892059,0.0054737556,0.0052256267,0.0079603392,0.0054281958,0.0035239066,0.0060725517,0.0053873375,0.0065008705,0.0032977521,0.0033527854,0.0043485198,0.0042535125,0.0042546396,0.0061199653,0.0042420222,0.0047690427,0.0048683003,0.0048812226,0.003376575,0.0024803455,0.002902825
0.0056846304,0.0050551616,0.0037696431,0.0037762559,0.0037702656,0.0038471483,0.0038402649,0.0061164755,0.0061164755,0.0064216561,0.0049764797,0.0063999418,0.0064216561,0.0054830196,0.0054830196,0.0052229432,0.0062684269,0.0063142339,0.0051955734,0.005386445,0.0052276675,0.00602253,0.0021699854,0.0021633948,0.0040364906,0.0088877017,0.0129669504,0.0093754576,0.0131013708,0.0098008702,0.0130737514,0.0076639334,0.0102145687,0.0054637368,0.0053629413,0.0053020035,0.0054513569,0.002638263,0.0034115695,0.003012028,0.0030130519,0.0035477677,0.0033729231,0.0040589059,0.0041784896,0.0075003981,0.0083601196,0.0033775424,0.0033410326,0.0039696344,0.0041139573,0.0029832958,0.0022888929,0.0023063918,0.0033201248,0.0040025575,0.0036548356,0.0063755509,0.0050139785,0.0048425562,0.0049396712,0.0044305642,0.0050212872,0.0027229085,0.0026676832,0.0038743684,0.0029175104,0.0030767078,0.0031746033,0.0029884771,0.0030104229,0.0038583569,0.0029291375,0.0029245684,0.0037706462,0.0034690701,0.0036336014,0.0035526743,0.0040117498,0.0041811311,0.005078545,0.0054043984,0.0050861516,0.0038851066,0.003500474,0.0033435622,0.0036736354,0.0057344559,0.0049814757,0.0048378517,0.0050446241,0.0046791467,0.005274478,0.0064907151,0.0053871175,0.0051673196,0.0079863339,0.005342637,0.0033460161,0.0062866637,0.005274245,0.006745405,0.0029824976,0.0030340174,0.0040364906,0.003921049,0.0039239149,0.0059151174,0.0039125014,0.0044536938,0.0050508328,0.0050568359,0.0034857918,0.0025752286,0.002976529
0.0055564986,0.0050830722,0.0036394611,0.00365515,0.0036451243,0.0037179649,0.0037932726,0.0060942373,0.0060942373,0.0066433776,0.0050209075,0.0066732155,0.0066433776,0.0054208731,0.0054208731,0.0051731283,0.0063892582,0.0063242144,0.0051174394,0.0053334943,0.0051785721,0.0062219401,0.0022781462,0.0022772378,0.0038793762,0.0086312005,0.0128401724,0.0090227043,0.0129734464,0.0098326536,0.0129811512,0.0072353835,0.0101851849,0.0051129839,0.0050525533,0.0049928106,0.005103953,0.0027135521,0.0033048135,0.0030900493,0.003088284,0.0036246595,0.003290416,0.0041854543,0.0042380286,0.0072148618,0.0082936983,0.0033036793,0.0032635332,0.0038164186,0.0039583109,0.0030669842,0.0022066219,0.0022352687,0.0033932184,0.0039815514,0.0037614806,0.0060863135,0.0047113061,0.0045849967,0.0046329304,0.004169171,0.004708262,0.0027595799,0.0027188333,0.0037533571,0.002823542,0.0031539404,0.0030353151,0.0030574675,0.0031907429,0.0037651802,0.0031213446,0.0030651179,0.0039331689,0.0034960339,0.0036911911,0.0036335335,0.0039161059,0.0040124521,0.0049182599,0.0051638672,0.0049269033,0.0036780932,0.0034236957,0.0033285887,0.0035349776,0.005355795,0.0047539377,0.0047101384,0.0050398934,0.0047200042,0.0050912378,0.0064860635,0.0052249667,0.0050789042,0.0078007976,0.0052015031,0.0031072063,0.0063048194,0.0050702871,0.0066332663,0.0030539372,0.0031000545,0.0038793762,0.0037589571,0.0037604741,0.0056767713,0.0037485918,0.0041751717,0.0049323686,0.0049450012,0.0034850446,0.0026151427,0.0029721837
0.0055075255,0.0049043339,0.003819392,0.0038536146,0.0038380278,0.0039099031,0.0038886389,0.0060968257,0.0060968257,0.0063844004,0.0049073667,0.0063816163,0.0063844004,0.0053753698,0.0053753698,0.0051079566,0.0062957757,0.0063717198,0.0050005778,0.0052403635,0.0051172667,0.0059825403,0.0023998729,0.0024131274,0.0037346748,0.0079335467,0.0122309863,0.0082874446,0.0123488255,0.0090174474,0.012364245,0.0069395304,0.0096434457,0.0051077873,0.0050297415,0.0049658842,0.0050912957,0.0026003592,0.003353417,0.0029842144,0.0029808318,0.0034561384,0.0033350127,0.0040477196,0.0040470977,0.007170488,0.0080628408,0.0034188408,0.0033835863,0.0037173227,0.0037973821,0.0030717099,0.0020337884,0.0020564311,0.0033263616,0.0038423727,0.0035952939,0.0062040568,0.0046363998,0.0044713804,0.0045797814,0.0041015054,0.0046383925,0.0026393877,0.0025828648,0.003758879,0.0029321403,0.0033017965,0.0031613681,0.0031056877,0.0032489536,0.0036832012,0.0032151047,0.0031901054,0.0037816675,0.0034880026,0.0036097748,0.003534137,0.0039018286,0.0039466009,0.0049282059,0.0053488618,0.004934224,0.0036104908,0.0033334943,0.0032742328,0.0036521866,0.005299795,0.0046255564,0.0047359672,0.0049054352,0.0045918321,0.0049679498,0.0060781238,0.005069253,0.0048813307,0.0074540484,0.0050366547,0.0032534339,0.0058790665,0.0049563988,0.006439728,0.0031121608,0.0031658944,0.0037346748,0.003648278,0.003649145,0.0055297995,0.0036393877,0.0040372099,0.0048446674,0.0048512517,0.0033643097,0.0024453866,0.0027422873
0.0052096248,0.0047768484,0.0040792345,0.0040909029,0.0040898089,0.0041679609,0.0041154335,0.0062161162,0.0062161162,0.0065889526,0.0049371273,0.0065601175,0.0065889526,0.0055415033,0.0055415033,0.0051769186,0.0065025425,0.006437155,0.0053590988,0.0055522905,0.0053814297,0.006187663,0.0024098085,0.0024235752,0.0036671316,0.0075024253,0.0118401594,0.0079523097,0.0119745837,0.0085860035,0.012021051,0.0065834219,0.0091098417,0.004905374,0.0048443028,0.0047837938,0.0048861986,0.0024124405,0.0032822075,0.0027575009,0.0027523505,0.0032883948,0.0030902429,0.0039506552,0.0040183753,0.0067124345,0.0074782068,0.0031560788,0.0031141208,0.0036068524,0.0037158906,0.0028354455,0.0019579404,0.0019728269,0.0030007634,0.0035597161,0.0035178363,0.0057868748,0.0043377177,0.0043046365,0.0043139365,0.0039319042,0.0043336656,0.0025158509,0.0024754766,0.0035947288,0.0029208075,0.00330568,0.0031374606,0.0028777125,0.0029980455,0.0037043141,0.0029677625,0.0030147535,0.0036053156,0.0032540059,0.0034720653,0.0033687705,0.0038331384,0.0037174575,0.0046660811,0.0051055467,0.0046723471,0.0035221333,0.0033056962,0.0031318094,0.0033920521,0.0049979031,0.0045802028,0.0046950542,0.0047537748,0.0046215401,0.0051130453,0.0062344394,0.0052390991,0.0050994158,0.0072878811,0.0052206283,0.0033513543,0.0060753262,0.0050875627,0.0064137262,0.0030170734,0.0030620835,0.0036671316,0.0036034226,0.0036078754,0.005085542,0.003594933,0.0039902403,0.0045684703,0.0045953495,0.0032222089,0.0022830283,0.0026179387
0.0048147804,0.0046671724,0.0042145925,0.004248903,0.0042323318,0.0043101821,0.0042572175,0.0062588236,0.0062588236,0.0068014646,0.0050107247,0.0068527326,0.0068014646,0.0056498635,0.0056498635,0.0052169073,0.0066805667,0.0064200517,0.0055182361,0.0057206639,0.0055354125,0.0064982403,0.0022524891,0.0022800752,0.0034472422,0.0076806019,0.0118562995,0.0080427443,0.0119956255,0.0088376717,0.0120007425,0.0061427179,0.0092713752,0.00452982,0.0044691783,0.0044267866,0.0045176936,0.0023076922,0.0030894137,0.0026295148,0.0026274391,0.0030109002,0.0029705214,0.0036061602,0.0035937693,0.0067761717,0.0078150457,0.0029330054,0.00288333,0.0033811109,0.0035204214,0.0026972429,0.0019404655,0.001948387,0.0028578502,0.0034218453,0.0031389356,0.0055777696,0.0040925297,0.0040529842,0.0040707196,0.0037161273,0.0040937106,0.0024125957,0.002374072,0.0033402165,0.0029303644,0.0033957052,0.0030787712,0.0026931523,0.0028706637,0.0034948944,0.002807313,0.0027846998,0.0032719321,0.0030417057,0.0031783349,0.00306673,0.0036249005,0.0035630057,0.0044530139,0.0049645781,0.0044663194,0.0033108613,0.0031064911,0.0029301245,0.0031541377,0.0046596835,0.0041942693,0.0042649141,0.0044454793,0.0040350662,0.0047578939,0.0061042064,0.0048686109,0.0047244957,0.0074119023,0.0048473977,0.0033530234,0.0059161811,0.0047433714,0.0062982502,0.0030176592,0.003064812,0.0034472422,0.0033351245,0.0033429755,0.0048012009,0.0033310943,0.0037922686,0.0043923677,0.0044169365,0.002959409,0.0021990161,0.002534746
0.0048569184,0.0043964149,0.0042447422,0.0042717241,0.0042564224,0.0043396346,0.0043173821,0.0059525844,0.0059525844,0.0066237747,0.0049887063,0.0067279792,0.0066237747,0.0053542625,0.0053542625,0.0050496094,0.0065816292,0.0061230639,0.0052477378,0.0054648799,0.0053019764,0.006348166,0.0023449693,0.0024048707,0.0034256344,0.0078105913,0.0122485701,0.0080728719,0.0124036535,0.0087872983,0.0123504917,0.0066331924,0.0093932806,0.0046303069,0.0045714066,0.0045134306,0.0046098205,0.0022521243,0.0031153127,0.0026532427,0.0026568542,0.0030913274,0.0028105764,0.0034622399,0.0034759878,0.0068567514,0.0079494937,0.0028931312,0.0028531104,0.0033302601,0.0035101323,0.0027779764,0.0018154351,0.0018368653,0.002710126,0.0032909083,0.0031087948,0.005612391,0.0043151629,0.0042340469,0.0042788184,0.0038842364,0.0043159351,0.0022606625,0.0022328833,0.0032631681,0.0029321766,0.0034270698,0.0029899608,0.0026397389,0.002873566,0.0032705453,0.0028166889,0.0027396774,0.0032516257,0.0031296056,0.0031324108,0.0031094247,0.0035808292,0.0034911125,0.0044204306,0.0048947302,0.0044318194,0.0032292372,0.0029942476,0.0028587889,0.0031535708,0.0048475576,0.0043639486,0.0041728083,0.004210442,0.004045766,0.004909376,0.0062221747,0.0050321118,0.0049031233,0.0073911656,0.0050150656,0.0034386125,0.0060388535,0.0048905753,0.0064279014,0.0031514325,0.0031905516,0.0034256344,0.003285159,0.0032951406,0.0050228396,0.003286576,0.0038068108,0.004302167,0.0043198115,0.0028511472,0.0022215552,0.002576384
0.0052073318,0.0046252311,0.0042198042,0.0042511076,0.0042330764,0.0043104806,0.0042545479,0.005986909,0.005986909,0.0064361587,0.0049625931,0.0065144691,0.0064361587,0.0053791347,0.0053791347,0.0049156906,0.0063482108,0.0061622611,0.0052661396,0.0054597465,0.0052956031,0.0061450319,0.0023671698,0.0023079816,0.003410521,0.0075625085,0.0123512655,0.0080231696,0.0124798825,0.0087529675,0.0124922651,0.0066915679,0.0092869335,0.0047567891,0.0047167151,0.0046644519,0.0047507922,0.0021620995,0.0031422875,0.0024668415,0.0024665436,0.0028524012,0.0026736568,0.0034108804,0.0034488269,0.0072046839,0.0082280265,0.0028590898,0.0028322325,0.0033246266,0.003483346,0.0026288158,0.0017078168,0.001733771,0.0026612599,0.0032995845,0.0030374311,0.0058863571,0.0041568547,0.0041437957,0.0041229773,0.003776171,0.0041543151,0.0021556384,0.0021127335,0.0032270665,0.0029274986,0.0032913399,0.0030917038,0.0026107502,0.0028531856,0.0031883385,0.0028357064,0.0027651026,0.0031456036,0.0029540592,0.0029765839,0.0029449724,0.0034543616,0.0034578293,0.0044332681,0.0049477222,0.0044481663,0.003196371,0.0029205571,0.0028693332,0.0030853561,0.0048367203,0.004426271,0.0042782793,0.0044898908,0.0041558807,0.0051484616,0.0069011977,0.0053198481,0.0051498634,0.0081161193,0.0052824544,0.0034509509,0.0066946422,0.0051330099,0.0071562262,0.0030238319,0.0030415774,0.003410521,0.0032927085,0.0032951596,0.004940895,0.0032909717,0.0037452884,0.0042039083,0.0042332774,0.0029828604,0.0021300019,0.0024358936
0.0054203307,0.0051490082,0.0041101115,0.0041343993,0.0041167358,0.0041961236,0.0043741872,0.0058416222,0.0058416222,0.0063015906,0.0048341854,0.0064442951,0.0063015906,0.0052748233,0.0052748233,0.0049140781,0.0065563552,0.0059937896,0.0051492649,0.0053266781,0.0051511885,0.0060095448,0.002335784,0.0022990823,0.0033246714,0.007897479,0.0121647738,0.0084241856,0.0122662571,0.0090868148,0.0122674009,0.0069341064,0.0093793224,0.0048513589,0.0047928661,0.0047459304,0.0048538502,0.0022317721,0.0033318365,0.0025472571,0.0025470262,0.0030746922,0.0027910866,0.0036547981,0.0037501543,0.0080242651,0.0089033484,0.002841997,0.002809978,0.0032444505,0.0034002137,0.0026180908,0.0017879568,0.0018025623,0.0027970984,0.0035290974,0.0031900141,0.0066549679,0.0042155929,0.0041170047,0.0041811644,0.0037848477,0.0042223505,0.0023232161,0.002287338,0.0032454901,0.0029097465,0.0032359663,0.0032111969,0.0025649505,0.0028060106,0.0031667717,0.0028284182,0.0027619127,0.0034037408,0.0029689252,0.0031856363,0.0031800786,0.0035334057,0.0036258509,0.004360307,0.0048928524,0.0043783316,0.0031899293,0.002990045,0.0028407241,0.0030854793,0.0047555571,0.0044472568,0.0043525165,0.0049988512,0.0043889248,0.0052089554,0.0071954404,0.0053607071,0.0051059148,0.0086617078,0.0052955085,0.0032864398,0.0069302988,0.0052118905,0.0074922658,0.0030730983,0.0031028892,0.0033246714,0.0032000175,0.0032099939,0.0048129811,0.0031992582,0.0037086075,0.0042752799,0.0042940118,0.0030787653,0.0021180582,0.0024344891
0.0057794012,0.0051616134,0.0040595031,0.0040779622,0.0040671462,0.0041444753,0.0042054017,0.0057175434,0.0057175434,0.0062710993,0.0048691667,0.0063346642,0.0062710993,0.0051407691,0.0051407691,0.0048108563,0.0063080399,0.0058831667,0.0050320177,0.005224959,0.0050689069,0.0059356184,0.0022503635,0.0022163604,0.0034752221,0.0085894345,0.012620829,0.0090350884,0.0127386675,0.0096163668,0.0126601179,0.0075741182,0.0100509512,0.0052544922,0.0051390773,0.0050475179,0.0052399887,0.0024181182,0.0030778997,0.0026808148,0.0026771023,0.0031389557,0.0028355443,0.0037575613,0.0037265693,0.0080285714,0.0091515134,0.0030010398,0.002972629,0.0034133366,0.0035457314,0.0027911675,0.0019048568,0.0019203568,0.0029636616,0.0038428165,0.0034600002,0.0067337707,0.0045702752,0.0045301224,0.0044930634,0.0040682745,0.0045667526,0.0024156036,0.0023861599,0.00340513,0.0028017278,0.0032691514,0.0029895726,0.0027862901,0.0030082134,0.0031929043,0.0029748495,0.0029050137,0.0034287248,0.0030835655,0.003255472,0.0032207391,0.0036249995,0.0037404616,0.0042712063,0.0046650302,0.0042787767,0.0033250498,0.00305112,0.0029470411,0.0032160273,0.0053526318,0.0047565693,0.0046725592,0.0050514734,0.0044608012,0.0051528974,0.0064788412,0.0052868033,0.0050863224,0.0079208047,0.0052449943,0.0029723033,0.0062716533,0.0051402856,0.0067271224,0.0030565163,0.0030967708,0.0034752221,0.003367054,0.0033686047,0.0051774057,0.003359688,0.0038990231,0.0042082774,0.0042276781,0.0031055434,0.0023386488,0.0025751373
0.0057456526,0.0049699311,0.0039180394,0.0039236169,0.0039191707,0.0039970401,0.0039789477,0.0054698552,0.0054698552,0.0059807382,0.0045452604,0.0060500278,0.0059807382,0.0048413445,0.0048413445,0.0045094472,0.0059179566,0.0056898427,0.0045422729,0.0047608906,0.0046498934,0.0056170733,0.0022149925,0.0022470606,0.0037611181,0.009150842,0.0132064292,0.0095379132,0.0133107851,0.0101361549,0.0132988729,0.008052524,0.0106643299,0.0055131622,0.0054402222,0.0053699819,0.0054947226,0.0023133304,0.0029026707,0.0027828297,0.0027753123,0.0033259181,0.0028429686,0.0039571101,0.0039191701,0.0076617838,0.0091682554,0.0030969056,0.0030717323,0.0036450316,0.0038355594,0.0029220073,0.001776271,0.0017981793,0.0028597446,0.0035696425,0.0033679825,0.0064294991,0.0049803951,0.0050080486,0.0049467354,0.004649291,0.0049809354,0.0023733273,0.0023200328,0.0035715014,0.0028026023,0.0030239333,0.0026971288,0.0029699007,0.0030671722,0.0033558398,0.0030257153,0.0029796056,0.0035917736,0.0032585441,0.0034563753,0.0033590462,0.00354562,0.0036388543,0.0042783569,0.0046633437,0.0042908472,0.0034409979,0.0033232889,0.0031698326,0.0033463313,0.0056887719,0.005152983,0.0049627628,0.0049962234,0.0045550273,0.0049275606,0.0064960773,0.0050678179,0.0048928297,0.0077575401,0.0050324571,0.0030224898,0.0062558682,0.0049202453,0.0067272248,0.0027873179,0.0028278703,0.0037611181,0.0036419608,0.0036420063,0.0054553153,0.0036298049,0.0041765892,0.0041371726,0.0041592993,0.002955251,0.0022734391,0.0025522696
0.0052873672,0.0041957641,0.0036214948,0.0035992764,0.0036132879,0.0036913479,0.0036279951,0.005501941,0.005501941,0.0058652465,0.0045618608,0.0058473528,0.0058652465,0.0048780622,0.0048780622,0.0045477354,0.0055872552,0.005720801,0.0045761587,0.0047959948,0.0046857778,0.0054435427,0.0021456743,0.0021835149,0.0038196806,0.0089388136,0.0129750778,0.009219624,0.0130913034,0.0099821521,0.0130740722,0.0077576542,0.0106210653,0.005155867,0.0050315521,0.0049732396,0.0051319191,0.0020486453,0.002960299,0.0024719936,0.0024623234,0.0029856382,0.0025118408,0.0035364212,0.0035159128,0.0064657272,0.0073854741,0.0032455451,0.0031989976,0.0037158309,0.003877824,0.0026018062,0.0015792068,0.0015847991,0.0024780561,0.0028789915,0.0029605144,0.0055962533,0.0051438011,0.0048816243,0.0050810677,0.0046109625,0.0051477851,0.0021368967,0.0020927089,0.0036408986,0.0026991913,0.0029261785,0.0027371566,0.0028270681,0.0028369493,0.0035047236,0.0029001243,0.0028652097,0.0032418212,0.002956776,0.0031133983,0.0030188253,0.0029319877,0.0029968443,0.0042374458,0.0047162167,0.0042576333,0.0036114663,0.0030131757,0.0030121319,0.003518883,0.0057255007,0.0047285274,0.0045707389,0.0042883033,0.0040909835,0.0039407783,0.004964245,0.0040377977,0.0039039533,0.0060635557,0.0040132415,0.0028518276,0.0047990957,0.0039428759,0.0050563422,0.0027778344,0.0028092035,0.0038196806,0.0037207563,0.0037359063,0.0056411594,0.0037239934,0.0044066101,0.0041644733,0.004177533,0.0029222295,0.0019505457,0.0022551436
0.0041740637,0.0033665092,0.0036554055,0.0036434941,0.0036487618,0.0037270476,0.0037323403,0.0054292582,0.0054292582,0.0058909491,0.0043919283,0.0057521054,0.0058909491,0.0047826224,0.0047826224,0.00454517,0.0055708172,0.0056749727,0.0044471609,0.0046708346,0.0045677915,0.0053987731,0.0023514608,0.0023218948,0.0033027076,0.0072986302,0.011920875,0.0075941344,0.0120415663,0.0086515309,0.012076608,0.0058143177,0.0092731754,0.0042269837,0.0041709819,0.004121541,0.004205124,0.0020051262,0.0030689247,0.0022178894,0.0022174752,0.0026280538,0.0024746936,0.0029373021,0.0030037149,0.0053664623,0.0061730179,0.0028252448,0.0027780677,0.0032695094,0.0033657969,0.0023760892,0.0015161408,0.0015211165,0.0022758356,0.0024677748,0.0025166793,0.0043974523,0.0040317194,0.0038497639,0.003986417,0.0035785708,0.004035726,0.0020823682,0.0020589498,0.0033357458,0.0028147448,0.0030961839,0.0029566477,0.0025347476,0.0026043649,0.0035790444,0.0026979569,0.0026820149,0.0028273927,0.0026206274,0.0027460142,0.0027226896,0.002781105,0.0027300214,0.0045005575,0.0049118637,0.0045152453,0.0032945101,0.0025985642,0.0027241163,0.0031126361,0.0044939073,0.0039158767,0.0037398076,0.0034187186,0.0034145252,0.0033726203,0.0043684981,0.0034402474,0.0033614193,0.0057407675,0.0034352957,0.0028781453,0.0042024158,0.0033678995,0.0046810009,0.0029974295,0.0030329476,0.0033027076,0.0032088122,0.0032155302,0.0046348101,0.0032045719,0.0036570986,0.0043264151,0.0043431693,0.00296653,0.0018715356,0.0020883141
0.0042998911,0.0037559165,0.0037234861,0.0037479108,0.0037376378,0.0038022177,0.0038357125,0.0059579059,0.0059579059,0.0063264455,0.0044618448,0.0062246712,0.0063264455,0.0052998122,0.0052998122,0.0049041372,0.006100317,0.0061860785,0.005143358,0.0053766476,0.0052271677,0.0058968944,0.0024015139,0.0023849451,0.0027952191,0.0071083899,0.0112190761,0.0074802351,0.01133775,0.0082788552,0.0113606496,0.0056929528,0.0088442958,0.0039521847,0.0039011181,0.0038503378,0.0039441899,0.002225087,0.0031753479,0.0021900092,0.0021902977,0.0024707691,0.0029835273,0.0028369056,0.0029648618,0.0062850793,0.0073047905,0.0023397774,0.0023252219,0.002719333,0.0028627264,0.0022491569,0.0016166866,0.0016108196,0.0026852085,0.003035787,0.0027124471,0.0049286016,0.0034972375,0.0035188264,0.0034630153,0.0032081337,0.0034891323,0.002462004,0.0024093766,0.0026907056,0.0030682656,0.003247724,0.0031172278,0.0023268274,0.0023435271,0.0032872837,0.0024250226,0.0024129639,0.0026363135,0.0023612233,0.0024227642,0.0024433302,0.0035220582,0.0034042047,0.0048431337,0.0052725688,0.0048535705,0.0026632806,0.0022965594,0.0023276469,0.0025658563,0.0040030635,0.0036899302,0.0036838097,0.0037147186,0.0034692877,0.0042759356,0.0051434738,0.0043649585,0.0042576655,0.006545112,0.0043565134,0.0031886276,0.0050060918,0.0042615495,0.0053700165,0.0030761913,0.0031133795,0.0027952191,0.0026886017,0.0026935792,0.0040869389,0.0026838056,0.003070067,0.0046127163,0.004618542,0.0031184486,0.0018847321,0.0021160273
0.0053751564,0.0048081474,0.0039141552,0.0039631587,0.0039338326,0.0040038695,0.0040064865,0.0062901733,0.0062901733,0.0067830424,0.0047053969,0.0067118226,0.0067830424,0.0056767573,0.0056767573,0.0051140851,0.0064675146,0.0064615323,0.0056152083,0.0058347875,0.005654558,0.0064220653,0.0025409219,0.0025250462,0.0029138964,0.0076983929,0.0118349221,0.0081741988,0.0119518686,0.0088105026,0.0119746401,0.0067528099,0.009416762,0.0046984248,0.0046337286,0.0045910005,0.0047008752,0.0025734009,0.0032610069,0.0025937731,0.002587413,0.0031863047,0.0030671408,0.003574978,0.0037414029,0.0076717793,0.0089177804,0.0022135846,0.0022017609,0.0027953526,0.0029800814,0.0025543828,0.0018593259,0.0018650648,0.0031001137,0.0037318887,0.0033953439,0.0062549314,0.0037141019,0.0036980099,0.0036909172,0.0034118405,0.0037204477,0.002685038,0.0026562519,0.0026651293,0.0031053184,0.0034555694,0.0031078951,0.0022002113,0.002548037,0.0026462774,0.0025186613,0.0023674189,0.0032855394,0.0027956023,0.0030492262,0.0030636762,0.0038652627,0.0038810623,0.0047518118,0.0052724694,0.004761434,0.0026855269,0.0026739248,0.0024713252,0.0024007682,0.0044215241,0.0041695321,0.0042912061,0.0048199325,0.004389521,0.0049196248,0.0060621637,0.0050276717,0.0048656752,0.0075593012,0.0049999703,0.0034023689,0.005889653,0.0049041075,0.0062675936,0.0031709365,0.0032045,0.0029138964,0.002801397,0.0028120172,0.0044319596,0.0028001734,0.0032595995,0.0045667531,0.0045849625,0.0031066139,0.002199503,0.0024510259
0.0058359734,0.0047240662,0.0042563905,0.0042971252,0.0042771571,0.0043533561,0.0043340693,0.0061670719,0.0061670719,0.0068579615,0.0050813552,0.0069168813,0.0068579615,0.0056130872,0.0056130872,0.0052599622,0.0067582326,0.0062887028,0.005550466,0.0057331229,0.0055292,0.0065548809,0.002424754,0.0023640474,0.0037068842,0.0085162922,0.0121384582,0.0088369315,0.0122432346,0.009632896,0.0122250401,0.0075711272,0.0101456898,0.0054080516,0.0053462571,0.0052691616,0.0053947314,0.0026935804,0.0032166161,0.0027631134,0.0027548769,0.0034361189,0.0032229929,0.0040408766,0.004061737,0.0076078505,0.0085659939,0.0028582679,0.0028171995,0.0036448467,0.0037686974,0.0028089911,0.0019220345,0.0019410755,0.003168671,0.0036677821,0.0033988786,0.0063855658,0.0045029891,0.0045739679,0.0044718557,0.004206563,0.0045095516,0.0027151675,0.0026793804,0.0034458314,0.0031469901,0.0035664649,0.003186084,0.0025795634,0.0028914314,0.0025880241,0.0029063175,0.0028013741,0.0037421825,0.0032546418,0.0036157651,0.0035013349,0.0041210675,0.0039664057,0.0044379403,0.0050092465,0.0044522094,0.0034640439,0.0033553675,0.0031174564,0.0031436325,0.0052636036,0.0048990082,0.0050280373,0.0047013394,0.0046180884,0.0050542016,0.0062648783,0.0051792179,0.0050425307,0.0075345169,0.0051609394,0.0038011297,0.0060735457,0.0050305533,0.0064880425,0.0031608693,0.0031912807,0.0037068842,0.0036139033,0.0036158894,0.0053931877,0.0036001293,0.0040224227,0.0043907785,0.004425474,0.0029337608,0.0023662658,0.0026439714
0.0053567864,0.0050646073,0.0042798163,0.0043023198,0.0042919483,0.0043707955,0.0043052295,0.0061837953,0.0061837953,0.0067203877,0.0051255363,0.0067867474,0.0067203877,0.0055960738,0.0055960738,0.0051749967,0.0065093953,0.0063387009,0.0056764141,0.0058876932,0.0056917182,0.0064177568,0.0023531368,0.0022511844,0.0037914453,0.0085896502,0.0124619978,0.0088456123,0.0125753436,0.0096025741,0.0125225852,0.0071146953,0.0101153905,0.0051649592,0.0051284648,0.0050526988,0.005147663,0.0022111083,0.0032127319,0.0026174597,0.0026122392,0.0032195307,0.0031863438,0.0037944113,0.0038894092,0.0068486323,0.0075690983,0.0031049905,0.0030605533,0.0037751634,0.0038707044,0.0027166887,0.0016361316,0.0016471201,0.0029581441,0.0036554424,0.0033789594,0.0059005337,0.0047808561,0.0047208727,0.004727612,0.0042765182,0.004796913,0.0022427052,0.0021754118,0.0036518995,0.0032779434,0.0037243137,0.0033173016,0.0028421689,0.0028591384,0.003385313,0.002938471,0.0029800613,0.0034537595,0.0031475328,0.0033519054,0.0032840345,0.0042232184,0.0041044521,0.0045869915,0.0052904644,0.0046057759,0.00361292,0.0033413085,0.0031924721,0.0033264616,0.0053761582,0.0049224346,0.0047188693,0.0048567229,0.0044848639,0.0053309743,0.0061722375,0.0054358354,0.0052985385,0.0071268271,0.0054229934,0.003683109,0.006015841,0.0053105257,0.0062843667,0.0032431351,0.0032828951,0.0037914453,0.0036757148,0.0036852293,0.0055083814,0.0036674415,0.0042145207,0.0046508075,0.0046464724,0.00304837,0.002123133,0.0024765531
0.0052175922,0.0050717797,0.0041894368,0.0042013712,0.0041942399,0.0042745521,0.0042771056,0.0065762952,0.0065762952,0.0067547021,0.0053038372,0.0067383042,0.0067547021,0.0059944563,0.0059944563,0.0055056837,0.0065218812,0.0067087833,0.0060410146,0.0062148385,0.0059927316,0.0064670323,0.0024457878,0.0024523493,0.0032072274,0.0077112736,0.0118774847,0.008021775,0.0119906125,0.0088117757,0.0119542826,0.0064991667,0.0094688045,0.0048571507,0.0048211847,0.0047603458,0.0048457097,0.0024058186,0.0034000274,0.0025889731,0.0025859509,0.0031349566,0.0032757113,0.0036996618,0.0037859365,0.0070874137,0.0078110294,0.0027151622,0.0026851139,0.0032380389,0.0032680208,0.0025720743,0.001787645,0.0018018911,0.0030874245,0.0037826092,0.0034580175,0.0060004037,0.0043428934,0.0042487795,0.0043253257,0.003979251,0.0043462469,0.0024601967,0.0024168512,0.0030655243,0.0032666306,0.0037702146,0.0034464621,0.0024911549,0.0025068045,0.0035612887,0.0024880958,0.0024410795,0.003312483,0.0028278354,0.0031621233,0.0031210142,0.0040357415,0.0039623349,0.0048726431,0.0055209042,0.0048904701,0.0030039368,0.0030704559,0.0027312417,0.0029351181,0.0048030795,0.0045845212,0.0044299788,0.0048179339,0.0045031134,0.0050857894,0.0064373783,0.0052160797,0.0050941519,0.0077538707,0.0052037127,0.0035491422,0.0062298547,0.0050678162,0.0067960311,0.0034177257,0.0034669149,0.0032072274,0.0031318403,0.0031433781,0.0046966868,0.0031204965,0.0037381215,0.0048190674,0.0048013365,0.0032037615,0.0022241957,0.0025480925
0.0058243491,0.0049566943,0.0041881139,0.0042167021,0.0042002549,0.0042764271,0.0043364729,0.0067878523,0.0067878523,0.0070370321,0.0055885703,0.0071021981,0.0070370321,0.0062559179,0.0062559179,0.0058687752,0.0069687477,0.0068564398,0.0062643665,0.0064527269,0.0062154144,0.0067611266,0.0025653431,0.0026414684,0.0034007189,0.0084036026,0.0124401217,0.0087883123,0.0125644206,0.0095118752,0.0126146057,0.0073671957,0.0097439411,0.0052636491,0.0052421811,0.0051614304,0.0052481491,0.0022757016,0.0035223788,0.0025899252,0.0025930807,0.003278587,0.0029370165,0.0040249936,0.0040614731,0.0075087912,0.0083801002,0.0023873884,0.0023561693,0.003306905,0.0034547109,0.0026900141,0.0017651151,0.0017863057,0.0026868825,0.0033490724,0.0030781575,0.0066284696,0.0046865162,0.0046322731,0.0046431283,0.0043260443,0.0046770564,0.002316712,0.0022702255,0.002917395,0.0032196889,0.0037548307,0.0034133912,0.0022844137,0.002653845,0.0030211726,0.0026049345,0.0024190946,0.0036512398,0.0030614259,0.0034342988,0.0033780696,0.003706946,0.0035175727,0.0048180151,0.0054612797,0.0048281217,0.0030092599,0.0032072148,0.0028359342,0.0025940304,0.0054143279,0.0050515425,0.0048147415,0.0049562346,0.0047477509,0.0048615154,0.0060769741,0.0049895061,0.0048166568,0.0074533446,0.0049576234,0.0035089762,0.0058767446,0.0048526908,0.0064015832,0.0033400253,0.0033906906,0.0034007189,0.0033189533,0.0033208932,0.0050732887,0.0033038061,0.0038559096,0.0047742658,0.0047806297,0.0032501845,0.0021369672,0.002480079
0.0056475033,0.0040238457,0.0042554441,0.0042838181,0.0042692458,0.0043465826,0.0043967396,0.0064591377,0.0064591377,0.0069364963,0.005549388,0.0069890762,0.0069364963,0.0058718068,0.0058718068,0.0056858828,0.0067584057,0.0065969696,0.0056943234,0.0058967012,0.0057013658,0.0065933193,0.0024969292,0.0025141156,0.0036267217,0.0087795099,0.0129235453,0.0091748943,0.013025105,0.010005762,0.0129994807,0.0077049874,0.0103702963,0.0055886891,0.0055346203,0.0054355429,0.0055594738,0.0022028054,0.0034207913,0.0024849523,0.002493628,0.0029661616,0.0029312727,0.0035961408,0.0035507828,0.0070646915,0.0082759912,0.0026020345,0.0025723995,0.00344598,0.0036801564,0.0025415269,0.0016641825,0.0016895245,0.0027350418,0.0031323484,0.0029397905,0.005767197,0.004879154,0.0049330019,0.0048401311,0.0043988714,0.0048796939,0.0023416116,0.0022754589,0.0031425686,0.0031471663,0.0036266425,0.0033527127,0.0024461606,0.0026016863,0.0028311703,0.0026480363,0.0025712679,0.0032924113,0.0029025943,0.0032007526,0.0031049335,0.003547678,0.003358837,0.0047684672,0.005240612,0.0047705273,0.0032122884,0.0031271262,0.0028647266,0.0027881516,0.0057914026,0.0053350054,0.0047123554,0.0041249866,0.0043209141,0.0045554269,0.0058056856,0.0046553269,0.0045665005,0.0069867144,0.0046523179,0.003280446,0.005612704,0.0045366144,0.0061810113,0.0033423007,0.003387366,0.0036267217,0.0035329519,0.0035437543,0.0053978484,0.0035279286,0.0041611186,0.0047065787,0.0047291477,0.0032685481,0.0021121196,0.0024427471
